ISO-10303-21;
HEADER;
FILE_DESCRIPTION(('ViewDefinition [CoordinationView]'),'2;1');
FILE_NAME('','2026-01-14T11:57:05',(''),(''),'IfcOpenShell 0.8.4-e8eb5e4','IfcOpenShell 0.8.4-e8eb5e4','');
FILE_SCHEMA(('IFC4'));
ENDSEC;
DATA;
#1=IFCPROJECT('07oKD_HwTEVuUvClqEO2qA',$,'ifcPlot - Catlin House',$,$,$,$,(#10),#5);
#2=IFCSIUNIT(*,.LENGTHUNIT.,.MILLI.,.METRE.);
#3=IFCSIUNIT(*,.AREAUNIT.,$,.SQUARE_METRE.);
#4=IFCSIUNIT(*,.VOLUMEUNIT.,$,.CUBIC_METRE.);
#5=IFCUNITASSIGNMENT((#4,#2,#3));
#6=IFCCARTESIANPOINT((0.,0.,0.));
#7=IFCDIRECTION((0.,0.,1.));
#8=IFCDIRECTION((1.,0.,0.));
#9=IFCAXIS2PLACEMENT3D(#6,#7,#8);
#10=IFCGEOMETRICREPRESENTATIONCONTEXT($,'Model',3,1.E-05,#9,$);
#11=IFCGEOMETRICREPRESENTATIONSUBCONTEXT('Body','Model',*,*,*,*,#10,$,.MODEL_VIEW.,$);
#12=IFCSITE('1sIllHlez05gc8hABJ5Fm1',$,'Site',$,$,#18,$,$,$,$,$,$,$,$);
#13=IFCRELAGGREGATES('18kM8v4fb4ARoZaCRSbqGa',$,$,$,#1,(#12));
#14=IFCCARTESIANPOINT((0.,0.,0.));
#15=IFCDIRECTION((0.,0.,1.));
#16=IFCDIRECTION((1.,0.,0.));
#17=IFCAXIS2PLACEMENT3D(#14,#15,#16);
#18=IFCLOCALPLACEMENT($,#17);
#19=IFCGROUP('1$Np7v7Yr7nv9kipxmZezl',$,'Concrete',$,$);
#20=IFCGROUP('2NsMvbxjL8sOvvv9Yog0da',$,'Framing',$,$);
#21=IFCGROUP('2cBk9krTv7RPL8kQdBk6qu',$,'HVAC',$,$);
#22=IFCGROUP('1_u9ISP5j33wLXSr4cutlL',$,'Plumbing',$,$);
#23=IFCGROUP('2GSTXblpT0lgM62N3rmJQu',$,'Drywall',$,$);
#24=IFCGROUP('1r$jGYPRL40gjtsEWfcjvt',$,'Cladding',$,$);
#25=IFCGROUP('0Feq$ND3T5yQIWBHSZdlC7',$,'Furnishings',$,$);
#26=IFCSURFACESTYLE('Concrete',.BOTH.,(#29));
#29=IFCSURFACESTYLERENDERING(#30,0.,#31,$,$,$,$,$,$);
#30=IFCCOLOURRGB($,0.749019607843137,0.749019607843137,0.749019607843137);
#31=IFCCOLOURRGB($,0.749019607843137,0.749019607843137,0.749019607843137);
#32=IFCSURFACESTYLE('Aggregate',.BOTH.,(#35));
#35=IFCSURFACESTYLERENDERING(#36,0.,#37,$,$,$,$,$,$);
#36=IFCCOLOURRGB($,0.498039215686275,0.498039215686275,0.498039215686275);
#37=IFCCOLOURRGB($,0.498039215686275,0.498039215686275,0.498039215686275);
#38=IFCSURFACESTYLE('Drywall',.BOTH.,(#41));
#41=IFCSURFACESTYLERENDERING(#42,0.,#43,$,$,$,$,$,$);
#42=IFCCOLOURRGB($,0.901960784313726,0.901960784313726,0.901960784313726);
#43=IFCCOLOURRGB($,0.901960784313726,0.901960784313726,0.901960784313726);
#44=IFCSURFACESTYLE('Sheathing/OSB',.BOTH.,(#47));
#47=IFCSURFACESTYLERENDERING(#48,0.,#49,$,$,$,$,$,$);
#48=IFCCOLOURRGB($,0.850980392156863,0.784313725490196,0.627450980392157);
#49=IFCCOLOURRGB($,0.850980392156863,0.784313725490196,0.627450980392157);
#50=IFCSURFACESTYLE('Polyiso',.BOTH.,(#53));
#53=IFCSURFACESTYLERENDERING(#54,0.,#55,$,$,$,$,$,$);
#54=IFCCOLOURRGB($,0.956862745098039,0.901960784313726,0.694117647058824);
#55=IFCCOLOURRGB($,0.956862745098039,0.901960784313726,0.694117647058824);
#56=IFCSURFACESTYLE('EPS',.BOTH.,(#59));
#59=IFCSURFACESTYLERENDERING(#60,0.,#61,$,$,$,$,$,$);
#60=IFCCOLOURRGB($,0.784313725490196,0.87843137254902,0.972549019607843);
#61=IFCCOLOURRGB($,0.784313725490196,0.87843137254902,0.972549019607843);
#62=IFCSURFACESTYLE('XPS',.BOTH.,(#65));
#65=IFCSURFACESTYLERENDERING(#66,0.,#67,$,$,$,$,$,$);
#66=IFCCOLOURRGB($,0.654901960784314,0.843137254901961,0.772549019607843);
#67=IFCCOLOURRGB($,0.654901960784314,0.843137254901961,0.772549019607843);
#68=IFCSURFACESTYLE('Membrane',.BOTH.,(#71));
#71=IFCSURFACESTYLERENDERING(#72,0.,#73,$,$,$,$,$,$);
#72=IFCCOLOURRGB($,0.117647058823529,0.227450980392157,0.372549019607843);
#73=IFCCOLOURRGB($,0.117647058823529,0.227450980392157,0.372549019607843);
#74=IFCSURFACESTYLE('Framing Wood',.BOTH.,(#77));
#77=IFCSURFACESTYLERENDERING(#78,0.,#79,$,$,$,$,$,$);
#78=IFCCOLOURRGB($,0.784313725490196,0.635294117647059,0.415686274509804);
#79=IFCCOLOURRGB($,0.784313725490196,0.635294117647059,0.415686274509804);
#80=IFCSURFACESTYLE('Metal (Dark)',.BOTH.,(#83));
#83=IFCSURFACESTYLERENDERING(#84,0.,#85,$,$,$,$,$,$);
#84=IFCCOLOURRGB($,0.184313725490196,0.184313725490196,0.184313725490196);
#85=IFCCOLOURRGB($,0.184313725490196,0.184313725490196,0.184313725490196);
#86=IFCSURFACESTYLE('Scale Figure',.BOTH.,(#89));
#89=IFCSURFACESTYLERENDERING(#90,0.65,#91,$,$,$,$,$,$);
#90=IFCCOLOURRGB($,0.2,0.5,0.9);
#91=IFCCOLOURRGB($,0.2,0.5,0.9);
#92=IFCSURFACESTYLE('Standing Seam Metal',.BOTH.,(#94,#97));
#93=IFCIMAGETEXTURE(.T.,.T.,$,$,$,'textures/standing_seam_texture.png');
#94=IFCSURFACESTYLEWITHTEXTURES((#93));
#97=IFCSURFACESTYLERENDERING(#98,0.,#99,$,$,$,$,$,$);
#98=IFCCOLOURRGB($,0.184313725490196,0.184313725490196,0.184313725490196);
#99=IFCCOLOURRGB($,0.184313725490196,0.184313725490196,0.184313725490196);
#100=IFCSURFACESTYLE('Garage Door',.BOTH.,(#103));
#103=IFCSURFACESTYLERENDERING(#104,0.,#105,$,$,$,$,$,$);
#104=IFCCOLOURRGB($,0.9,0.9,0.9);
#105=IFCCOLOURRGB($,0.9,0.9,0.9);
#106=IFCSURFACESTYLE('Opening Fill',.BOTH.,(#109));
#109=IFCSURFACESTYLERENDERING(#110,0.,#111,$,$,$,$,$,$);
#110=IFCCOLOURRGB($,0.6,0.6,0.6);
#111=IFCCOLOURRGB($,0.6,0.6,0.6);
#112=IFCBUILDING('1jd8F6P4r5WfUL7ipb8UnO',$,'House',$,$,#118,$,$,$,$,$,$);
#113=IFCRELAGGREGATES('3njqfKqcTF39V$gd0VeKzB',$,$,$,#12,(#119,#131,#125,#112));
#114=IFCCARTESIANPOINT((0.,0.,0.));
#115=IFCDIRECTION((0.,0.,1.));
#116=IFCDIRECTION((1.,0.,0.));
#117=IFCAXIS2PLACEMENT3D(#114,#115,#116);
#118=IFCLOCALPLACEMENT(#18,#117);
#119=IFCBUILDING('3S8YkgWe18$uk_o_118_ip',$,'Garage',$,$,#124,$,$,$,$,$,$);
#120=IFCCARTESIANPOINT((0.,14630.4,0.));
#121=IFCDIRECTION((0.,0.,1.));
#122=IFCDIRECTION((1.,0.,0.));
#123=IFCAXIS2PLACEMENT3D(#120,#121,#122);
#124=IFCLOCALPLACEMENT(#18,#123);
#125=IFCBUILDING('3IaDmeQMn0jBrZ3uGnTbrh',$,'Porch + Sunken Garden',$,$,#130,$,$,$,$,$,$);
#126=IFCCARTESIANPOINT((0.,0.,0.));
#127=IFCDIRECTION((0.,0.,1.));
#128=IFCDIRECTION((1.,0.,0.));
#129=IFCAXIS2PLACEMENT3D(#126,#127,#128);
#130=IFCLOCALPLACEMENT(#18,#129);
#131=IFCBUILDING('3pVxHwKNfCmPIkmMJzutzR',$,'Breezeway (placeholder)',$,$,#136,$,$,$,$,$,$);
#132=IFCCARTESIANPOINT((10972.8,1828.8,0.));
#133=IFCDIRECTION((0.,0.,1.));
#134=IFCDIRECTION((1.,0.,0.));
#135=IFCAXIS2PLACEMENT3D(#132,#133,#134);
#136=IFCLOCALPLACEMENT(#18,#135);
#137=IFCBUILDINGSTOREY('0yRUUuc994jA6gcykYukn5',$,'Basement',$,$,#143,$,$,$,-2.7432);
#138=IFCRELAGGREGATES('3Ov1j2xDz51QxHXWnX0X9E',$,$,$,#112,(#156,#137,#144,#150));
#139=IFCCARTESIANPOINT((0.,0.,-2743.2));
#140=IFCDIRECTION((0.,0.,1.));
#141=IFCDIRECTION((1.,0.,0.));
#142=IFCAXIS2PLACEMENT3D(#139,#140,#141);
#143=IFCLOCALPLACEMENT(#118,#142);
#144=IFCBUILDINGSTOREY('3p0uF4Vtv6bOz_vQZSPUl3',$,'Main Floor',$,$,#149,$,$,$,0.);
#145=IFCCARTESIANPOINT((0.,0.,0.));
#146=IFCDIRECTION((0.,0.,1.));
#147=IFCDIRECTION((1.,0.,0.));
#148=IFCAXIS2PLACEMENT3D(#145,#146,#147);
#149=IFCLOCALPLACEMENT(#118,#148);
#150=IFCBUILDINGSTOREY('2thLlNviv4pBZQsSMhHEiZ',$,'Second Floor',$,$,#155,$,$,$,2.7432);
#151=IFCCARTESIANPOINT((0.,0.,2743.2));
#152=IFCDIRECTION((0.,0.,1.));
#153=IFCDIRECTION((1.,0.,0.));
#154=IFCAXIS2PLACEMENT3D(#151,#152,#153);
#155=IFCLOCALPLACEMENT(#118,#154);
#156=IFCBUILDINGSTOREY('28iRhakwT36vCzEEqdwKpo',$,'Attic Floor',$,$,#161,$,$,$,5.4864);
#157=IFCCARTESIANPOINT((0.,0.,5486.4));
#158=IFCDIRECTION((0.,0.,1.));
#159=IFCDIRECTION((1.,0.,0.));
#160=IFCAXIS2PLACEMENT3D(#157,#158,#159);
#161=IFCLOCALPLACEMENT(#118,#160);
#162=IFCBUILDINGSTOREY('2YeDeDoHzAMOoO_NUOlB0k',$,'Garage Level',$,$,#168,$,$,$,0.);
#163=IFCRELAGGREGATES('3bGcmNfRjE3guOr5uyDW2C',$,$,$,#119,(#162));
#164=IFCCARTESIANPOINT((0.,0.,0.));
#165=IFCDIRECTION((0.,0.,1.));
#166=IFCDIRECTION((1.,0.,0.));
#167=IFCAXIS2PLACEMENT3D(#164,#165,#166);
#168=IFCLOCALPLACEMENT(#124,#167);
#169=IFCBUILDINGSTOREY('1lA$fjNE175RZtIwS_7qEV',$,'Sunken Garden Floor',$,$,#175,$,$,$,-2.6543);
#170=IFCRELAGGREGATES('33x$grss1CaBBKiAw9Xb$2',$,$,$,#125,(#176,#182,#169));
#171=IFCCARTESIANPOINT((0.,0.,-2654.3));
#172=IFCDIRECTION((0.,0.,1.));
#173=IFCDIRECTION((1.,0.,0.));
#174=IFCAXIS2PLACEMENT3D(#171,#172,#173);
#175=IFCLOCALPLACEMENT(#130,#174);
#176=IFCBUILDINGSTOREY('2r2d$dQ9z4ihyEHuclN1dB',$,'Porch Floor',$,$,#181,$,$,$,0.);
#177=IFCCARTESIANPOINT((0.,0.,0.));
#178=IFCDIRECTION((0.,0.,1.));
#179=IFCDIRECTION((1.,0.,0.));
#180=IFCAXIS2PLACEMENT3D(#177,#178,#179);
#181=IFCLOCALPLACEMENT(#130,#180);
#182=IFCBUILDINGSTOREY('1f3BYlabf9me6h$xL1r7pD',$,'Deck Floor',$,$,#187,$,$,$,2.7432);
#183=IFCCARTESIANPOINT((0.,0.,2743.2));
#184=IFCDIRECTION((0.,0.,1.));
#185=IFCDIRECTION((1.,0.,0.));
#186=IFCAXIS2PLACEMENT3D(#183,#184,#185);
#187=IFCLOCALPLACEMENT(#130,#186);
#188=IFCBUILDINGSTOREY('3SDRJtFYLEnfHmmWHXn8W8',$,'Level 0',$,$,#194,$,$,$,0.);
#189=IFCRELAGGREGATES('2FJJfVEQTBThHKEjdqHxpY',$,$,$,#131,(#188));
#190=IFCCARTESIANPOINT((0.,0.,0.));
#191=IFCDIRECTION((0.,0.,1.));
#192=IFCDIRECTION((1.,0.,0.));
#193=IFCAXIS2PLACEMENT3D(#190,#191,#192);
#194=IFCLOCALPLACEMENT(#136,#193);
#195=IFCPROPERTYSET('3bv$3nrif71Bb9KLlbUQ6C',$,'Pset_ifcPlot_BasementPlan',$,(#197));
#196=IFCRELDEFINESBYPROPERTIES('1xwPLK6NT2jealFqcTWrz1',$,$,$,(#112),#195);
#197=IFCPROPERTYSINGLEVALUE('ParamsJSON',$,IFCLABEL('{"basement_elevation_m": -2.7432000000000003, "basement_grid_m": 5.486400000000001, "basement_wall_thickness_m": 0.30479999999999996, "house_size_m": 10.972800000000001, "sauna_rect_m": {"h_m": 2.4384, "w_m": 3.6576000000000004, "x0_m": 1.8288000000000002, "y0_m": 0.0}, "sauna_shower_note": "Sauna+shower located west of centerline wall, against south wall (placeholder geometry)", "shower_rect_m": {"h_m": 1.2192, "recess_m": 0.1016, "w_m": 1.2192, "x0_m": 4.267200000000001, "y0_m": 0.0}, "stair_opening_note": "Located on north side, immediately west of centerline wall (per house_description.md)", "stair_opening_rect_m": {"h_m": 2.9464, "w_m": 2.1336, "x0_m": 3.3528000000000007, "y0_m": 8.0264}}'),$);
#198=IFCWALL('1epCsHcZT1z9QH$vmvZ1a4',$,'House Basement Wall 1',$,$,#214,#215,$,$);
#199=IFCRELCONTAINEDINSPATIALSTRUCTURE('0In8CuY_55L8UTJqa6lKTe',$,$,$,(#250,#284,#318,#484,#471,#352,#233,#198,#429,#386,#335,#267,#301,#216,#412,#369,#446),#137);
#200=IFCCARTESIANPOINTLIST2D(((0.,0.),(0.,304.8),(10972.8,304.8),(10972.8,0.),(0.,0.)));
#201=IFCINDEXEDPOLYCURVE(#200,$,.F.);
#202=IFCDIRECTION((0.,0.,1.));
#203=IFCARBITRARYCLOSEDPROFILEDEF(.AREA.,$,#201);
#204=IFCCARTESIANPOINT((0.,0.,0.));
#205=IFCDIRECTION((0.,0.,1.));
#206=IFCDIRECTION((1.,0.,0.));
#207=IFCAXIS2PLACEMENT3D(#204,#205,#206);
#208=IFCEXTRUDEDAREASOLID(#203,#207,#202,2743.2);
#209=IFCSHAPEREPRESENTATION(#11,'Body','SweptSolid',(#208));
#210=IFCCARTESIANPOINT((0.,0.,0.));
#211=IFCDIRECTION((0.,0.,1.));
#212=IFCDIRECTION((1.,0.,0.));
#213=IFCAXIS2PLACEMENT3D(#210,#211,#212);
#214=IFCLOCALPLACEMENT(#143,#213);
#215=IFCPRODUCTDEFINITIONSHAPE($,$,(#209));
#216=IFCWALL('3C9mIGh_j5VghNRdHBXxrO',$,'House Basement Wall 2',$,$,#231,#232,$,$);
#217=IFCCARTESIANPOINTLIST2D(((0.,0.),(0.,304.8),(10972.8,304.8),(10972.8,0.),(0.,0.)));
#218=IFCINDEXEDPOLYCURVE(#217,$,.F.);
#219=IFCDIRECTION((0.,0.,1.));
#220=IFCARBITRARYCLOSEDPROFILEDEF(.AREA.,$,#218);
#221=IFCCARTESIANPOINT((0.,0.,0.));
#222=IFCDIRECTION((0.,0.,1.));
#223=IFCDIRECTION((1.,0.,0.));
#224=IFCAXIS2PLACEMENT3D(#221,#222,#223);
#225=IFCEXTRUDEDAREASOLID(#220,#224,#219,2743.2);
#226=IFCSHAPEREPRESENTATION(#11,'Body','SweptSolid',(#225));
#227=IFCCARTESIANPOINT((10972.8,0.,0.));
#228=IFCDIRECTION((0.,0.,1.));
#229=IFCDIRECTION((0.,1.,0.));
#230=IFCAXIS2PLACEMENT3D(#227,#228,#229);
#231=IFCLOCALPLACEMENT(#143,#230);
#232=IFCPRODUCTDEFINITIONSHAPE($,$,(#226));
#233=IFCWALL('1xP6qAdRD0aONtZ9h2ITSn',$,'House Basement Wall 3',$,$,#248,#249,$,$);
#234=IFCCARTESIANPOINTLIST2D(((0.,0.),(0.,304.8),(10972.8,304.8),(10972.8,0.),(0.,0.)));
#235=IFCINDEXEDPOLYCURVE(#234,$,.F.);
#236=IFCDIRECTION((0.,0.,1.));
#237=IFCARBITRARYCLOSEDPROFILEDEF(.AREA.,$,#235);
#238=IFCCARTESIANPOINT((0.,0.,0.));
#239=IFCDIRECTION((0.,0.,1.));
#240=IFCDIRECTION((1.,0.,0.));
#241=IFCAXIS2PLACEMENT3D(#238,#239,#240);
#242=IFCEXTRUDEDAREASOLID(#237,#241,#236,2743.2);
#243=IFCSHAPEREPRESENTATION(#11,'Body','SweptSolid',(#242));
#244=IFCCARTESIANPOINT((10972.8,10972.8,0.));
#245=IFCDIRECTION((0.,0.,1.));
#246=IFCDIRECTION((-1.,0.,0.));
#247=IFCAXIS2PLACEMENT3D(#244,#245,#246);
#248=IFCLOCALPLACEMENT(#143,#247);
#249=IFCPRODUCTDEFINITIONSHAPE($,$,(#243));
#250=IFCWALL('3lnkrXlvXD4eVONr5JkEm9',$,'House Basement Wall 4',$,$,#265,#266,$,$);
#251=IFCCARTESIANPOINTLIST2D(((0.,0.),(0.,304.8),(10972.8,304.8),(10972.8,0.),(0.,0.)));
#252=IFCINDEXEDPOLYCURVE(#251,$,.F.);
#253=IFCDIRECTION((0.,0.,1.));
#254=IFCARBITRARYCLOSEDPROFILEDEF(.AREA.,$,#252);
#255=IFCCARTESIANPOINT((0.,0.,0.));
#256=IFCDIRECTION((0.,0.,1.));
#257=IFCDIRECTION((1.,0.,0.));
#258=IFCAXIS2PLACEMENT3D(#255,#256,#257);
#259=IFCEXTRUDEDAREASOLID(#254,#258,#253,2743.2);
#260=IFCSHAPEREPRESENTATION(#11,'Body','SweptSolid',(#259));
#261=IFCCARTESIANPOINT((0.,10972.8,0.));
#262=IFCDIRECTION((0.,0.,1.));
#263=IFCDIRECTION((0.,-1.,0.));
#264=IFCAXIS2PLACEMENT3D(#261,#262,#263);
#265=IFCLOCALPLACEMENT(#143,#264);
#266=IFCPRODUCTDEFINITIONSHAPE($,$,(#260));
#267=IFCWALL('35deOwfhD5me8m1EkKxcnx',$,'House Basement Exterior XPS L1 1',$,$,#282,#283,$,$);
#268=IFCCARTESIANPOINTLIST2D(((0.,0.),(0.,-50.8),(10972.8,-50.8),(10972.8,0.),(0.,0.)));
#269=IFCINDEXEDPOLYCURVE(#268,$,.F.);
#270=IFCDIRECTION((0.,0.,1.));
#271=IFCARBITRARYCLOSEDPROFILEDEF(.AREA.,$,#269);
#272=IFCCARTESIANPOINT((0.,-0.,0.));
#273=IFCDIRECTION((0.,0.,1.));
#274=IFCDIRECTION((1.,0.,0.));
#275=IFCAXIS2PLACEMENT3D(#272,#273,#274);
#276=IFCEXTRUDEDAREASOLID(#271,#275,#270,2743.2);
#277=IFCSHAPEREPRESENTATION(#11,'Body','SweptSolid',(#276));
#278=IFCCARTESIANPOINT((0.,0.,0.));
#279=IFCDIRECTION((0.,0.,1.));
#280=IFCDIRECTION((1.,0.,0.));
#281=IFCAXIS2PLACEMENT3D(#278,#279,#280);
#282=IFCLOCALPLACEMENT(#143,#281);
#283=IFCPRODUCTDEFINITIONSHAPE($,$,(#277));
#284=IFCWALL('0SHUBCx016IvvtpyOTP8Oj',$,'House Basement Exterior XPS L2 1',$,$,#299,#300,$,$);
#285=IFCCARTESIANPOINTLIST2D(((0.,0.),(0.,-50.8),(10972.8,-50.8),(10972.8,0.),(0.,0.)));
#286=IFCINDEXEDPOLYCURVE(#285,$,.F.);
#287=IFCDIRECTION((0.,0.,1.));
#288=IFCARBITRARYCLOSEDPROFILEDEF(.AREA.,$,#286);
#289=IFCCARTESIANPOINT((0.,-50.8,0.));
#290=IFCDIRECTION((0.,0.,1.));
#291=IFCDIRECTION((1.,0.,0.));
#292=IFCAXIS2PLACEMENT3D(#289,#290,#291);
#293=IFCEXTRUDEDAREASOLID(#288,#292,#287,2743.2);
#294=IFCSHAPEREPRESENTATION(#11,'Body','SweptSolid',(#293));
#295=IFCCARTESIANPOINT((0.,0.,0.));
#296=IFCDIRECTION((0.,0.,1.));
#297=IFCDIRECTION((1.,0.,0.));
#298=IFCAXIS2PLACEMENT3D(#295,#296,#297);
#299=IFCLOCALPLACEMENT(#143,#298);
#300=IFCPRODUCTDEFINITIONSHAPE($,$,(#294));
#301=IFCWALL('0ZSO_Pb056694PYQ8wOc4m',$,'House Basement Exterior XPS L1 2',$,$,#316,#317,$,$);
#302=IFCCARTESIANPOINTLIST2D(((0.,0.),(0.,-50.8),(10972.8,-50.8),(10972.8,0.),(0.,0.)));
#303=IFCINDEXEDPOLYCURVE(#302,$,.F.);
#304=IFCDIRECTION((0.,0.,1.));
#305=IFCARBITRARYCLOSEDPROFILEDEF(.AREA.,$,#303);
#306=IFCCARTESIANPOINT((0.,-0.,0.));
#307=IFCDIRECTION((0.,0.,1.));
#308=IFCDIRECTION((1.,0.,0.));
#309=IFCAXIS2PLACEMENT3D(#306,#307,#308);
#310=IFCEXTRUDEDAREASOLID(#305,#309,#304,2743.2);
#311=IFCSHAPEREPRESENTATION(#11,'Body','SweptSolid',(#310));
#312=IFCCARTESIANPOINT((10972.8,0.,0.));
#313=IFCDIRECTION((0.,0.,1.));
#314=IFCDIRECTION((0.,1.,0.));
#315=IFCAXIS2PLACEMENT3D(#312,#313,#314);
#316=IFCLOCALPLACEMENT(#143,#315);
#317=IFCPRODUCTDEFINITIONSHAPE($,$,(#311));
#318=IFCWALL('30nifRV011$QOqJtqaHkMt',$,'House Basement Exterior XPS L2 2',$,$,#333,#334,$,$);
#319=IFCCARTESIANPOINTLIST2D(((0.,0.),(0.,-50.8),(10972.8,-50.8),(10972.8,0.),(0.,0.)));
#320=IFCINDEXEDPOLYCURVE(#319,$,.F.);
#321=IFCDIRECTION((0.,0.,1.));
#322=IFCARBITRARYCLOSEDPROFILEDEF(.AREA.,$,#320);
#323=IFCCARTESIANPOINT((0.,-50.8,0.));
#324=IFCDIRECTION((0.,0.,1.));
#325=IFCDIRECTION((1.,0.,0.));
#326=IFCAXIS2PLACEMENT3D(#323,#324,#325);
#327=IFCEXTRUDEDAREASOLID(#322,#326,#321,2743.2);
#328=IFCSHAPEREPRESENTATION(#11,'Body','SweptSolid',(#327));
#329=IFCCARTESIANPOINT((10972.8,0.,0.));
#330=IFCDIRECTION((0.,0.,1.));
#331=IFCDIRECTION((0.,1.,0.));
#332=IFCAXIS2PLACEMENT3D(#329,#330,#331);
#333=IFCLOCALPLACEMENT(#143,#332);
#334=IFCPRODUCTDEFINITIONSHAPE($,$,(#328));
#335=IFCWALL('0sf7q7YRb4oxr2Jxq_Ghe3',$,'House Basement Exterior XPS L1 3',$,$,#350,#351,$,$);
#336=IFCCARTESIANPOINTLIST2D(((0.,0.),(0.,-50.8),(10972.8,-50.8),(10972.8,0.),(0.,0.)));
#337=IFCINDEXEDPOLYCURVE(#336,$,.F.);
#338=IFCDIRECTION((0.,0.,1.));
#339=IFCARBITRARYCLOSEDPROFILEDEF(.AREA.,$,#337);
#340=IFCCARTESIANPOINT((0.,-0.,0.));
#341=IFCDIRECTION((0.,0.,1.));
#342=IFCDIRECTION((1.,0.,0.));
#343=IFCAXIS2PLACEMENT3D(#340,#341,#342);
#344=IFCEXTRUDEDAREASOLID(#339,#343,#338,2743.2);
#345=IFCSHAPEREPRESENTATION(#11,'Body','SweptSolid',(#344));
#346=IFCCARTESIANPOINT((10972.8,10972.8,0.));
#347=IFCDIRECTION((0.,0.,1.));
#348=IFCDIRECTION((-1.,0.,0.));
#349=IFCAXIS2PLACEMENT3D(#346,#347,#348);
#350=IFCLOCALPLACEMENT(#143,#349);
#351=IFCPRODUCTDEFINITIONSHAPE($,$,(#345));
#352=IFCWALL('0yBu9l8uz3Phop$80NQebb',$,'House Basement Exterior XPS L2 3',$,$,#367,#368,$,$);
#353=IFCCARTESIANPOINTLIST2D(((0.,0.),(0.,-50.8),(10972.8,-50.8),(10972.8,0.),(0.,0.)));
#354=IFCINDEXEDPOLYCURVE(#353,$,.F.);
#355=IFCDIRECTION((0.,0.,1.));
#356=IFCARBITRARYCLOSEDPROFILEDEF(.AREA.,$,#354);
#357=IFCCARTESIANPOINT((0.,-50.8,0.));
#358=IFCDIRECTION((0.,0.,1.));
#359=IFCDIRECTION((1.,0.,0.));
#360=IFCAXIS2PLACEMENT3D(#357,#358,#359);
#361=IFCEXTRUDEDAREASOLID(#356,#360,#355,2743.2);
#362=IFCSHAPEREPRESENTATION(#11,'Body','SweptSolid',(#361));
#363=IFCCARTESIANPOINT((10972.8,10972.8,0.));
#364=IFCDIRECTION((0.,0.,1.));
#365=IFCDIRECTION((-1.,0.,0.));
#366=IFCAXIS2PLACEMENT3D(#363,#364,#365);
#367=IFCLOCALPLACEMENT(#143,#366);
#368=IFCPRODUCTDEFINITIONSHAPE($,$,(#362));
#369=IFCWALL('2rAMR0Wgv13gVbtPFqxluL',$,'House Basement Exterior XPS L1 4',$,$,#384,#385,$,$);
#370=IFCCARTESIANPOINTLIST2D(((0.,0.),(0.,-50.8),(10972.8,-50.8),(10972.8,0.),(0.,0.)));
#371=IFCINDEXEDPOLYCURVE(#370,$,.F.);
#372=IFCDIRECTION((0.,0.,1.));
#373=IFCARBITRARYCLOSEDPROFILEDEF(.AREA.,$,#371);
#374=IFCCARTESIANPOINT((0.,-0.,0.));
#375=IFCDIRECTION((0.,0.,1.));
#376=IFCDIRECTION((1.,0.,0.));
#377=IFCAXIS2PLACEMENT3D(#374,#375,#376);
#378=IFCEXTRUDEDAREASOLID(#373,#377,#372,2743.2);
#379=IFCSHAPEREPRESENTATION(#11,'Body','SweptSolid',(#378));
#380=IFCCARTESIANPOINT((0.,10972.8,0.));
#381=IFCDIRECTION((0.,0.,1.));
#382=IFCDIRECTION((0.,-1.,0.));
#383=IFCAXIS2PLACEMENT3D(#380,#381,#382);
#384=IFCLOCALPLACEMENT(#143,#383);
#385=IFCPRODUCTDEFINITIONSHAPE($,$,(#379));
#386=IFCWALL('3GVd5YhNvAaez18C0ZzUMU',$,'House Basement Exterior XPS L2 4',$,$,#401,#402,$,$);
#387=IFCCARTESIANPOINTLIST2D(((0.,0.),(0.,-50.8),(10972.8,-50.8),(10972.8,0.),(0.,0.)));
#388=IFCINDEXEDPOLYCURVE(#387,$,.F.);
#389=IFCDIRECTION((0.,0.,1.));
#390=IFCARBITRARYCLOSEDPROFILEDEF(.AREA.,$,#388);
#391=IFCCARTESIANPOINT((0.,-50.8,0.));
#392=IFCDIRECTION((0.,0.,1.));
#393=IFCDIRECTION((1.,0.,0.));
#394=IFCAXIS2PLACEMENT3D(#391,#392,#393);
#395=IFCEXTRUDEDAREASOLID(#390,#394,#389,2743.2);
#396=IFCSHAPEREPRESENTATION(#11,'Body','SweptSolid',(#395));
#397=IFCCARTESIANPOINT((0.,10972.8,0.));
#398=IFCDIRECTION((0.,0.,1.));
#399=IFCDIRECTION((0.,-1.,0.));
#400=IFCAXIS2PLACEMENT3D(#397,#398,#399);
#401=IFCLOCALPLACEMENT(#143,#400);
#402=IFCPRODUCTDEFINITIONSHAPE($,$,(#396));
#403=IFCRELASSIGNSTOGROUP('1dLuiq5$TDLuKvkX1jLdA0',$,$,$,(#995,#1728,#4063,#1816,#6297,#1631,#1677,#1393,#6497,#770,#352,#891,#6411,#6261,#944,#1833,#1098,#1694,#6831,#1410,#1782,#787,#369,#6206,#6813,#1529,#840,#961,#6243,#6703,#6375,#1711,#1427,#736,#386,#335,#267,#1495,#632,#1323,#284,#6515,#1512,#6605,#1272,#649,#6587,#1219,#1648,#301,#1168,#1597,#1289,#666,#4183,#1115,#1064,#318,#1546,#1185,#857,#1614,#6355,#1306,#978,#6683,#683,#6315,#1799,#1376,#1081,#753,#1202,#874),$,#24);
#404=IFCSTYLEDITEM(#276,(#62),$);
#405=IFCSTYLEDITEM(#293,(#62),$);
#406=IFCSTYLEDITEM(#310,(#62),$);
#407=IFCSTYLEDITEM(#327,(#62),$);
#408=IFCSTYLEDITEM(#344,(#62),$);
#409=IFCSTYLEDITEM(#361,(#62),$);
#410=IFCSTYLEDITEM(#378,(#62),$);
#411=IFCSTYLEDITEM(#395,(#62),$);
#412=IFCWALL('3fAB0DCbD5FB89tj4sgUj1',$,'House Basement Center Wall (N-S)',$,$,#427,#428,$,$);
#413=IFCCARTESIANPOINTLIST2D(((0.,0.),(0.,304.8),(10972.8,304.8),(10972.8,0.),(0.,0.)));
#414=IFCINDEXEDPOLYCURVE(#413,$,.F.);
#415=IFCDIRECTION((0.,0.,1.));
#416=IFCARBITRARYCLOSEDPROFILEDEF(.AREA.,$,#414);
#417=IFCCARTESIANPOINT((0.,0.,0.));
#418=IFCDIRECTION((0.,0.,1.));
#419=IFCDIRECTION((1.,0.,0.));
#420=IFCAXIS2PLACEMENT3D(#417,#418,#419);
#421=IFCEXTRUDEDAREASOLID(#416,#420,#415,2743.2);
#422=IFCSHAPEREPRESENTATION(#11,'Body','SweptSolid',(#421));
#423=IFCCARTESIANPOINT((5486.4,0.,0.));
#424=IFCDIRECTION((0.,0.,1.));
#425=IFCDIRECTION((0.,1.,0.));
#426=IFCAXIS2PLACEMENT3D(#423,#424,#425);
#427=IFCLOCALPLACEMENT(#143,#426);
#428=IFCPRODUCTDEFINITIONSHAPE($,$,(#422));
#429=IFCWALL('2Gu4IIx_X9qfNsJkiUa2im',$,'House Basement Center Wall (E-W)',$,$,#444,#445,$,$);
#430=IFCCARTESIANPOINTLIST2D(((0.,0.),(0.,304.8),(10972.8,304.8),(10972.8,0.),(0.,0.)));
#431=IFCINDEXEDPOLYCURVE(#430,$,.F.);
#432=IFCDIRECTION((0.,0.,1.));
#433=IFCARBITRARYCLOSEDPROFILEDEF(.AREA.,$,#431);
#434=IFCCARTESIANPOINT((0.,0.,0.));
#435=IFCDIRECTION((0.,0.,1.));
#436=IFCDIRECTION((1.,0.,0.));
#437=IFCAXIS2PLACEMENT3D(#434,#435,#436);
#438=IFCEXTRUDEDAREASOLID(#433,#437,#432,2743.2);
#439=IFCSHAPEREPRESENTATION(#11,'Body','SweptSolid',(#438));
#440=IFCCARTESIANPOINT((0.,5486.4,0.));
#441=IFCDIRECTION((0.,0.,1.));
#442=IFCDIRECTION((1.,0.,0.));
#443=IFCAXIS2PLACEMENT3D(#440,#441,#442);
#444=IFCLOCALPLACEMENT(#143,#443);
#445=IFCPRODUCTDEFINITIONSHAPE($,$,(#439));
#446=IFCWALL('3EhSpfQv54NOehajCd6Z3m',$,'House Basement Stair Side Wall (8")',$,$,#461,#462,$,$);
#447=IFCCARTESIANPOINTLIST2D(((0.,0.),(0.,203.2),(2946.4,203.2),(2946.4,0.),(0.,0.)));
#448=IFCINDEXEDPOLYCURVE(#447,$,.F.);
#449=IFCDIRECTION((0.,0.,1.));
#450=IFCARBITRARYCLOSEDPROFILEDEF(.AREA.,$,#448);
#451=IFCCARTESIANPOINT((0.,0.,0.));
#452=IFCDIRECTION((0.,0.,1.));
#453=IFCDIRECTION((1.,0.,0.));
#454=IFCAXIS2PLACEMENT3D(#451,#452,#453);
#455=IFCEXTRUDEDAREASOLID(#450,#454,#449,2743.2);
#456=IFCSHAPEREPRESENTATION(#11,'Body','SweptSolid',(#455));
#457=IFCCARTESIANPOINT((3352.8,8026.4,0.));
#458=IFCDIRECTION((0.,0.,1.));
#459=IFCDIRECTION((0.,1.,0.));
#460=IFCAXIS2PLACEMENT3D(#457,#458,#459);
#461=IFCLOCALPLACEMENT(#143,#460);
#462=IFCPRODUCTDEFINITIONSHAPE($,$,(#456));
#463=IFCRELASSIGNSTOGROUP('0XbuxlNX52PwTBEci55Ybr',$,$,$,(#5352,#5518,#5420,#5497,#5267,#5335,#6429,#5301,#250,#5475,#5454,#484,#471,#5369,#6279,#233,#198,#429,#5403,#6225,#5250,#5318,#5437,#5284,#5232,#6335,#499,#216,#412,#6393,#5386,#446),$,#19);
#464=IFCSTYLEDITEM(#208,(#26),$);
#465=IFCSTYLEDITEM(#225,(#26),$);
#466=IFCSTYLEDITEM(#242,(#26),$);
#467=IFCSTYLEDITEM(#259,(#26),$);
#468=IFCSTYLEDITEM(#421,(#26),$);
#469=IFCSTYLEDITEM(#438,(#26),$);
#470=IFCSTYLEDITEM(#455,(#26),$);
#471=IFCSLAB('3JQGiv56T4QwZDbeFydfwH',$,'House Basement Slab',$,$,#483,#478,$,.FLOOR.);
#472=IFCCARTESIANPOINTLIST2D(((0.,0.),(10972.8,0.),(10972.8,10972.8),(0.,10972.8),(0.,0.)));
#473=IFCINDEXEDPOLYCURVE(#472,$,$);
#474=IFCDIRECTION((0.,0.,1.));
#475=IFCARBITRARYCLOSEDPROFILEDEF(.AREA.,$,#473);
#476=IFCEXTRUDEDAREASOLID(#475,$,#474,88.9);
#477=IFCSHAPEREPRESENTATION(#11,'Body','SweptSolid',(#476));
#478=IFCPRODUCTDEFINITIONSHAPE($,$,(#477));
#479=IFCCARTESIANPOINT((0.,0.,0.));
#480=IFCDIRECTION((0.,0.,1.));
#481=IFCDIRECTION((1.,0.,0.));
#482=IFCAXIS2PLACEMENT3D(#479,#480,#481);
#483=IFCLOCALPLACEMENT(#143,#482);
#484=IFCSLAB('2Q_z79A9jD3O9r4jAnCyo9',$,'Basement Shower Recess (placeholder)',$,$,#496,#491,$,.FLOOR.);
#485=IFCCARTESIANPOINTLIST2D(((4267.2,0.),(5486.4,0.),(5486.4,1219.2),(4267.2,1219.2),(4267.2,0.)));
#486=IFCINDEXEDPOLYCURVE(#485,$,$);
#487=IFCDIRECTION((0.,0.,1.));
#488=IFCARBITRARYCLOSEDPROFILEDEF(.AREA.,$,#486);
#489=IFCEXTRUDEDAREASOLID(#488,$,#487,88.9);
#490=IFCSHAPEREPRESENTATION(#11,'Body','SweptSolid',(#489));
#491=IFCPRODUCTDEFINITIONSHAPE($,$,(#490));
#492=IFCCARTESIANPOINT((0.,0.,-101.6));
#493=IFCDIRECTION((0.,0.,1.));
#494=IFCDIRECTION((1.,0.,0.));
#495=IFCAXIS2PLACEMENT3D(#492,#493,#494);
#496=IFCLOCALPLACEMENT(#143,#495);
#497=IFCSTYLEDITEM(#476,(#26),$);
#498=IFCSTYLEDITEM(#489,(#26),$);
#499=IFCSLAB('1Wbd$FhLT5CwmifxZ5cnqE',$,'House Main Floor Concrete Slab',$,$,#512,#507,$,.FLOOR.);
#500=IFCRELCONTAINEDINSPATIALSTRUCTURE('0UJL1bpKXEUPhhCjvlP4qW',$,$,$,(#995,#840,#961,#514,#909,#822,#614,#701,#770,#857,#874,#649,#891,#736,#978,#683,#944,#1887,#805,#499,#597,#926,#753,#718,#632,#787,#666),#144);
#501=IFCCARTESIANPOINTLIST2D(((0.,0.),(10972.8,0.),(10972.8,10972.8),(0.,10972.8),(0.,0.)));
#502=IFCINDEXEDPOLYCURVE(#501,$,$);
#503=IFCDIRECTION((0.,0.,1.));
#504=IFCARBITRARYCLOSEDPROFILEDEF(.AREA.,$,#502);
#505=IFCEXTRUDEDAREASOLID(#504,$,#503,228.6);
#506=IFCSHAPEREPRESENTATION(#11,'Body','SweptSolid',(#505));
#507=IFCPRODUCTDEFINITIONSHAPE($,$,(#506));
#508=IFCCARTESIANPOINT((0.,0.,-228.6));
#509=IFCDIRECTION((0.,0.,1.));
#510=IFCDIRECTION((1.,0.,0.));
#511=IFCAXIS2PLACEMENT3D(#508,#509,#510);
#512=IFCLOCALPLACEMENT(#149,#511);
#513=IFCSTYLEDITEM(#505,(#26),$);
#514=IFCSLAB('3k$EKk3Kf3fgxT0rzJQNWd',$,'House Main Floor Ceiling Drywall',$,$,#526,#521,$,.FLOOR.);
#515=IFCCARTESIANPOINTLIST2D(((0.,0.),(10972.8,0.),(10972.8,10972.8),(0.,10972.8),(0.,0.)));
#516=IFCINDEXEDPOLYCURVE(#515,$,$);
#517=IFCDIRECTION((0.,0.,1.));
#518=IFCARBITRARYCLOSEDPROFILEDEF(.AREA.,$,#516);
#519=IFCEXTRUDEDAREASOLID(#518,$,#517,15.875);
#520=IFCSHAPEREPRESENTATION(#11,'Body','SweptSolid',(#519));
#521=IFCPRODUCTDEFINITIONSHAPE($,$,(#520));
#522=IFCCARTESIANPOINT((0.,0.,2425.7));
#523=IFCDIRECTION((0.,0.,1.));
#524=IFCDIRECTION((1.,0.,0.));
#525=IFCAXIS2PLACEMENT3D(#522,#523,#524);
#526=IFCLOCALPLACEMENT(#149,#525);
#527=IFCSLAB('1z1M_g0l52zBM293zrPkk5',$,'House Second Floor Subfloor',$,$,#540,#535,$,.FLOOR.);
#528=IFCRELCONTAINEDINSPATIALSTRUCTURE('29r2gasXb6R8wFnI3vjFKX',$,$,$,(#3097,#3590,#3658,#3046,#2978,#1904,#2366,#3233,#559,#1393,#541,#3114,#2434,#2502,#3301,#3369,#2757,#1098,#2689,#3250,#2077,#1410,#3437,#1958,#2825,#3318,#2145,#2213,#2774,#2706,#3573,#2094,#1427,#3454,#2842,#3709,#2162,#2230,#3029,#2417,#1237,#2910,#3777,#3165,#1323,#2553,#2485,#3726,#1046,#1941,#1272,#1133,#1254,#2621,#3794,#1219,#3182,#2009,#2570,#1168,#1289,#1029,#1150,#527,#2638,#1115,#3505,#2026,#2893,#1064,#2281,#1185,#1306,#3386,#3641,#2961,#2349,#3522,#1376,#1341,#1081,#2298,#1202,#1358),#150);
#529=IFCCARTESIANPOINTLIST2D(((0.,0.),(10972.8,0.),(10972.8,10972.8),(0.,10972.8),(0.,0.)));
#530=IFCINDEXEDPOLYCURVE(#529,$,$);
#531=IFCDIRECTION((0.,0.,1.));
#532=IFCARBITRARYCLOSEDPROFILEDEF(.AREA.,$,#530);
#533=IFCEXTRUDEDAREASOLID(#532,$,#531,19.05);
#534=IFCSHAPEREPRESENTATION(#11,'Body','SweptSolid',(#533));
#535=IFCPRODUCTDEFINITIONSHAPE($,$,(#534));
#536=IFCCARTESIANPOINT((0.,0.,0.));
#537=IFCDIRECTION((0.,0.,1.));
#538=IFCDIRECTION((1.,0.,0.));
#539=IFCAXIS2PLACEMENT3D(#536,#537,#538);
#540=IFCLOCALPLACEMENT(#155,#539);
#541=IFCSLAB('2fsPVBbfP2whVWOQpV0Wd$',$,'House Second Floor Carpet',$,$,#553,#548,$,.FLOOR.);
#542=IFCCARTESIANPOINTLIST2D(((0.,0.),(10972.8,0.),(10972.8,10972.8),(0.,10972.8),(0.,0.)));
#543=IFCINDEXEDPOLYCURVE(#542,$,$);
#544=IFCDIRECTION((0.,0.,1.));
#545=IFCARBITRARYCLOSEDPROFILEDEF(.AREA.,$,#543);
#546=IFCEXTRUDEDAREASOLID(#545,$,#544,6.35);
#547=IFCSHAPEREPRESENTATION(#11,'Body','SweptSolid',(#546));
#548=IFCPRODUCTDEFINITIONSHAPE($,$,(#547));
#549=IFCCARTESIANPOINT((0.,0.,19.05));
#550=IFCDIRECTION((0.,0.,1.));
#551=IFCDIRECTION((1.,0.,0.));
#552=IFCAXIS2PLACEMENT3D(#549,#550,#551);
#553=IFCLOCALPLACEMENT(#155,#552);
#554=IFCRELASSIGNSTOGROUP('2lc8HiJLj9CuU9wnV_QjtN',$,$,$,(#514,#6479,#559,#6795,#6569,#6663),$,#23);
#555=IFCRELASSIGNSTOGROUP('2koV8usqz3Qenhp$sWmFfj',$,$,$,(#3403,#5760,#3097,#4281,#4213,#3590,#3658,#1869,#3352,#4468,#3046,#3539,#3233,#2995,#614,#1580,#3420,#5777,#3114,#2808,#3607,#3301,#3369,#6849,#1461,#3063,#2757,#3556,#3250,#5658,#5539,#5607,#3437,#5794,#3131,#2825,#3624,#3318,#3012,#1478,#3080,#2774,#3573,#3267,#5675,#5063,#3199,#5556,#5624,#5012,#3454,#3148,#2842,#2536,#1746,#3029,#2791,#6643,#6777,#1851,#5692,#5080,#5914,#4774,#1563,#3216,#5573,#2910,#5029,#3165,#2859,#2553,#5982,#572,#5641,#5709,#5097,#5931,#4791,#5590,#2927,#2621,#5046,#3961,#3182,#2876,#2570,#2519,#5999,#6461,#5726,#5114,#5948,#4808,#2944,#2638,#2332,#2893,#1764,#2587,#2281,#6016,#4876,#6443,#6533,#5131,#5965,#4825,#4046,#2961,#2655,#1887,#2349,#2043,#2604,#6084,#2298,#1358,#6033,#4893,#4587,#2723,#5148,#4842,#4536,#2978,#2672,#1904,#2366,#2060,#909,#6101,#4961,#2315,#541,#6050,#4910,#2247,#4604,#4298,#2740,#2434,#2502,#4859,#4553,#2689,#805,#1921,#2383,#2077,#926,#6118,#4978,#5812,#6067,#4927,#2264,#4621,#1958,#4315,#2451,#2145,#2213,#4570,#2706,#822,#2400,#5880,#2094,#4995,#5829,#4689,#4944,#4638,#1975,#4332,#3709,#2468,#2162,#2230,#4081,#2417,#5897,#2111,#4519,#5846,#1237,#4706,#4400,#3777,#4655,#1992,#4349,#2485,#3726,#2179,#1941,#6759,#2128,#1133,#4230,#5863,#1254,#4723,#4417,#3794,#4166,#3488,#4672,#2009,#4366,#3743,#2196,#3675,#1029,#4485,#1150,#4247,#527,#4740,#4434,#3811,#3505,#2026,#4383,#3760,#6551,#701,#3692,#3386,#4502,#5743,#4264,#3641,#4757,#3335,#4451,#3828,#3522,#3284,#597,#1341,#1046,#3471,#718,#6623),$,#20);
#556=IFCSTYLEDITEM(#519,(#38),$);
#557=IFCSTYLEDITEM(#533,(#74),$);
#558=IFCSTYLEDITEM(#546,(#74),$);
#559=IFCSLAB('2sVeXi0Ub5BAL5NFfwbhqk',$,'House Second Floor Ceiling Drywall',$,$,#571,#566,$,.FLOOR.);
#560=IFCCARTESIANPOINTLIST2D(((0.,0.),(10972.8,0.),(10972.8,10972.8),(0.,10972.8),(0.,0.)));
#561=IFCINDEXEDPOLYCURVE(#560,$,$);
#562=IFCDIRECTION((0.,0.,1.));
#563=IFCARBITRARYCLOSEDPROFILEDEF(.AREA.,$,#561);
#564=IFCEXTRUDEDAREASOLID(#563,$,#562,15.875);
#565=IFCSHAPEREPRESENTATION(#11,'Body','SweptSolid',(#564));
#566=IFCPRODUCTDEFINITIONSHAPE($,$,(#565));
#567=IFCCARTESIANPOINT((0.,0.,2425.7));
#568=IFCDIRECTION((0.,0.,1.));
#569=IFCDIRECTION((1.,0.,0.));
#570=IFCAXIS2PLACEMENT3D(#567,#568,#569);
#571=IFCLOCALPLACEMENT(#155,#570);
#572=IFCSLAB('3O21a9jB9BahbiqOjO_qFw',$,'House Attic Floor Subfloor',$,$,#585,#580,$,.FLOOR.);
#573=IFCRELCONTAINEDINSPATIALSTRUCTURE('2zD_hS1erEChUZ18bm_Ajy',$,$,$,(#3403,#4213,#4281,#4468,#3352,#1816,#3539,#1631,#2995,#1580,#3420,#2808,#3607,#1461,#1833,#3063,#3556,#1782,#1529,#3131,#3624,#3012,#1478,#3080,#3267,#5063,#3199,#5012,#3148,#2536,#1746,#1495,#2791,#1851,#5080,#4774,#3995,#3216,#5029,#2859,#1512,#572,#5097,#4791,#4012,#2927,#5046,#3961,#2876,#2519,#5114,#4808,#4029,#2944,#2332,#3978,#1764,#2587,#4876,#5131,#4825,#4046,#2655,#2043,#2604,#4893,#4587,#2723,#5148,#4842,#1728,#4063,#4536,#2672,#1677,#2060,#4961,#2315,#4910,#2247,#4604,#4298,#2740,#4859,#4553,#1921,#2383,#1694,#4978,#4927,#2264,#4621,#4315,#2451,#4570,#2400,#1711,#3471,#4995,#4689,#4132,#4944,#4638,#1975,#4332,#2468,#4081,#2111,#4519,#4706,#4400,#4149,#4655,#1992,#4349,#4098,#2179,#2128,#4230,#4723,#4417,#4166,#3488,#4672,#1648,#4366,#3743,#4115,#2196,#1597,#3675,#4485,#4247,#4740,#4434,#3811,#4183,#4383,#3760,#1546,#1614,#3692,#4502,#4264,#4757,#3335,#4451,#1799,#3828,#3284,#1869,#1563),#156);
#574=IFCCARTESIANPOINTLIST2D(((0.,0.),(10972.8,0.),(10972.8,10972.8),(0.,10972.8),(0.,0.)));
#575=IFCINDEXEDPOLYCURVE(#574,$,$);
#576=IFCDIRECTION((0.,0.,1.));
#577=IFCARBITRARYCLOSEDPROFILEDEF(.AREA.,$,#575);
#578=IFCEXTRUDEDAREASOLID(#577,$,#576,19.05);
#579=IFCSHAPEREPRESENTATION(#11,'Body','SweptSolid',(#578));
#580=IFCPRODUCTDEFINITIONSHAPE($,$,(#579));
#581=IFCCARTESIANPOINT((0.,0.,0.));
#582=IFCDIRECTION((0.,0.,1.));
#583=IFCDIRECTION((1.,0.,0.));
#584=IFCAXIS2PLACEMENT3D(#581,#582,#583);
#585=IFCLOCALPLACEMENT(#161,#584);
#586=IFCSTYLEDITEM(#564,(#38),$);
#587=IFCSTYLEDITEM(#578,(#74),$);
#588=IFCPROPERTYSET('0dFTa2A$z10QXh3YhmPwGt',$,'Pset_ifcPlot_BasementConstruction',$,(#590));
#589=IFCRELDEFINESBYPROPERTIES('0TnNuAZaD4kuKD3XD47T$Q',$,$,$,(#112),#588);
#590=IFCPROPERTYSINGLEVALUE('ParamsJSON',$,IFCLABEL('{"foundation": {"footing_thickness_in": 8.0, "footing_width_in": 20.0, "french_drain_diameter_in": 4.0, "river_rock_depth_in": 8.0, "river_rock_width_in": 10.0, "stone_base_extra_in": 8.0, "stone_base_thickness_in": 6.0, "wall_thickness_in": 12.0}, "slab": {"sealant_in": 0.5, "slab_thickness_in": 3.5, "stone_under_in": 4.0, "thermal_break_in": 1.0, "vapor_barrier_in": 0.05, "xps_under_in": 2.0}}'),$);
#591=IFCPROPERTYSET('2xj3CGfwv7bwuVn4CHxSXY',$,'Pset_ifcPlot_BasementToFramedWallDetail',$,(#593));
#592=IFCRELDEFINESBYPROPERTIES('0IRszPOVDBSRWsDz2sLeI5',$,$,$,(#112),#591);
#593=IFCPROPERTYSINGLEVALUE('ParamsJSON',$,IFCLABEL('{"basement_exterior": {"xps_layer_in": 2.0, "xps_layers": 2, "xps_protect_in": 0.5}, "detail_view": {"basement_above_grade_in": 24.0, "basement_wall_show_height_in": 48.0, "grade_offset_in": 12.0, "slab_show_width_in": 18.0}, "sill": {"gasket_in": 0.25, "plate_in": 1.5}, "wall": {"cladding_in": 0.5, "drywall_in": 0.625, "eps_in": 2.0, "furring_in": 0.5, "membrane_in": 0.6, "polyiso_in": 2.0, "sheathing_in": 0.625, "stud_depth_in": 5.5}}'),$);
#594=IFCPROPERTYSET('1L0a6sC9nCw87iLPQ8lDRF',$,'Pset_ifcPlot_SaunaShowerDetail',$,(#596));
#595=IFCRELDEFINESBYPROPERTIES('2JpzLyxF59cuccqmwnk_tY',$,$,$,(#112),#594);
#596=IFCPROPERTYSINGLEVALUE('ParamsJSON',$,IFCLABEL('{"adjacent_wall": {"drywall_in": 0.625, "gap_to_concrete_in": 0.5, "stud_depth_in": 3.5}, "benches": {"depth_in": 20.0, "lower_top_in": 18.0, "thickness_in": 1.5, "upper_top_in": 36.0}, "finish": {"baseboard_height_in": 6.0, "flashing_in": 0.35, "furring_in": 0.5, "membrane_in": 0.25, "polyiso_in": 2.0, "tg_in": 1.0}, "heater": {"height_in": 18.0, "width_in": 10.0}, "sauna_floor_slope": {"rise_in": 1.0, "run_ft": 8.0}, "shower": {"glass_gap_in": 1.0, "glass_in": 0.5, "hrv_duct_in": 3.0, "recess_in": 4.0, "tile_in": 0.75, "wall_backer_in": 1.0}, "structure": {"ceiling_slab_in": 9.0, "clear_height_in": 108.0, "drop_ceiling_depth_in": 3.5, "drop_ceiling_gap_in": 1.0}}'),$);
#597=IFCWALL('3jkgRaa_PCJvk3xBXnseno',$,'House Main Exterior Sheathing 1',$,$,#612,#613,$,$);
#598=IFCCARTESIANPOINTLIST2D(((0.,0.),(0.,15.875),(10972.8,15.875),(10972.8,0.),(0.,0.)));
#599=IFCINDEXEDPOLYCURVE(#598,$,.F.);
#600=IFCDIRECTION((0.,0.,1.));
#601=IFCARBITRARYCLOSEDPROFILEDEF(.AREA.,$,#599);
#602=IFCCARTESIANPOINT((0.,0.,0.));
#603=IFCDIRECTION((0.,0.,1.));
#604=IFCDIRECTION((1.,0.,0.));
#605=IFCAXIS2PLACEMENT3D(#602,#603,#604);
#606=IFCEXTRUDEDAREASOLID(#601,#605,#600,2743.2);
#607=IFCSHAPEREPRESENTATION(#11,'Body','SweptSolid',(#606));
#608=IFCCARTESIANPOINT((0.,0.,0.));
#609=IFCDIRECTION((0.,0.,1.));
#610=IFCDIRECTION((1.,0.,0.));
#611=IFCAXIS2PLACEMENT3D(#608,#609,#610);
#612=IFCLOCALPLACEMENT(#149,#611);
#613=IFCPRODUCTDEFINITIONSHAPE($,$,(#607));
#614=IFCWALL('1_IdEZjWfAKuq9iio2EqnJ',$,'House Main Stud Wall 1',$,$,#629,#630,$,$);
#615=IFCCARTESIANPOINTLIST2D(((0.,0.),(0.,139.7),(10972.8,139.7),(10972.8,0.),(0.,0.)));
#616=IFCINDEXEDPOLYCURVE(#615,$,.F.);
#617=IFCDIRECTION((0.,0.,1.));
#618=IFCARBITRARYCLOSEDPROFILEDEF(.AREA.,$,#616);
#619=IFCCARTESIANPOINT((0.,15.875,0.));
#620=IFCDIRECTION((0.,0.,1.));
#621=IFCDIRECTION((1.,0.,0.));
#622=IFCAXIS2PLACEMENT3D(#619,#620,#621);
#623=IFCEXTRUDEDAREASOLID(#618,#622,#617,2743.2);
#624=IFCSHAPEREPRESENTATION(#11,'Body','SweptSolid',(#623));
#625=IFCCARTESIANPOINT((0.,0.,0.));
#626=IFCDIRECTION((0.,0.,1.));
#627=IFCDIRECTION((1.,0.,0.));
#628=IFCAXIS2PLACEMENT3D(#625,#626,#627);
#629=IFCLOCALPLACEMENT(#149,#628);
#630=IFCPRODUCTDEFINITIONSHAPE($,$,(#624));
#631=IFCSTYLEDITEM(#623,(#74),$);
#632=IFCWALL('3fEKS9zr93Aflk4MWiTKxV',$,'House Main Exterior Polyiso 1',$,$,#647,#648,$,$);
#633=IFCCARTESIANPOINTLIST2D(((0.,0.),(0.,-50.8),(10972.8,-50.8),(10972.8,0.),(0.,0.)));
#634=IFCINDEXEDPOLYCURVE(#633,$,.F.);
#635=IFCDIRECTION((0.,0.,1.));
#636=IFCARBITRARYCLOSEDPROFILEDEF(.AREA.,$,#634);
#637=IFCCARTESIANPOINT((0.,-0.,0.));
#638=IFCDIRECTION((0.,0.,1.));
#639=IFCDIRECTION((1.,0.,0.));
#640=IFCAXIS2PLACEMENT3D(#637,#638,#639);
#641=IFCEXTRUDEDAREASOLID(#636,#640,#635,2743.2);
#642=IFCSHAPEREPRESENTATION(#11,'Body','SweptSolid',(#641));
#643=IFCCARTESIANPOINT((0.,0.,0.));
#644=IFCDIRECTION((0.,0.,1.));
#645=IFCDIRECTION((1.,0.,0.));
#646=IFCAXIS2PLACEMENT3D(#643,#644,#645);
#647=IFCLOCALPLACEMENT(#149,#646);
#648=IFCPRODUCTDEFINITIONSHAPE($,$,(#642));
#649=IFCWALL('3VVhYO5094LwAdjVRfXoQJ',$,'House Main Exterior EPS 1',$,$,#664,#665,$,$);
#650=IFCCARTESIANPOINTLIST2D(((0.,0.),(0.,-50.8),(10972.8,-50.8),(10972.8,0.),(0.,0.)));
#651=IFCINDEXEDPOLYCURVE(#650,$,.F.);
#652=IFCDIRECTION((0.,0.,1.));
#653=IFCARBITRARYCLOSEDPROFILEDEF(.AREA.,$,#651);
#654=IFCCARTESIANPOINT((0.,-50.8,0.));
#655=IFCDIRECTION((0.,0.,1.));
#656=IFCDIRECTION((1.,0.,0.));
#657=IFCAXIS2PLACEMENT3D(#654,#655,#656);
#658=IFCEXTRUDEDAREASOLID(#653,#657,#652,2743.2);
#659=IFCSHAPEREPRESENTATION(#11,'Body','SweptSolid',(#658));
#660=IFCCARTESIANPOINT((0.,0.,0.));
#661=IFCDIRECTION((0.,0.,1.));
#662=IFCDIRECTION((1.,0.,0.));
#663=IFCAXIS2PLACEMENT3D(#660,#661,#662);
#664=IFCLOCALPLACEMENT(#149,#663);
#665=IFCPRODUCTDEFINITIONSHAPE($,$,(#659));
#666=IFCWALL('3E10PHT49ATv4prVQY$9On',$,'House Main Exterior Furring 1',$,$,#681,#682,$,$);
#667=IFCCARTESIANPOINTLIST2D(((0.,0.),(0.,-12.7),(10972.8,-12.7),(10972.8,0.),(0.,0.)));
#668=IFCINDEXEDPOLYCURVE(#667,$,.F.);
#669=IFCDIRECTION((0.,0.,1.));
#670=IFCARBITRARYCLOSEDPROFILEDEF(.AREA.,$,#668);
#671=IFCCARTESIANPOINT((0.,-101.6,0.));
#672=IFCDIRECTION((0.,0.,1.));
#673=IFCDIRECTION((1.,0.,0.));
#674=IFCAXIS2PLACEMENT3D(#671,#672,#673);
#675=IFCEXTRUDEDAREASOLID(#670,#674,#669,2743.2);
#676=IFCSHAPEREPRESENTATION(#11,'Body','SweptSolid',(#675));
#677=IFCCARTESIANPOINT((0.,0.,0.));
#678=IFCDIRECTION((0.,0.,1.));
#679=IFCDIRECTION((1.,0.,0.));
#680=IFCAXIS2PLACEMENT3D(#677,#678,#679);
#681=IFCLOCALPLACEMENT(#149,#680);
#682=IFCPRODUCTDEFINITIONSHAPE($,$,(#676));
#683=IFCWALL('2Z7vqbojjBs89Ddt0tpkDL',$,'House Main Exterior Standing Seam 1',$,$,#698,#699,$,$);
#684=IFCCARTESIANPOINTLIST2D(((0.,0.),(0.,-12.7),(10972.8,-12.7),(10972.8,0.),(0.,0.)));
#685=IFCINDEXEDPOLYCURVE(#684,$,.F.);
#686=IFCDIRECTION((0.,0.,1.));
#687=IFCARBITRARYCLOSEDPROFILEDEF(.AREA.,$,#685);
#688=IFCCARTESIANPOINT((0.,-114.3,0.));
#689=IFCDIRECTION((0.,0.,1.));
#690=IFCDIRECTION((1.,0.,0.));
#691=IFCAXIS2PLACEMENT3D(#688,#689,#690);
#692=IFCEXTRUDEDAREASOLID(#687,#691,#686,2743.2);
#693=IFCSHAPEREPRESENTATION(#11,'Body','SweptSolid',(#692));
#694=IFCCARTESIANPOINT((0.,0.,0.));
#695=IFCDIRECTION((0.,0.,1.));
#696=IFCDIRECTION((1.,0.,0.));
#697=IFCAXIS2PLACEMENT3D(#694,#695,#696);
#698=IFCLOCALPLACEMENT(#149,#697);
#699=IFCPRODUCTDEFINITIONSHAPE($,$,(#693));
#700=IFCSTYLEDITEM(#692,(#92),$);
#701=IFCWALL('2pSXmBzSjELgdqDQaFExuN',$,'House Main Exterior Sheathing 2',$,$,#716,#717,$,$);
#702=IFCCARTESIANPOINTLIST2D(((0.,0.),(0.,15.875),(10972.8,15.875),(10972.8,0.),(0.,0.)));
#703=IFCINDEXEDPOLYCURVE(#702,$,.F.);
#704=IFCDIRECTION((0.,0.,1.));
#705=IFCARBITRARYCLOSEDPROFILEDEF(.AREA.,$,#703);
#706=IFCCARTESIANPOINT((0.,0.,0.));
#707=IFCDIRECTION((0.,0.,1.));
#708=IFCDIRECTION((1.,0.,0.));
#709=IFCAXIS2PLACEMENT3D(#706,#707,#708);
#710=IFCEXTRUDEDAREASOLID(#705,#709,#704,2743.2);
#711=IFCSHAPEREPRESENTATION(#11,'Body','SweptSolid',(#710));
#712=IFCCARTESIANPOINT((10972.8,0.,0.));
#713=IFCDIRECTION((0.,0.,1.));
#714=IFCDIRECTION((0.,1.,0.));
#715=IFCAXIS2PLACEMENT3D(#712,#713,#714);
#716=IFCLOCALPLACEMENT(#149,#715);
#717=IFCPRODUCTDEFINITIONSHAPE($,$,(#711));
#718=IFCWALL('25S8PRJ4rAifZvUDN8VEeP',$,'House Main Stud Wall 2',$,$,#733,#734,$,$);
#719=IFCCARTESIANPOINTLIST2D(((0.,0.),(0.,139.7),(10972.8,139.7),(10972.8,0.),(0.,0.)));
#720=IFCINDEXEDPOLYCURVE(#719,$,.F.);
#721=IFCDIRECTION((0.,0.,1.));
#722=IFCARBITRARYCLOSEDPROFILEDEF(.AREA.,$,#720);
#723=IFCCARTESIANPOINT((0.,15.875,0.));
#724=IFCDIRECTION((0.,0.,1.));
#725=IFCDIRECTION((1.,0.,0.));
#726=IFCAXIS2PLACEMENT3D(#723,#724,#725);
#727=IFCEXTRUDEDAREASOLID(#722,#726,#721,2743.2);
#728=IFCSHAPEREPRESENTATION(#11,'Body','SweptSolid',(#727));
#729=IFCCARTESIANPOINT((10972.8,0.,0.));
#730=IFCDIRECTION((0.,0.,1.));
#731=IFCDIRECTION((0.,1.,0.));
#732=IFCAXIS2PLACEMENT3D(#729,#730,#731);
#733=IFCLOCALPLACEMENT(#149,#732);
#734=IFCPRODUCTDEFINITIONSHAPE($,$,(#728));
#735=IFCSTYLEDITEM(#727,(#74),$);
#736=IFCWALL('268$g4RaLDf9K7wlqo1sT5',$,'House Main Exterior Polyiso 2',$,$,#751,#752,$,$);
#737=IFCCARTESIANPOINTLIST2D(((0.,0.),(0.,-50.8),(10972.8,-50.8),(10972.8,0.),(0.,0.)));
#738=IFCINDEXEDPOLYCURVE(#737,$,.F.);
#739=IFCDIRECTION((0.,0.,1.));
#740=IFCARBITRARYCLOSEDPROFILEDEF(.AREA.,$,#738);
#741=IFCCARTESIANPOINT((0.,-0.,0.));
#742=IFCDIRECTION((0.,0.,1.));
#743=IFCDIRECTION((1.,0.,0.));
#744=IFCAXIS2PLACEMENT3D(#741,#742,#743);
#745=IFCEXTRUDEDAREASOLID(#740,#744,#739,2743.2);
#746=IFCSHAPEREPRESENTATION(#11,'Body','SweptSolid',(#745));
#747=IFCCARTESIANPOINT((10972.8,0.,0.));
#748=IFCDIRECTION((0.,0.,1.));
#749=IFCDIRECTION((0.,1.,0.));
#750=IFCAXIS2PLACEMENT3D(#747,#748,#749);
#751=IFCLOCALPLACEMENT(#149,#750);
#752=IFCPRODUCTDEFINITIONSHAPE($,$,(#746));
#753=IFCWALL('3K_Vy3W950BP7sAw3DOq5H',$,'House Main Exterior EPS 2',$,$,#768,#769,$,$);
#754=IFCCARTESIANPOINTLIST2D(((0.,0.),(0.,-50.8),(10972.8,-50.8),(10972.8,0.),(0.,0.)));
#755=IFCINDEXEDPOLYCURVE(#754,$,.F.);
#756=IFCDIRECTION((0.,0.,1.));
#757=IFCARBITRARYCLOSEDPROFILEDEF(.AREA.,$,#755);
#758=IFCCARTESIANPOINT((0.,-50.8,0.));
#759=IFCDIRECTION((0.,0.,1.));
#760=IFCDIRECTION((1.,0.,0.));
#761=IFCAXIS2PLACEMENT3D(#758,#759,#760);
#762=IFCEXTRUDEDAREASOLID(#757,#761,#756,2743.2);
#763=IFCSHAPEREPRESENTATION(#11,'Body','SweptSolid',(#762));
#764=IFCCARTESIANPOINT((10972.8,0.,0.));
#765=IFCDIRECTION((0.,0.,1.));
#766=IFCDIRECTION((0.,1.,0.));
#767=IFCAXIS2PLACEMENT3D(#764,#765,#766);
#768=IFCLOCALPLACEMENT(#149,#767);
#769=IFCPRODUCTDEFINITIONSHAPE($,$,(#763));
#770=IFCWALL('0fcIBEGib3zRJO3nCMgL9w',$,'House Main Exterior Furring 2',$,$,#785,#786,$,$);
#771=IFCCARTESIANPOINTLIST2D(((0.,0.),(0.,-12.7),(10972.8,-12.7),(10972.8,0.),(0.,0.)));
#772=IFCINDEXEDPOLYCURVE(#771,$,.F.);
#773=IFCDIRECTION((0.,0.,1.));
#774=IFCARBITRARYCLOSEDPROFILEDEF(.AREA.,$,#772);
#775=IFCCARTESIANPOINT((0.,-101.6,0.));
#776=IFCDIRECTION((0.,0.,1.));
#777=IFCDIRECTION((1.,0.,0.));
#778=IFCAXIS2PLACEMENT3D(#775,#776,#777);
#779=IFCEXTRUDEDAREASOLID(#774,#778,#773,2743.2);
#780=IFCSHAPEREPRESENTATION(#11,'Body','SweptSolid',(#779));
#781=IFCCARTESIANPOINT((10972.8,0.,0.));
#782=IFCDIRECTION((0.,0.,1.));
#783=IFCDIRECTION((0.,1.,0.));
#784=IFCAXIS2PLACEMENT3D(#781,#782,#783);
#785=IFCLOCALPLACEMENT(#149,#784);
#786=IFCPRODUCTDEFINITIONSHAPE($,$,(#780));
#787=IFCWALL('3SEle3Bxr0pezZXxRHEqrx',$,'House Main Exterior Standing Seam 2',$,$,#802,#803,$,$);
#788=IFCCARTESIANPOINTLIST2D(((0.,0.),(0.,-12.7),(10972.8,-12.7),(10972.8,0.),(0.,0.)));
#789=IFCINDEXEDPOLYCURVE(#788,$,.F.);
#790=IFCDIRECTION((0.,0.,1.));
#791=IFCARBITRARYCLOSEDPROFILEDEF(.AREA.,$,#789);
#792=IFCCARTESIANPOINT((0.,-114.3,0.));
#793=IFCDIRECTION((0.,0.,1.));
#794=IFCDIRECTION((1.,0.,0.));
#795=IFCAXIS2PLACEMENT3D(#792,#793,#794);
#796=IFCEXTRUDEDAREASOLID(#791,#795,#790,2743.2);
#797=IFCSHAPEREPRESENTATION(#11,'Body','SweptSolid',(#796));
#798=IFCCARTESIANPOINT((10972.8,0.,0.));
#799=IFCDIRECTION((0.,0.,1.));
#800=IFCDIRECTION((0.,1.,0.));
#801=IFCAXIS2PLACEMENT3D(#798,#799,#800);
#802=IFCLOCALPLACEMENT(#149,#801);
#803=IFCPRODUCTDEFINITIONSHAPE($,$,(#797));
#804=IFCSTYLEDITEM(#796,(#92),$);
#805=IFCWALL('3x0sqOr6T9HQXtFvxiSlwt',$,'House Main Exterior Sheathing 3',$,$,#820,#821,$,$);
#806=IFCCARTESIANPOINTLIST2D(((0.,0.),(0.,15.875),(10972.8,15.875),(10972.8,0.),(0.,0.)));
#807=IFCINDEXEDPOLYCURVE(#806,$,.F.);
#808=IFCDIRECTION((0.,0.,1.));
#809=IFCARBITRARYCLOSEDPROFILEDEF(.AREA.,$,#807);
#810=IFCCARTESIANPOINT((0.,0.,0.));
#811=IFCDIRECTION((0.,0.,1.));
#812=IFCDIRECTION((1.,0.,0.));
#813=IFCAXIS2PLACEMENT3D(#810,#811,#812);
#814=IFCEXTRUDEDAREASOLID(#809,#813,#808,2743.2);
#815=IFCSHAPEREPRESENTATION(#11,'Body','SweptSolid',(#814));
#816=IFCCARTESIANPOINT((10972.8,10972.8,0.));
#817=IFCDIRECTION((0.,0.,1.));
#818=IFCDIRECTION((-1.,0.,0.));
#819=IFCAXIS2PLACEMENT3D(#816,#817,#818);
#820=IFCLOCALPLACEMENT(#149,#819);
#821=IFCPRODUCTDEFINITIONSHAPE($,$,(#815));
#822=IFCWALL('1UV$76r2v0Kxe7gnvhmneu',$,'House Main Stud Wall 3',$,$,#837,#838,$,$);
#823=IFCCARTESIANPOINTLIST2D(((0.,0.),(0.,139.7),(10972.8,139.7),(10972.8,0.),(0.,0.)));
#824=IFCINDEXEDPOLYCURVE(#823,$,.F.);
#825=IFCDIRECTION((0.,0.,1.));
#826=IFCARBITRARYCLOSEDPROFILEDEF(.AREA.,$,#824);
#827=IFCCARTESIANPOINT((0.,15.875,0.));
#828=IFCDIRECTION((0.,0.,1.));
#829=IFCDIRECTION((1.,0.,0.));
#830=IFCAXIS2PLACEMENT3D(#827,#828,#829);
#831=IFCEXTRUDEDAREASOLID(#826,#830,#825,2743.2);
#832=IFCSHAPEREPRESENTATION(#11,'Body','SweptSolid',(#831));
#833=IFCCARTESIANPOINT((10972.8,10972.8,0.));
#834=IFCDIRECTION((0.,0.,1.));
#835=IFCDIRECTION((-1.,0.,0.));
#836=IFCAXIS2PLACEMENT3D(#833,#834,#835);
#837=IFCLOCALPLACEMENT(#149,#836);
#838=IFCPRODUCTDEFINITIONSHAPE($,$,(#832));
#839=IFCSTYLEDITEM(#831,(#74),$);
#840=IFCWALL('3DdKiIAR52hBYu0d8_DtZT',$,'House Main Exterior Polyiso 3',$,$,#855,#856,$,$);
#841=IFCCARTESIANPOINTLIST2D(((0.,0.),(0.,-50.8),(10972.8,-50.8),(10972.8,0.),(0.,0.)));
#842=IFCINDEXEDPOLYCURVE(#841,$,.F.);
#843=IFCDIRECTION((0.,0.,1.));
#844=IFCARBITRARYCLOSEDPROFILEDEF(.AREA.,$,#842);
#845=IFCCARTESIANPOINT((0.,-0.,0.));
#846=IFCDIRECTION((0.,0.,1.));
#847=IFCDIRECTION((1.,0.,0.));
#848=IFCAXIS2PLACEMENT3D(#845,#846,#847);
#849=IFCEXTRUDEDAREASOLID(#844,#848,#843,2743.2);
#850=IFCSHAPEREPRESENTATION(#11,'Body','SweptSolid',(#849));
#851=IFCCARTESIANPOINT((10972.8,10972.8,0.));
#852=IFCDIRECTION((0.,0.,1.));
#853=IFCDIRECTION((-1.,0.,0.));
#854=IFCAXIS2PLACEMENT3D(#851,#852,#853);
#855=IFCLOCALPLACEMENT(#149,#854);
#856=IFCPRODUCTDEFINITIONSHAPE($,$,(#850));
#857=IFCWALL('1wA4J3MRzAvQQ0sHqW8$Y4',$,'House Main Exterior EPS 3',$,$,#872,#873,$,$);
#858=IFCCARTESIANPOINTLIST2D(((0.,0.),(0.,-50.8),(10972.8,-50.8),(10972.8,0.),(0.,0.)));
#859=IFCINDEXEDPOLYCURVE(#858,$,.F.);
#860=IFCDIRECTION((0.,0.,1.));
#861=IFCARBITRARYCLOSEDPROFILEDEF(.AREA.,$,#859);
#862=IFCCARTESIANPOINT((0.,-50.8,0.));
#863=IFCDIRECTION((0.,0.,1.));
#864=IFCDIRECTION((1.,0.,0.));
#865=IFCAXIS2PLACEMENT3D(#862,#863,#864);
#866=IFCEXTRUDEDAREASOLID(#861,#865,#860,2743.2);
#867=IFCSHAPEREPRESENTATION(#11,'Body','SweptSolid',(#866));
#868=IFCCARTESIANPOINT((10972.8,10972.8,0.));
#869=IFCDIRECTION((0.,0.,1.));
#870=IFCDIRECTION((-1.,0.,0.));
#871=IFCAXIS2PLACEMENT3D(#868,#869,#870);
#872=IFCLOCALPLACEMENT(#149,#871);
#873=IFCPRODUCTDEFINITIONSHAPE($,$,(#867));
#874=IFCWALL('1ttTnXg_XB6h5FCSKB5PZE',$,'House Main Exterior Furring 3',$,$,#889,#890,$,$);
#875=IFCCARTESIANPOINTLIST2D(((0.,0.),(0.,-12.7),(10972.8,-12.7),(10972.8,0.),(0.,0.)));
#876=IFCINDEXEDPOLYCURVE(#875,$,.F.);
#877=IFCDIRECTION((0.,0.,1.));
#878=IFCARBITRARYCLOSEDPROFILEDEF(.AREA.,$,#876);
#879=IFCCARTESIANPOINT((0.,-101.6,0.));
#880=IFCDIRECTION((0.,0.,1.));
#881=IFCDIRECTION((1.,0.,0.));
#882=IFCAXIS2PLACEMENT3D(#879,#880,#881);
#883=IFCEXTRUDEDAREASOLID(#878,#882,#877,2743.2);
#884=IFCSHAPEREPRESENTATION(#11,'Body','SweptSolid',(#883));
#885=IFCCARTESIANPOINT((10972.8,10972.8,0.));
#886=IFCDIRECTION((0.,0.,1.));
#887=IFCDIRECTION((-1.,0.,0.));
#888=IFCAXIS2PLACEMENT3D(#885,#886,#887);
#889=IFCLOCALPLACEMENT(#149,#888);
#890=IFCPRODUCTDEFINITIONSHAPE($,$,(#884));
#891=IFCWALL('3mDhbtaFn9NOQaXZbPLE5B',$,'House Main Exterior Standing Seam 3',$,$,#906,#907,$,$);
#892=IFCCARTESIANPOINTLIST2D(((0.,0.),(0.,-12.7),(10972.8,-12.7),(10972.8,0.),(0.,0.)));
#893=IFCINDEXEDPOLYCURVE(#892,$,.F.);
#894=IFCDIRECTION((0.,0.,1.));
#895=IFCARBITRARYCLOSEDPROFILEDEF(.AREA.,$,#893);
#896=IFCCARTESIANPOINT((0.,-114.3,0.));
#897=IFCDIRECTION((0.,0.,1.));
#898=IFCDIRECTION((1.,0.,0.));
#899=IFCAXIS2PLACEMENT3D(#896,#897,#898);
#900=IFCEXTRUDEDAREASOLID(#895,#899,#894,2743.2);
#901=IFCSHAPEREPRESENTATION(#11,'Body','SweptSolid',(#900));
#902=IFCCARTESIANPOINT((10972.8,10972.8,0.));
#903=IFCDIRECTION((0.,0.,1.));
#904=IFCDIRECTION((-1.,0.,0.));
#905=IFCAXIS2PLACEMENT3D(#902,#903,#904);
#906=IFCLOCALPLACEMENT(#149,#905);
#907=IFCPRODUCTDEFINITIONSHAPE($,$,(#901));
#908=IFCSTYLEDITEM(#900,(#92),$);
#909=IFCWALL('393nqwtH9Dle447fc5A1JE',$,'House Main Exterior Sheathing 4',$,$,#924,#925,$,$);
#910=IFCCARTESIANPOINTLIST2D(((0.,0.),(0.,15.875),(10972.8,15.875),(10972.8,0.),(0.,0.)));
#911=IFCINDEXEDPOLYCURVE(#910,$,.F.);
#912=IFCDIRECTION((0.,0.,1.));
#913=IFCARBITRARYCLOSEDPROFILEDEF(.AREA.,$,#911);
#914=IFCCARTESIANPOINT((0.,0.,0.));
#915=IFCDIRECTION((0.,0.,1.));
#916=IFCDIRECTION((1.,0.,0.));
#917=IFCAXIS2PLACEMENT3D(#914,#915,#916);
#918=IFCEXTRUDEDAREASOLID(#913,#917,#912,2743.2);
#919=IFCSHAPEREPRESENTATION(#11,'Body','SweptSolid',(#918));
#920=IFCCARTESIANPOINT((0.,10972.8,0.));
#921=IFCDIRECTION((0.,0.,1.));
#922=IFCDIRECTION((0.,-1.,0.));
#923=IFCAXIS2PLACEMENT3D(#920,#921,#922);
#924=IFCLOCALPLACEMENT(#149,#923);
#925=IFCPRODUCTDEFINITIONSHAPE($,$,(#919));
#926=IFCWALL('2odBYA8Sb0bBucttH_x7K0',$,'House Main Stud Wall 4',$,$,#941,#942,$,$);
#927=IFCCARTESIANPOINTLIST2D(((0.,0.),(0.,139.7),(10972.8,139.7),(10972.8,0.),(0.,0.)));
#928=IFCINDEXEDPOLYCURVE(#927,$,.F.);
#929=IFCDIRECTION((0.,0.,1.));
#930=IFCARBITRARYCLOSEDPROFILEDEF(.AREA.,$,#928);
#931=IFCCARTESIANPOINT((0.,15.875,0.));
#932=IFCDIRECTION((0.,0.,1.));
#933=IFCDIRECTION((1.,0.,0.));
#934=IFCAXIS2PLACEMENT3D(#931,#932,#933);
#935=IFCEXTRUDEDAREASOLID(#930,#934,#929,2743.2);
#936=IFCSHAPEREPRESENTATION(#11,'Body','SweptSolid',(#935));
#937=IFCCARTESIANPOINT((0.,10972.8,0.));
#938=IFCDIRECTION((0.,0.,1.));
#939=IFCDIRECTION((0.,-1.,0.));
#940=IFCAXIS2PLACEMENT3D(#937,#938,#939);
#941=IFCLOCALPLACEMENT(#149,#940);
#942=IFCPRODUCTDEFINITIONSHAPE($,$,(#936));
#943=IFCSTYLEDITEM(#935,(#74),$);
#944=IFCWALL('0qDJ_Gf3P8g8ZNbY2VWI54',$,'House Main Exterior Polyiso 4',$,$,#959,#960,$,$);
#945=IFCCARTESIANPOINTLIST2D(((0.,0.),(0.,-50.8),(10972.8,-50.8),(10972.8,0.),(0.,0.)));
#946=IFCINDEXEDPOLYCURVE(#945,$,.F.);
#947=IFCDIRECTION((0.,0.,1.));
#948=IFCARBITRARYCLOSEDPROFILEDEF(.AREA.,$,#946);
#949=IFCCARTESIANPOINT((0.,-0.,0.));
#950=IFCDIRECTION((0.,0.,1.));
#951=IFCDIRECTION((1.,0.,0.));
#952=IFCAXIS2PLACEMENT3D(#949,#950,#951);
#953=IFCEXTRUDEDAREASOLID(#948,#952,#947,2743.2);
#954=IFCSHAPEREPRESENTATION(#11,'Body','SweptSolid',(#953));
#955=IFCCARTESIANPOINT((0.,10972.8,0.));
#956=IFCDIRECTION((0.,0.,1.));
#957=IFCDIRECTION((0.,-1.,0.));
#958=IFCAXIS2PLACEMENT3D(#955,#956,#957);
#959=IFCLOCALPLACEMENT(#149,#958);
#960=IFCPRODUCTDEFINITIONSHAPE($,$,(#954));
#961=IFCWALL('3I7y2Aw81FVglJDWieTbNC',$,'House Main Exterior EPS 4',$,$,#976,#977,$,$);
#962=IFCCARTESIANPOINTLIST2D(((0.,0.),(0.,-50.8),(10972.8,-50.8),(10972.8,0.),(0.,0.)));
#963=IFCINDEXEDPOLYCURVE(#962,$,.F.);
#964=IFCDIRECTION((0.,0.,1.));
#965=IFCARBITRARYCLOSEDPROFILEDEF(.AREA.,$,#963);
#966=IFCCARTESIANPOINT((0.,-50.8,0.));
#967=IFCDIRECTION((0.,0.,1.));
#968=IFCDIRECTION((1.,0.,0.));
#969=IFCAXIS2PLACEMENT3D(#966,#967,#968);
#970=IFCEXTRUDEDAREASOLID(#965,#969,#964,2743.2);
#971=IFCSHAPEREPRESENTATION(#11,'Body','SweptSolid',(#970));
#972=IFCCARTESIANPOINT((0.,10972.8,0.));
#973=IFCDIRECTION((0.,0.,1.));
#974=IFCDIRECTION((0.,-1.,0.));
#975=IFCAXIS2PLACEMENT3D(#972,#973,#974);
#976=IFCLOCALPLACEMENT(#149,#975);
#977=IFCPRODUCTDEFINITIONSHAPE($,$,(#971));
#978=IFCWALL('2fCyTxBtDD0h$Mkws$_Hdt',$,'House Main Exterior Furring 4',$,$,#993,#994,$,$);
#979=IFCCARTESIANPOINTLIST2D(((0.,0.),(0.,-12.7),(10972.8,-12.7),(10972.8,0.),(0.,0.)));
#980=IFCINDEXEDPOLYCURVE(#979,$,.F.);
#981=IFCDIRECTION((0.,0.,1.));
#982=IFCARBITRARYCLOSEDPROFILEDEF(.AREA.,$,#980);
#983=IFCCARTESIANPOINT((0.,-101.6,0.));
#984=IFCDIRECTION((0.,0.,1.));
#985=IFCDIRECTION((1.,0.,0.));
#986=IFCAXIS2PLACEMENT3D(#983,#984,#985);
#987=IFCEXTRUDEDAREASOLID(#982,#986,#981,2743.2);
#988=IFCSHAPEREPRESENTATION(#11,'Body','SweptSolid',(#987));
#989=IFCCARTESIANPOINT((0.,10972.8,0.));
#990=IFCDIRECTION((0.,0.,1.));
#991=IFCDIRECTION((0.,-1.,0.));
#992=IFCAXIS2PLACEMENT3D(#989,#990,#991);
#993=IFCLOCALPLACEMENT(#149,#992);
#994=IFCPRODUCTDEFINITIONSHAPE($,$,(#988));
#995=IFCWALL('2xBF9Jm256OwXhwCdONFrS',$,'House Main Exterior Standing Seam 4',$,$,#1010,#1011,$,$);
#996=IFCCARTESIANPOINTLIST2D(((0.,0.),(0.,-12.7),(10972.8,-12.7),(10972.8,0.),(0.,0.)));
#997=IFCINDEXEDPOLYCURVE(#996,$,.F.);
#998=IFCDIRECTION((0.,0.,1.));
#999=IFCARBITRARYCLOSEDPROFILEDEF(.AREA.,$,#997);
#1000=IFCCARTESIANPOINT((0.,-114.3,0.));
#1001=IFCDIRECTION((0.,0.,1.));
#1002=IFCDIRECTION((1.,0.,0.));
#1003=IFCAXIS2PLACEMENT3D(#1000,#1001,#1002);
#1004=IFCEXTRUDEDAREASOLID(#999,#1003,#998,2743.2);
#1005=IFCSHAPEREPRESENTATION(#11,'Body','SweptSolid',(#1004));
#1006=IFCCARTESIANPOINT((0.,10972.8,0.));
#1007=IFCDIRECTION((0.,0.,1.));
#1008=IFCDIRECTION((0.,-1.,0.));
#1009=IFCAXIS2PLACEMENT3D(#1006,#1007,#1008);
#1010=IFCLOCALPLACEMENT(#149,#1009);
#1011=IFCPRODUCTDEFINITIONSHAPE($,$,(#1005));
#1012=IFCSTYLEDITEM(#1004,(#92),$);
#1013=IFCSTYLEDITEM(#606,(#44),$);
#1014=IFCSTYLEDITEM(#710,(#44),$);
#1015=IFCSTYLEDITEM(#814,(#44),$);
#1016=IFCSTYLEDITEM(#918,(#44),$);
#1017=IFCSTYLEDITEM(#641,(#50),$);
#1018=IFCSTYLEDITEM(#745,(#50),$);
#1019=IFCSTYLEDITEM(#849,(#50),$);
#1020=IFCSTYLEDITEM(#953,(#50),$);
#1021=IFCSTYLEDITEM(#658,(#56),$);
#1022=IFCSTYLEDITEM(#762,(#56),$);
#1023=IFCSTYLEDITEM(#866,(#56),$);
#1024=IFCSTYLEDITEM(#970,(#56),$);
#1025=IFCSTYLEDITEM(#675,(#74),$);
#1026=IFCSTYLEDITEM(#779,(#74),$);
#1027=IFCSTYLEDITEM(#883,(#74),$);
#1028=IFCSTYLEDITEM(#987,(#74),$);
#1029=IFCWALL('00x95o_O1EMvq2Kfgf9nJz',$,'House Second Exterior Sheathing 1',$,$,#1044,#1045,$,$);
#1030=IFCCARTESIANPOINTLIST2D(((0.,0.),(0.,15.875),(10972.8,15.875),(10972.8,0.),(0.,0.)));
#1031=IFCINDEXEDPOLYCURVE(#1030,$,.F.);
#1032=IFCDIRECTION((0.,0.,1.));
#1033=IFCARBITRARYCLOSEDPROFILEDEF(.AREA.,$,#1031);
#1034=IFCCARTESIANPOINT((0.,0.,0.));
#1035=IFCDIRECTION((0.,0.,1.));
#1036=IFCDIRECTION((1.,0.,0.));
#1037=IFCAXIS2PLACEMENT3D(#1034,#1035,#1036);
#1038=IFCEXTRUDEDAREASOLID(#1033,#1037,#1032,2743.2);
#1039=IFCSHAPEREPRESENTATION(#11,'Body','SweptSolid',(#1038));
#1040=IFCCARTESIANPOINT((0.,0.,0.));
#1041=IFCDIRECTION((0.,0.,1.));
#1042=IFCDIRECTION((1.,0.,0.));
#1043=IFCAXIS2PLACEMENT3D(#1040,#1041,#1042);
#1044=IFCLOCALPLACEMENT(#155,#1043);
#1045=IFCPRODUCTDEFINITIONSHAPE($,$,(#1039));
#1046=IFCWALL('3Bmjw63qDE2Oma8qrRd6dq',$,'House Second Stud Wall 1',$,$,#1061,#1062,$,$);
#1047=IFCCARTESIANPOINTLIST2D(((0.,0.),(0.,88.9),(10972.8,88.9),(10972.8,0.),(0.,0.)));
#1048=IFCINDEXEDPOLYCURVE(#1047,$,.F.);
#1049=IFCDIRECTION((0.,0.,1.));
#1050=IFCARBITRARYCLOSEDPROFILEDEF(.AREA.,$,#1048);
#1051=IFCCARTESIANPOINT((0.,15.875,0.));
#1052=IFCDIRECTION((0.,0.,1.));
#1053=IFCDIRECTION((1.,0.,0.));
#1054=IFCAXIS2PLACEMENT3D(#1051,#1052,#1053);
#1055=IFCEXTRUDEDAREASOLID(#1050,#1054,#1049,2743.2);
#1056=IFCSHAPEREPRESENTATION(#11,'Body','SweptSolid',(#1055));
#1057=IFCCARTESIANPOINT((0.,0.,0.));
#1058=IFCDIRECTION((0.,0.,1.));
#1059=IFCDIRECTION((1.,0.,0.));
#1060=IFCAXIS2PLACEMENT3D(#1057,#1058,#1059);
#1061=IFCLOCALPLACEMENT(#155,#1060);
#1062=IFCPRODUCTDEFINITIONSHAPE($,$,(#1056));
#1063=IFCSTYLEDITEM(#1055,(#74),$);
#1064=IFCWALL('1qPI1MrLzF7gfVMDIh6qDa',$,'House Second Exterior Polyiso 1',$,$,#1079,#1080,$,$);
#1065=IFCCARTESIANPOINTLIST2D(((0.,0.),(0.,-50.8),(10972.8,-50.8),(10972.8,0.),(0.,0.)));
#1066=IFCINDEXEDPOLYCURVE(#1065,$,.F.);
#1067=IFCDIRECTION((0.,0.,1.));
#1068=IFCARBITRARYCLOSEDPROFILEDEF(.AREA.,$,#1066);
#1069=IFCCARTESIANPOINT((0.,-0.,0.));
#1070=IFCDIRECTION((0.,0.,1.));
#1071=IFCDIRECTION((1.,0.,0.));
#1072=IFCAXIS2PLACEMENT3D(#1069,#1070,#1071);
#1073=IFCEXTRUDEDAREASOLID(#1068,#1072,#1067,2743.2);
#1074=IFCSHAPEREPRESENTATION(#11,'Body','SweptSolid',(#1073));
#1075=IFCCARTESIANPOINT((0.,0.,0.));
#1076=IFCDIRECTION((0.,0.,1.));
#1077=IFCDIRECTION((1.,0.,0.));
#1078=IFCAXIS2PLACEMENT3D(#1075,#1076,#1077);
#1079=IFCLOCALPLACEMENT(#155,#1078);
#1080=IFCPRODUCTDEFINITIONSHAPE($,$,(#1074));
#1081=IFCWALL('1ik7P3iP54gBMq_69k$rCn',$,'House Second Exterior EPS 1',$,$,#1096,#1097,$,$);
#1082=IFCCARTESIANPOINTLIST2D(((0.,0.),(0.,-50.8),(10972.8,-50.8),(10972.8,0.),(0.,0.)));
#1083=IFCINDEXEDPOLYCURVE(#1082,$,.F.);
#1084=IFCDIRECTION((0.,0.,1.));
#1085=IFCARBITRARYCLOSEDPROFILEDEF(.AREA.,$,#1083);
#1086=IFCCARTESIANPOINT((0.,-50.8,0.));
#1087=IFCDIRECTION((0.,0.,1.));
#1088=IFCDIRECTION((1.,0.,0.));
#1089=IFCAXIS2PLACEMENT3D(#1086,#1087,#1088);
#1090=IFCEXTRUDEDAREASOLID(#1085,#1089,#1084,2743.2);
#1091=IFCSHAPEREPRESENTATION(#11,'Body','SweptSolid',(#1090));
#1092=IFCCARTESIANPOINT((0.,0.,0.));
#1093=IFCDIRECTION((0.,0.,1.));
#1094=IFCDIRECTION((1.,0.,0.));
#1095=IFCAXIS2PLACEMENT3D(#1092,#1093,#1094);
#1096=IFCLOCALPLACEMENT(#155,#1095);
#1097=IFCPRODUCTDEFINITIONSHAPE($,$,(#1091));
#1098=IFCWALL('1NOOFLOzL1YxA3WO21DieJ',$,'House Second Exterior Furring 1',$,$,#1113,#1114,$,$);
#1099=IFCCARTESIANPOINTLIST2D(((0.,0.),(0.,-12.7),(10972.8,-12.7),(10972.8,0.),(0.,0.)));
#1100=IFCINDEXEDPOLYCURVE(#1099,$,.F.);
#1101=IFCDIRECTION((0.,0.,1.));
#1102=IFCARBITRARYCLOSEDPROFILEDEF(.AREA.,$,#1100);
#1103=IFCCARTESIANPOINT((0.,-101.6,0.));
#1104=IFCDIRECTION((0.,0.,1.));
#1105=IFCDIRECTION((1.,0.,0.));
#1106=IFCAXIS2PLACEMENT3D(#1103,#1104,#1105);
#1107=IFCEXTRUDEDAREASOLID(#1102,#1106,#1101,2743.2);
#1108=IFCSHAPEREPRESENTATION(#11,'Body','SweptSolid',(#1107));
#1109=IFCCARTESIANPOINT((0.,0.,0.));
#1110=IFCDIRECTION((0.,0.,1.));
#1111=IFCDIRECTION((1.,0.,0.));
#1112=IFCAXIS2PLACEMENT3D(#1109,#1110,#1111);
#1113=IFCLOCALPLACEMENT(#155,#1112);
#1114=IFCPRODUCTDEFINITIONSHAPE($,$,(#1108));
#1115=IFCWALL('3clxbDIizCxebWjICpbOQl',$,'House Second Exterior Standing Seam 1',$,$,#1130,#1131,$,$);
#1116=IFCCARTESIANPOINTLIST2D(((0.,0.),(0.,-12.7),(10972.8,-12.7),(10972.8,0.),(0.,0.)));
#1117=IFCINDEXEDPOLYCURVE(#1116,$,.F.);
#1118=IFCDIRECTION((0.,0.,1.));
#1119=IFCARBITRARYCLOSEDPROFILEDEF(.AREA.,$,#1117);
#1120=IFCCARTESIANPOINT((0.,-114.3,0.));
#1121=IFCDIRECTION((0.,0.,1.));
#1122=IFCDIRECTION((1.,0.,0.));
#1123=IFCAXIS2PLACEMENT3D(#1120,#1121,#1122);
#1124=IFCEXTRUDEDAREASOLID(#1119,#1123,#1118,2743.2);
#1125=IFCSHAPEREPRESENTATION(#11,'Body','SweptSolid',(#1124));
#1126=IFCCARTESIANPOINT((0.,0.,0.));
#1127=IFCDIRECTION((0.,0.,1.));
#1128=IFCDIRECTION((1.,0.,0.));
#1129=IFCAXIS2PLACEMENT3D(#1126,#1127,#1128);
#1130=IFCLOCALPLACEMENT(#155,#1129);
#1131=IFCPRODUCTDEFINITIONSHAPE($,$,(#1125));
#1132=IFCSTYLEDITEM(#1124,(#92),$);
#1133=IFCWALL('2Eig4r4SLF8w01N1KVBzD8',$,'House Second Exterior Sheathing 2',$,$,#1148,#1149,$,$);
#1134=IFCCARTESIANPOINTLIST2D(((0.,0.),(0.,15.875),(10972.8,15.875),(10972.8,0.),(0.,0.)));
#1135=IFCINDEXEDPOLYCURVE(#1134,$,.F.);
#1136=IFCDIRECTION((0.,0.,1.));
#1137=IFCARBITRARYCLOSEDPROFILEDEF(.AREA.,$,#1135);
#1138=IFCCARTESIANPOINT((0.,0.,0.));
#1139=IFCDIRECTION((0.,0.,1.));
#1140=IFCDIRECTION((1.,0.,0.));
#1141=IFCAXIS2PLACEMENT3D(#1138,#1139,#1140);
#1142=IFCEXTRUDEDAREASOLID(#1137,#1141,#1136,2743.2);
#1143=IFCSHAPEREPRESENTATION(#11,'Body','SweptSolid',(#1142));
#1144=IFCCARTESIANPOINT((10972.8,0.,0.));
#1145=IFCDIRECTION((0.,0.,1.));
#1146=IFCDIRECTION((0.,1.,0.));
#1147=IFCAXIS2PLACEMENT3D(#1144,#1145,#1146);
#1148=IFCLOCALPLACEMENT(#155,#1147);
#1149=IFCPRODUCTDEFINITIONSHAPE($,$,(#1143));
#1150=IFCWALL('1eXT$J4_v56Og5qsjG1j5X',$,'House Second Stud Wall 2',$,$,#1165,#1166,$,$);
#1151=IFCCARTESIANPOINTLIST2D(((0.,0.),(0.,88.9),(10972.8,88.9),(10972.8,0.),(0.,0.)));
#1152=IFCINDEXEDPOLYCURVE(#1151,$,.F.);
#1153=IFCDIRECTION((0.,0.,1.));
#1154=IFCARBITRARYCLOSEDPROFILEDEF(.AREA.,$,#1152);
#1155=IFCCARTESIANPOINT((0.,15.875,0.));
#1156=IFCDIRECTION((0.,0.,1.));
#1157=IFCDIRECTION((1.,0.,0.));
#1158=IFCAXIS2PLACEMENT3D(#1155,#1156,#1157);
#1159=IFCEXTRUDEDAREASOLID(#1154,#1158,#1153,2743.2);
#1160=IFCSHAPEREPRESENTATION(#11,'Body','SweptSolid',(#1159));
#1161=IFCCARTESIANPOINT((10972.8,0.,0.));
#1162=IFCDIRECTION((0.,0.,1.));
#1163=IFCDIRECTION((0.,1.,0.));
#1164=IFCAXIS2PLACEMENT3D(#1161,#1162,#1163);
#1165=IFCLOCALPLACEMENT(#155,#1164);
#1166=IFCPRODUCTDEFINITIONSHAPE($,$,(#1160));
#1167=IFCSTYLEDITEM(#1159,(#74),$);
#1168=IFCWALL('0f7tbN1IXCN8E7ZsAfSnJn',$,'House Second Exterior Polyiso 2',$,$,#1183,#1184,$,$);
#1169=IFCCARTESIANPOINTLIST2D(((0.,0.),(0.,-50.8),(10972.8,-50.8),(10972.8,0.),(0.,0.)));
#1170=IFCINDEXEDPOLYCURVE(#1169,$,.F.);
#1171=IFCDIRECTION((0.,0.,1.));
#1172=IFCARBITRARYCLOSEDPROFILEDEF(.AREA.,$,#1170);
#1173=IFCCARTESIANPOINT((0.,-0.,0.));
#1174=IFCDIRECTION((0.,0.,1.));
#1175=IFCDIRECTION((1.,0.,0.));
#1176=IFCAXIS2PLACEMENT3D(#1173,#1174,#1175);
#1177=IFCEXTRUDEDAREASOLID(#1172,#1176,#1171,2743.2);
#1178=IFCSHAPEREPRESENTATION(#11,'Body','SweptSolid',(#1177));
#1179=IFCCARTESIANPOINT((10972.8,0.,0.));
#1180=IFCDIRECTION((0.,0.,1.));
#1181=IFCDIRECTION((0.,1.,0.));
#1182=IFCAXIS2PLACEMENT3D(#1179,#1180,#1181);
#1183=IFCLOCALPLACEMENT(#155,#1182);
#1184=IFCPRODUCTDEFINITIONSHAPE($,$,(#1178));
#1185=IFCWALL('3ohTvDbNn2QvyIjYyMqPGC',$,'House Second Exterior EPS 2',$,$,#1200,#1201,$,$);
#1186=IFCCARTESIANPOINTLIST2D(((0.,0.),(0.,-50.8),(10972.8,-50.8),(10972.8,0.),(0.,0.)));
#1187=IFCINDEXEDPOLYCURVE(#1186,$,.F.);
#1188=IFCDIRECTION((0.,0.,1.));
#1189=IFCARBITRARYCLOSEDPROFILEDEF(.AREA.,$,#1187);
#1190=IFCCARTESIANPOINT((0.,-50.8,0.));
#1191=IFCDIRECTION((0.,0.,1.));
#1192=IFCDIRECTION((1.,0.,0.));
#1193=IFCAXIS2PLACEMENT3D(#1190,#1191,#1192);
#1194=IFCEXTRUDEDAREASOLID(#1189,#1193,#1188,2743.2);
#1195=IFCSHAPEREPRESENTATION(#11,'Body','SweptSolid',(#1194));
#1196=IFCCARTESIANPOINT((10972.8,0.,0.));
#1197=IFCDIRECTION((0.,0.,1.));
#1198=IFCDIRECTION((0.,1.,0.));
#1199=IFCAXIS2PLACEMENT3D(#1196,#1197,#1198);
#1200=IFCLOCALPLACEMENT(#155,#1199);
#1201=IFCPRODUCTDEFINITIONSHAPE($,$,(#1195));
#1202=IFCWALL('07U9U$urDD98_8h5JzOHta',$,'House Second Exterior Furring 2',$,$,#1217,#1218,$,$);
#1203=IFCCARTESIANPOINTLIST2D(((0.,0.),(0.,-12.7),(10972.8,-12.7),(10972.8,0.),(0.,0.)));
#1204=IFCINDEXEDPOLYCURVE(#1203,$,.F.);
#1205=IFCDIRECTION((0.,0.,1.));
#1206=IFCARBITRARYCLOSEDPROFILEDEF(.AREA.,$,#1204);
#1207=IFCCARTESIANPOINT((0.,-101.6,0.));
#1208=IFCDIRECTION((0.,0.,1.));
#1209=IFCDIRECTION((1.,0.,0.));
#1210=IFCAXIS2PLACEMENT3D(#1207,#1208,#1209);
#1211=IFCEXTRUDEDAREASOLID(#1206,#1210,#1205,2743.2);
#1212=IFCSHAPEREPRESENTATION(#11,'Body','SweptSolid',(#1211));
#1213=IFCCARTESIANPOINT((10972.8,0.,0.));
#1214=IFCDIRECTION((0.,0.,1.));
#1215=IFCDIRECTION((0.,1.,0.));
#1216=IFCAXIS2PLACEMENT3D(#1213,#1214,#1215);
#1217=IFCLOCALPLACEMENT(#155,#1216);
#1218=IFCPRODUCTDEFINITIONSHAPE($,$,(#1212));
#1219=IFCWALL('3Fqa1_FM93fv$qMXcw0I71',$,'House Second Exterior Standing Seam 2',$,$,#1234,#1235,$,$);
#1220=IFCCARTESIANPOINTLIST2D(((0.,0.),(0.,-12.7),(10972.8,-12.7),(10972.8,0.),(0.,0.)));
#1221=IFCINDEXEDPOLYCURVE(#1220,$,.F.);
#1222=IFCDIRECTION((0.,0.,1.));
#1223=IFCARBITRARYCLOSEDPROFILEDEF(.AREA.,$,#1221);
#1224=IFCCARTESIANPOINT((0.,-114.3,0.));
#1225=IFCDIRECTION((0.,0.,1.));
#1226=IFCDIRECTION((1.,0.,0.));
#1227=IFCAXIS2PLACEMENT3D(#1224,#1225,#1226);
#1228=IFCEXTRUDEDAREASOLID(#1223,#1227,#1222,2743.2);
#1229=IFCSHAPEREPRESENTATION(#11,'Body','SweptSolid',(#1228));
#1230=IFCCARTESIANPOINT((10972.8,0.,0.));
#1231=IFCDIRECTION((0.,0.,1.));
#1232=IFCDIRECTION((0.,1.,0.));
#1233=IFCAXIS2PLACEMENT3D(#1230,#1231,#1232);
#1234=IFCLOCALPLACEMENT(#155,#1233);
#1235=IFCPRODUCTDEFINITIONSHAPE($,$,(#1229));
#1236=IFCSTYLEDITEM(#1228,(#92),$);
#1237=IFCWALL('0ktmxLsE99eP48X7jl4NaU',$,'House Second Exterior Sheathing 3',$,$,#1252,#1253,$,$);
#1238=IFCCARTESIANPOINTLIST2D(((0.,0.),(0.,15.875),(10972.8,15.875),(10972.8,0.),(0.,0.)));
#1239=IFCINDEXEDPOLYCURVE(#1238,$,.F.);
#1240=IFCDIRECTION((0.,0.,1.));
#1241=IFCARBITRARYCLOSEDPROFILEDEF(.AREA.,$,#1239);
#1242=IFCCARTESIANPOINT((0.,0.,0.));
#1243=IFCDIRECTION((0.,0.,1.));
#1244=IFCDIRECTION((1.,0.,0.));
#1245=IFCAXIS2PLACEMENT3D(#1242,#1243,#1244);
#1246=IFCEXTRUDEDAREASOLID(#1241,#1245,#1240,2743.2);
#1247=IFCSHAPEREPRESENTATION(#11,'Body','SweptSolid',(#1246));
#1248=IFCCARTESIANPOINT((10972.8,10972.8,0.));
#1249=IFCDIRECTION((0.,0.,1.));
#1250=IFCDIRECTION((-1.,0.,0.));
#1251=IFCAXIS2PLACEMENT3D(#1248,#1249,#1250);
#1252=IFCLOCALPLACEMENT(#155,#1251);
#1253=IFCPRODUCTDEFINITIONSHAPE($,$,(#1247));
#1254=IFCWALL('00koYvDf9FPhPiWsMiXRYy',$,'House Second Stud Wall 3',$,$,#1269,#1270,$,$);
#1255=IFCCARTESIANPOINTLIST2D(((0.,0.),(0.,88.9),(10972.8,88.9),(10972.8,0.),(0.,0.)));
#1256=IFCINDEXEDPOLYCURVE(#1255,$,.F.);
#1257=IFCDIRECTION((0.,0.,1.));
#1258=IFCARBITRARYCLOSEDPROFILEDEF(.AREA.,$,#1256);
#1259=IFCCARTESIANPOINT((0.,15.875,0.));
#1260=IFCDIRECTION((0.,0.,1.));
#1261=IFCDIRECTION((1.,0.,0.));
#1262=IFCAXIS2PLACEMENT3D(#1259,#1260,#1261);
#1263=IFCEXTRUDEDAREASOLID(#1258,#1262,#1257,2743.2);
#1264=IFCSHAPEREPRESENTATION(#11,'Body','SweptSolid',(#1263));
#1265=IFCCARTESIANPOINT((10972.8,10972.8,0.));
#1266=IFCDIRECTION((0.,0.,1.));
#1267=IFCDIRECTION((-1.,0.,0.));
#1268=IFCAXIS2PLACEMENT3D(#1265,#1266,#1267);
#1269=IFCLOCALPLACEMENT(#155,#1268);
#1270=IFCPRODUCTDEFINITIONSHAPE($,$,(#1264));
#1271=IFCSTYLEDITEM(#1263,(#74),$);
#1272=IFCWALL('0_cwAXsaf4rhbmzEistMK4',$,'House Second Exterior Polyiso 3',$,$,#1287,#1288,$,$);
#1273=IFCCARTESIANPOINTLIST2D(((0.,0.),(0.,-50.8),(10972.8,-50.8),(10972.8,0.),(0.,0.)));
#1274=IFCINDEXEDPOLYCURVE(#1273,$,.F.);
#1275=IFCDIRECTION((0.,0.,1.));
#1276=IFCARBITRARYCLOSEDPROFILEDEF(.AREA.,$,#1274);
#1277=IFCCARTESIANPOINT((0.,-0.,0.));
#1278=IFCDIRECTION((0.,0.,1.));
#1279=IFCDIRECTION((1.,0.,0.));
#1280=IFCAXIS2PLACEMENT3D(#1277,#1278,#1279);
#1281=IFCEXTRUDEDAREASOLID(#1276,#1280,#1275,2743.2);
#1282=IFCSHAPEREPRESENTATION(#11,'Body','SweptSolid',(#1281));
#1283=IFCCARTESIANPOINT((10972.8,10972.8,0.));
#1284=IFCDIRECTION((0.,0.,1.));
#1285=IFCDIRECTION((-1.,0.,0.));
#1286=IFCAXIS2PLACEMENT3D(#1283,#1284,#1285);
#1287=IFCLOCALPLACEMENT(#155,#1286);
#1288=IFCPRODUCTDEFINITIONSHAPE($,$,(#1282));
#1289=IFCWALL('13fEhnUOb07AnRM9kw$C3A',$,'House Second Exterior EPS 3',$,$,#1304,#1305,$,$);
#1290=IFCCARTESIANPOINTLIST2D(((0.,0.),(0.,-50.8),(10972.8,-50.8),(10972.8,0.),(0.,0.)));
#1291=IFCINDEXEDPOLYCURVE(#1290,$,.F.);
#1292=IFCDIRECTION((0.,0.,1.));
#1293=IFCARBITRARYCLOSEDPROFILEDEF(.AREA.,$,#1291);
#1294=IFCCARTESIANPOINT((0.,-50.8,0.));
#1295=IFCDIRECTION((0.,0.,1.));
#1296=IFCDIRECTION((1.,0.,0.));
#1297=IFCAXIS2PLACEMENT3D(#1294,#1295,#1296);
#1298=IFCEXTRUDEDAREASOLID(#1293,#1297,#1292,2743.2);
#1299=IFCSHAPEREPRESENTATION(#11,'Body','SweptSolid',(#1298));
#1300=IFCCARTESIANPOINT((10972.8,10972.8,0.));
#1301=IFCDIRECTION((0.,0.,1.));
#1302=IFCDIRECTION((-1.,0.,0.));
#1303=IFCAXIS2PLACEMENT3D(#1300,#1301,#1302);
#1304=IFCLOCALPLACEMENT(#155,#1303);
#1305=IFCPRODUCTDEFINITIONSHAPE($,$,(#1299));
#1306=IFCWALL('01DLm$Cfb7Awrogjil51Xm',$,'House Second Exterior Furring 3',$,$,#1321,#1322,$,$);
#1307=IFCCARTESIANPOINTLIST2D(((0.,0.),(0.,-12.7),(10972.8,-12.7),(10972.8,0.),(0.,0.)));
#1308=IFCINDEXEDPOLYCURVE(#1307,$,.F.);
#1309=IFCDIRECTION((0.,0.,1.));
#1310=IFCARBITRARYCLOSEDPROFILEDEF(.AREA.,$,#1308);
#1311=IFCCARTESIANPOINT((0.,-101.6,0.));
#1312=IFCDIRECTION((0.,0.,1.));
#1313=IFCDIRECTION((1.,0.,0.));
#1314=IFCAXIS2PLACEMENT3D(#1311,#1312,#1313);
#1315=IFCEXTRUDEDAREASOLID(#1310,#1314,#1309,2743.2);
#1316=IFCSHAPEREPRESENTATION(#11,'Body','SweptSolid',(#1315));
#1317=IFCCARTESIANPOINT((10972.8,10972.8,0.));
#1318=IFCDIRECTION((0.,0.,1.));
#1319=IFCDIRECTION((-1.,0.,0.));
#1320=IFCAXIS2PLACEMENT3D(#1317,#1318,#1319);
#1321=IFCLOCALPLACEMENT(#155,#1320);
#1322=IFCPRODUCTDEFINITIONSHAPE($,$,(#1316));
#1323=IFCWALL('0GPXlXyoj0O8couFVGjI3z',$,'House Second Exterior Standing Seam 3',$,$,#1338,#1339,$,$);
#1324=IFCCARTESIANPOINTLIST2D(((0.,0.),(0.,-12.7),(10972.8,-12.7),(10972.8,0.),(0.,0.)));
#1325=IFCINDEXEDPOLYCURVE(#1324,$,.F.);
#1326=IFCDIRECTION((0.,0.,1.));
#1327=IFCARBITRARYCLOSEDPROFILEDEF(.AREA.,$,#1325);
#1328=IFCCARTESIANPOINT((0.,-114.3,0.));
#1329=IFCDIRECTION((0.,0.,1.));
#1330=IFCDIRECTION((1.,0.,0.));
#1331=IFCAXIS2PLACEMENT3D(#1328,#1329,#1330);
#1332=IFCEXTRUDEDAREASOLID(#1327,#1331,#1326,2743.2);
#1333=IFCSHAPEREPRESENTATION(#11,'Body','SweptSolid',(#1332));
#1334=IFCCARTESIANPOINT((10972.8,10972.8,0.));
#1335=IFCDIRECTION((0.,0.,1.));
#1336=IFCDIRECTION((-1.,0.,0.));
#1337=IFCAXIS2PLACEMENT3D(#1334,#1335,#1336);
#1338=IFCLOCALPLACEMENT(#155,#1337);
#1339=IFCPRODUCTDEFINITIONSHAPE($,$,(#1333));
#1340=IFCSTYLEDITEM(#1332,(#92),$);
#1341=IFCWALL('2e_4H4JDH1kPQ6nD0A$C9H',$,'House Second Exterior Sheathing 4',$,$,#1356,#1357,$,$);
#1342=IFCCARTESIANPOINTLIST2D(((0.,0.),(0.,15.875),(10972.8,15.875),(10972.8,0.),(0.,0.)));
#1343=IFCINDEXEDPOLYCURVE(#1342,$,.F.);
#1344=IFCDIRECTION((0.,0.,1.));
#1345=IFCARBITRARYCLOSEDPROFILEDEF(.AREA.,$,#1343);
#1346=IFCCARTESIANPOINT((0.,0.,0.));
#1347=IFCDIRECTION((0.,0.,1.));
#1348=IFCDIRECTION((1.,0.,0.));
#1349=IFCAXIS2PLACEMENT3D(#1346,#1347,#1348);
#1350=IFCEXTRUDEDAREASOLID(#1345,#1349,#1344,2743.2);
#1351=IFCSHAPEREPRESENTATION(#11,'Body','SweptSolid',(#1350));
#1352=IFCCARTESIANPOINT((0.,10972.8,0.));
#1353=IFCDIRECTION((0.,0.,1.));
#1354=IFCDIRECTION((0.,-1.,0.));
#1355=IFCAXIS2PLACEMENT3D(#1352,#1353,#1354);
#1356=IFCLOCALPLACEMENT(#155,#1355);
#1357=IFCPRODUCTDEFINITIONSHAPE($,$,(#1351));
#1358=IFCWALL('3ZrOuAo5LDg81B5gTQwweU',$,'House Second Stud Wall 4',$,$,#1373,#1374,$,$);
#1359=IFCCARTESIANPOINTLIST2D(((0.,0.),(0.,88.9),(10972.8,88.9),(10972.8,0.),(0.,0.)));
#1360=IFCINDEXEDPOLYCURVE(#1359,$,.F.);
#1361=IFCDIRECTION((0.,0.,1.));
#1362=IFCARBITRARYCLOSEDPROFILEDEF(.AREA.,$,#1360);
#1363=IFCCARTESIANPOINT((0.,15.875,0.));
#1364=IFCDIRECTION((0.,0.,1.));
#1365=IFCDIRECTION((1.,0.,0.));
#1366=IFCAXIS2PLACEMENT3D(#1363,#1364,#1365);
#1367=IFCEXTRUDEDAREASOLID(#1362,#1366,#1361,2743.2);
#1368=IFCSHAPEREPRESENTATION(#11,'Body','SweptSolid',(#1367));
#1369=IFCCARTESIANPOINT((0.,10972.8,0.));
#1370=IFCDIRECTION((0.,0.,1.));
#1371=IFCDIRECTION((0.,-1.,0.));
#1372=IFCAXIS2PLACEMENT3D(#1369,#1370,#1371);
#1373=IFCLOCALPLACEMENT(#155,#1372);
#1374=IFCPRODUCTDEFINITIONSHAPE($,$,(#1368));
#1375=IFCSTYLEDITEM(#1367,(#74),$);
#1376=IFCWALL('0Z1H$f58DF2A90jlejvT7P',$,'House Second Exterior Polyiso 4',$,$,#1391,#1392,$,$);
#1377=IFCCARTESIANPOINTLIST2D(((0.,0.),(0.,-50.8),(10972.8,-50.8),(10972.8,0.),(0.,0.)));
#1378=IFCINDEXEDPOLYCURVE(#1377,$,.F.);
#1379=IFCDIRECTION((0.,0.,1.));
#1380=IFCARBITRARYCLOSEDPROFILEDEF(.AREA.,$,#1378);
#1381=IFCCARTESIANPOINT((0.,-0.,0.));
#1382=IFCDIRECTION((0.,0.,1.));
#1383=IFCDIRECTION((1.,0.,0.));
#1384=IFCAXIS2PLACEMENT3D(#1381,#1382,#1383);
#1385=IFCEXTRUDEDAREASOLID(#1380,#1384,#1379,2743.2);
#1386=IFCSHAPEREPRESENTATION(#11,'Body','SweptSolid',(#1385));
#1387=IFCCARTESIANPOINT((0.,10972.8,0.));
#1388=IFCDIRECTION((0.,0.,1.));
#1389=IFCDIRECTION((0.,-1.,0.));
#1390=IFCAXIS2PLACEMENT3D(#1387,#1388,#1389);
#1391=IFCLOCALPLACEMENT(#155,#1390);
#1392=IFCPRODUCTDEFINITIONSHAPE($,$,(#1386));
#1393=IFCWALL('3n0GiFJ3P2GOxZeWHgz9Xv',$,'House Second Exterior EPS 4',$,$,#1408,#1409,$,$);
#1394=IFCCARTESIANPOINTLIST2D(((0.,0.),(0.,-50.8),(10972.8,-50.8),(10972.8,0.),(0.,0.)));
#1395=IFCINDEXEDPOLYCURVE(#1394,$,.F.);
#1396=IFCDIRECTION((0.,0.,1.));
#1397=IFCARBITRARYCLOSEDPROFILEDEF(.AREA.,$,#1395);
#1398=IFCCARTESIANPOINT((0.,-50.8,0.));
#1399=IFCDIRECTION((0.,0.,1.));
#1400=IFCDIRECTION((1.,0.,0.));
#1401=IFCAXIS2PLACEMENT3D(#1398,#1399,#1400);
#1402=IFCEXTRUDEDAREASOLID(#1397,#1401,#1396,2743.2);
#1403=IFCSHAPEREPRESENTATION(#11,'Body','SweptSolid',(#1402));
#1404=IFCCARTESIANPOINT((0.,10972.8,0.));
#1405=IFCDIRECTION((0.,0.,1.));
#1406=IFCDIRECTION((0.,-1.,0.));
#1407=IFCAXIS2PLACEMENT3D(#1404,#1405,#1406);
#1408=IFCLOCALPLACEMENT(#155,#1407);
#1409=IFCPRODUCTDEFINITIONSHAPE($,$,(#1403));
#1410=IFCWALL('2OhDgJLSjC2f$a6yHjFRd9',$,'House Second Exterior Furring 4',$,$,#1425,#1426,$,$);
#1411=IFCCARTESIANPOINTLIST2D(((0.,0.),(0.,-12.7),(10972.8,-12.7),(10972.8,0.),(0.,0.)));
#1412=IFCINDEXEDPOLYCURVE(#1411,$,.F.);
#1413=IFCDIRECTION((0.,0.,1.));
#1414=IFCARBITRARYCLOSEDPROFILEDEF(.AREA.,$,#1412);
#1415=IFCCARTESIANPOINT((0.,-101.6,0.));
#1416=IFCDIRECTION((0.,0.,1.));
#1417=IFCDIRECTION((1.,0.,0.));
#1418=IFCAXIS2PLACEMENT3D(#1415,#1416,#1417);
#1419=IFCEXTRUDEDAREASOLID(#1414,#1418,#1413,2743.2);
#1420=IFCSHAPEREPRESENTATION(#11,'Body','SweptSolid',(#1419));
#1421=IFCCARTESIANPOINT((0.,10972.8,0.));
#1422=IFCDIRECTION((0.,0.,1.));
#1423=IFCDIRECTION((0.,-1.,0.));
#1424=IFCAXIS2PLACEMENT3D(#1421,#1422,#1423);
#1425=IFCLOCALPLACEMENT(#155,#1424);
#1426=IFCPRODUCTDEFINITIONSHAPE($,$,(#1420));
#1427=IFCWALL('3MrdlXguTA3fqsu_o_0dtQ',$,'House Second Exterior Standing Seam 4',$,$,#1442,#1443,$,$);
#1428=IFCCARTESIANPOINTLIST2D(((0.,0.),(0.,-12.7),(10972.8,-12.7),(10972.8,0.),(0.,0.)));
#1429=IFCINDEXEDPOLYCURVE(#1428,$,.F.);
#1430=IFCDIRECTION((0.,0.,1.));
#1431=IFCARBITRARYCLOSEDPROFILEDEF(.AREA.,$,#1429);
#1432=IFCCARTESIANPOINT((0.,-114.3,0.));
#1433=IFCDIRECTION((0.,0.,1.));
#1434=IFCDIRECTION((1.,0.,0.));
#1435=IFCAXIS2PLACEMENT3D(#1432,#1433,#1434);
#1436=IFCEXTRUDEDAREASOLID(#1431,#1435,#1430,2743.2);
#1437=IFCSHAPEREPRESENTATION(#11,'Body','SweptSolid',(#1436));
#1438=IFCCARTESIANPOINT((0.,10972.8,0.));
#1439=IFCDIRECTION((0.,0.,1.));
#1440=IFCDIRECTION((0.,-1.,0.));
#1441=IFCAXIS2PLACEMENT3D(#1438,#1439,#1440);
#1442=IFCLOCALPLACEMENT(#155,#1441);
#1443=IFCPRODUCTDEFINITIONSHAPE($,$,(#1437));
#1444=IFCSTYLEDITEM(#1436,(#92),$);
#1445=IFCSTYLEDITEM(#1038,(#44),$);
#1446=IFCSTYLEDITEM(#1142,(#44),$);
#1447=IFCSTYLEDITEM(#1246,(#44),$);
#1448=IFCSTYLEDITEM(#1350,(#44),$);
#1449=IFCSTYLEDITEM(#1073,(#50),$);
#1450=IFCSTYLEDITEM(#1177,(#50),$);
#1451=IFCSTYLEDITEM(#1281,(#50),$);
#1452=IFCSTYLEDITEM(#1385,(#50),$);
#1453=IFCSTYLEDITEM(#1090,(#56),$);
#1454=IFCSTYLEDITEM(#1194,(#56),$);
#1455=IFCSTYLEDITEM(#1298,(#56),$);
#1456=IFCSTYLEDITEM(#1402,(#56),$);
#1457=IFCSTYLEDITEM(#1107,(#74),$);
#1458=IFCSTYLEDITEM(#1211,(#74),$);
#1459=IFCSTYLEDITEM(#1315,(#74),$);
#1460=IFCSTYLEDITEM(#1419,(#74),$);
#1461=IFCWALL('3xqQiNdYHDswBk54vXpZ6v',$,'House Attic Knee Exterior Sheathing 1',$,$,#1476,#1477,$,$);
#1462=IFCCARTESIANPOINTLIST2D(((0.,0.),(0.,15.875),(10972.8,15.875),(10972.8,0.),(0.,0.)));
#1463=IFCINDEXEDPOLYCURVE(#1462,$,.F.);
#1464=IFCDIRECTION((0.,0.,1.));
#1465=IFCARBITRARYCLOSEDPROFILEDEF(.AREA.,$,#1463);
#1466=IFCCARTESIANPOINT((0.,0.,0.));
#1467=IFCDIRECTION((0.,0.,1.));
#1468=IFCDIRECTION((1.,0.,0.));
#1469=IFCAXIS2PLACEMENT3D(#1466,#1467,#1468);
#1470=IFCEXTRUDEDAREASOLID(#1465,#1469,#1464,1828.8);
#1471=IFCSHAPEREPRESENTATION(#11,'Body','SweptSolid',(#1470));
#1472=IFCCARTESIANPOINT((10972.8,0.,0.));
#1473=IFCDIRECTION((0.,0.,1.));
#1474=IFCDIRECTION((0.,1.,0.));
#1475=IFCAXIS2PLACEMENT3D(#1472,#1473,#1474);
#1476=IFCLOCALPLACEMENT(#161,#1475);
#1477=IFCPRODUCTDEFINITIONSHAPE($,$,(#1471));
#1478=IFCWALL('0IIbgdwFj3u8Px$RKVMTyW',$,'House Attic Knee Stud Wall 1',$,$,#1493,#1494,$,$);
#1479=IFCCARTESIANPOINTLIST2D(((0.,0.),(0.,88.9),(10972.8,88.9),(10972.8,0.),(0.,0.)));
#1480=IFCINDEXEDPOLYCURVE(#1479,$,.F.);
#1481=IFCDIRECTION((0.,0.,1.));
#1482=IFCARBITRARYCLOSEDPROFILEDEF(.AREA.,$,#1480);
#1483=IFCCARTESIANPOINT((0.,15.875,0.));
#1484=IFCDIRECTION((0.,0.,1.));
#1485=IFCDIRECTION((1.,0.,0.));
#1486=IFCAXIS2PLACEMENT3D(#1483,#1484,#1485);
#1487=IFCEXTRUDEDAREASOLID(#1482,#1486,#1481,1524.);
#1488=IFCSHAPEREPRESENTATION(#11,'Body','SweptSolid',(#1487));
#1489=IFCCARTESIANPOINT((10972.8,0.,0.));
#1490=IFCDIRECTION((0.,0.,1.));
#1491=IFCDIRECTION((0.,1.,0.));
#1492=IFCAXIS2PLACEMENT3D(#1489,#1490,#1491);
#1493=IFCLOCALPLACEMENT(#161,#1492);
#1494=IFCPRODUCTDEFINITIONSHAPE($,$,(#1488));
#1495=IFCWALL('31SPJRXhH45RUbi55sdZFV',$,'House Attic Knee Exterior Polyiso 1',$,$,#1510,#1511,$,$);
#1496=IFCCARTESIANPOINTLIST2D(((0.,0.),(0.,-50.8),(10972.8,-50.8),(10972.8,0.),(0.,0.)));
#1497=IFCINDEXEDPOLYCURVE(#1496,$,.F.);
#1498=IFCDIRECTION((0.,0.,1.));
#1499=IFCARBITRARYCLOSEDPROFILEDEF(.AREA.,$,#1497);
#1500=IFCCARTESIANPOINT((0.,-0.,0.));
#1501=IFCDIRECTION((0.,0.,1.));
#1502=IFCDIRECTION((1.,0.,0.));
#1503=IFCAXIS2PLACEMENT3D(#1500,#1501,#1502);
#1504=IFCEXTRUDEDAREASOLID(#1499,#1503,#1498,1828.8);
#1505=IFCSHAPEREPRESENTATION(#11,'Body','SweptSolid',(#1504));
#1506=IFCCARTESIANPOINT((10972.8,0.,0.));
#1507=IFCDIRECTION((0.,0.,1.));
#1508=IFCDIRECTION((0.,1.,0.));
#1509=IFCAXIS2PLACEMENT3D(#1506,#1507,#1508);
#1510=IFCLOCALPLACEMENT(#161,#1509);
#1511=IFCPRODUCTDEFINITIONSHAPE($,$,(#1505));
#1512=IFCWALL('3NS3EPlFj2T9UnJcdyovOA',$,'House Attic Knee Exterior EPS 1',$,$,#1527,#1528,$,$);
#1513=IFCCARTESIANPOINTLIST2D(((0.,0.),(0.,-50.8),(10972.8,-50.8),(10972.8,0.),(0.,0.)));
#1514=IFCINDEXEDPOLYCURVE(#1513,$,.F.);
#1515=IFCDIRECTION((0.,0.,1.));
#1516=IFCARBITRARYCLOSEDPROFILEDEF(.AREA.,$,#1514);
#1517=IFCCARTESIANPOINT((0.,-50.8,0.));
#1518=IFCDIRECTION((0.,0.,1.));
#1519=IFCDIRECTION((1.,0.,0.));
#1520=IFCAXIS2PLACEMENT3D(#1517,#1518,#1519);
#1521=IFCEXTRUDEDAREASOLID(#1516,#1520,#1515,1828.8);
#1522=IFCSHAPEREPRESENTATION(#11,'Body','SweptSolid',(#1521));
#1523=IFCCARTESIANPOINT((10972.8,0.,0.));
#1524=IFCDIRECTION((0.,0.,1.));
#1525=IFCDIRECTION((0.,1.,0.));
#1526=IFCAXIS2PLACEMENT3D(#1523,#1524,#1525);
#1527=IFCLOCALPLACEMENT(#161,#1526);
#1528=IFCPRODUCTDEFINITIONSHAPE($,$,(#1522));
#1529=IFCWALL('1G7utqrX5FRxFKsEYWp8yB',$,'House Attic Knee Exterior Furring 1',$,$,#1544,#1545,$,$);
#1530=IFCCARTESIANPOINTLIST2D(((0.,0.),(0.,-12.7),(10972.8,-12.7),(10972.8,0.),(0.,0.)));
#1531=IFCINDEXEDPOLYCURVE(#1530,$,.F.);
#1532=IFCDIRECTION((0.,0.,1.));
#1533=IFCARBITRARYCLOSEDPROFILEDEF(.AREA.,$,#1531);
#1534=IFCCARTESIANPOINT((0.,-101.6,0.));
#1535=IFCDIRECTION((0.,0.,1.));
#1536=IFCDIRECTION((1.,0.,0.));
#1537=IFCAXIS2PLACEMENT3D(#1534,#1535,#1536);
#1538=IFCEXTRUDEDAREASOLID(#1533,#1537,#1532,1828.8);
#1539=IFCSHAPEREPRESENTATION(#11,'Body','SweptSolid',(#1538));
#1540=IFCCARTESIANPOINT((10972.8,0.,0.));
#1541=IFCDIRECTION((0.,0.,1.));
#1542=IFCDIRECTION((0.,1.,0.));
#1543=IFCAXIS2PLACEMENT3D(#1540,#1541,#1542);
#1544=IFCLOCALPLACEMENT(#161,#1543);
#1545=IFCPRODUCTDEFINITIONSHAPE($,$,(#1539));
#1546=IFCWALL('2em2gd0Dv7cALE2ByuTEXs',$,'House Attic Knee Exterior Standing Seam 1',$,$,#1561,#1562,$,$);
#1547=IFCCARTESIANPOINTLIST2D(((0.,0.),(0.,-12.7),(10972.8,-12.7),(10972.8,0.),(0.,0.)));
#1548=IFCINDEXEDPOLYCURVE(#1547,$,.F.);
#1549=IFCDIRECTION((0.,0.,1.));
#1550=IFCARBITRARYCLOSEDPROFILEDEF(.AREA.,$,#1548);
#1551=IFCCARTESIANPOINT((0.,-114.3,0.));
#1552=IFCDIRECTION((0.,0.,1.));
#1553=IFCDIRECTION((1.,0.,0.));
#1554=IFCAXIS2PLACEMENT3D(#1551,#1552,#1553);
#1555=IFCEXTRUDEDAREASOLID(#1550,#1554,#1549,1828.8);
#1556=IFCSHAPEREPRESENTATION(#11,'Body','SweptSolid',(#1555));
#1557=IFCCARTESIANPOINT((10972.8,0.,0.));
#1558=IFCDIRECTION((0.,0.,1.));
#1559=IFCDIRECTION((0.,1.,0.));
#1560=IFCAXIS2PLACEMENT3D(#1557,#1558,#1559);
#1561=IFCLOCALPLACEMENT(#161,#1560);
#1562=IFCPRODUCTDEFINITIONSHAPE($,$,(#1556));
#1563=IFCWALL('27ybR3ZQn8BfZpCaHWW_1n',$,'House Attic Knee Exterior Sheathing 2',$,$,#1578,#1579,$,$);
#1564=IFCCARTESIANPOINTLIST2D(((0.,0.),(0.,15.875),(10972.8,15.875),(10972.8,0.),(0.,0.)));
#1565=IFCINDEXEDPOLYCURVE(#1564,$,.F.);
#1566=IFCDIRECTION((0.,0.,1.));
#1567=IFCARBITRARYCLOSEDPROFILEDEF(.AREA.,$,#1565);
#1568=IFCCARTESIANPOINT((0.,0.,0.));
#1569=IFCDIRECTION((0.,0.,1.));
#1570=IFCDIRECTION((1.,0.,0.));
#1571=IFCAXIS2PLACEMENT3D(#1568,#1569,#1570);
#1572=IFCEXTRUDEDAREASOLID(#1567,#1571,#1566,1828.8);
#1573=IFCSHAPEREPRESENTATION(#11,'Body','SweptSolid',(#1572));
#1574=IFCCARTESIANPOINT((0.,10972.8,0.));
#1575=IFCDIRECTION((0.,0.,1.));
#1576=IFCDIRECTION((0.,-1.,0.));
#1577=IFCAXIS2PLACEMENT3D(#1574,#1575,#1576);
#1578=IFCLOCALPLACEMENT(#161,#1577);
#1579=IFCPRODUCTDEFINITIONSHAPE($,$,(#1573));
#1580=IFCWALL('15oouZ3DvDxR2UQvblrPeL',$,'House Attic Knee Stud Wall 2',$,$,#1595,#1596,$,$);
#1581=IFCCARTESIANPOINTLIST2D(((0.,0.),(0.,88.9),(10972.8,88.9),(10972.8,0.),(0.,0.)));
#1582=IFCINDEXEDPOLYCURVE(#1581,$,.F.);
#1583=IFCDIRECTION((0.,0.,1.));
#1584=IFCARBITRARYCLOSEDPROFILEDEF(.AREA.,$,#1582);
#1585=IFCCARTESIANPOINT((0.,15.875,0.));
#1586=IFCDIRECTION((0.,0.,1.));
#1587=IFCDIRECTION((1.,0.,0.));
#1588=IFCAXIS2PLACEMENT3D(#1585,#1586,#1587);
#1589=IFCEXTRUDEDAREASOLID(#1584,#1588,#1583,1524.);
#1590=IFCSHAPEREPRESENTATION(#11,'Body','SweptSolid',(#1589));
#1591=IFCCARTESIANPOINT((0.,10972.8,0.));
#1592=IFCDIRECTION((0.,0.,1.));
#1593=IFCDIRECTION((0.,-1.,0.));
#1594=IFCAXIS2PLACEMENT3D(#1591,#1592,#1593);
#1595=IFCLOCALPLACEMENT(#161,#1594);
#1596=IFCPRODUCTDEFINITIONSHAPE($,$,(#1590));
#1597=IFCWALL('2bUVRFpl55o8Di5quZjD9K',$,'House Attic Knee Exterior Polyiso 2',$,$,#1612,#1613,$,$);
#1598=IFCCARTESIANPOINTLIST2D(((0.,0.),(0.,-50.8),(10972.8,-50.8),(10972.8,0.),(0.,0.)));
#1599=IFCINDEXEDPOLYCURVE(#1598,$,.F.);
#1600=IFCDIRECTION((0.,0.,1.));
#1601=IFCARBITRARYCLOSEDPROFILEDEF(.AREA.,$,#1599);
#1602=IFCCARTESIANPOINT((0.,-0.,0.));
#1603=IFCDIRECTION((0.,0.,1.));
#1604=IFCDIRECTION((1.,0.,0.));
#1605=IFCAXIS2PLACEMENT3D(#1602,#1603,#1604);
#1606=IFCEXTRUDEDAREASOLID(#1601,#1605,#1600,1828.8);
#1607=IFCSHAPEREPRESENTATION(#11,'Body','SweptSolid',(#1606));
#1608=IFCCARTESIANPOINT((0.,10972.8,0.));
#1609=IFCDIRECTION((0.,0.,1.));
#1610=IFCDIRECTION((0.,-1.,0.));
#1611=IFCAXIS2PLACEMENT3D(#1608,#1609,#1610);
#1612=IFCLOCALPLACEMENT(#161,#1611);
#1613=IFCPRODUCTDEFINITIONSHAPE($,$,(#1607));
#1614=IFCWALL('3_Uoorwq11Sxja3jQYHrSo',$,'House Attic Knee Exterior EPS 2',$,$,#1629,#1630,$,$);
#1615=IFCCARTESIANPOINTLIST2D(((0.,0.),(0.,-50.8),(10972.8,-50.8),(10972.8,0.),(0.,0.)));
#1616=IFCINDEXEDPOLYCURVE(#1615,$,.F.);
#1617=IFCDIRECTION((0.,0.,1.));
#1618=IFCARBITRARYCLOSEDPROFILEDEF(.AREA.,$,#1616);
#1619=IFCCARTESIANPOINT((0.,-50.8,0.));
#1620=IFCDIRECTION((0.,0.,1.));
#1621=IFCDIRECTION((1.,0.,0.));
#1622=IFCAXIS2PLACEMENT3D(#1619,#1620,#1621);
#1623=IFCEXTRUDEDAREASOLID(#1618,#1622,#1617,1828.8);
#1624=IFCSHAPEREPRESENTATION(#11,'Body','SweptSolid',(#1623));
#1625=IFCCARTESIANPOINT((0.,10972.8,0.));
#1626=IFCDIRECTION((0.,0.,1.));
#1627=IFCDIRECTION((0.,-1.,0.));
#1628=IFCAXIS2PLACEMENT3D(#1625,#1626,#1627);
#1629=IFCLOCALPLACEMENT(#161,#1628);
#1630=IFCPRODUCTDEFINITIONSHAPE($,$,(#1624));
#1631=IFCWALL('0aapmJVRDEC8NxBUWk4aUa',$,'House Attic Knee Exterior Furring 2',$,$,#1646,#1647,$,$);
#1632=IFCCARTESIANPOINTLIST2D(((0.,0.),(0.,-12.7),(10972.8,-12.7),(10972.8,0.),(0.,0.)));
#1633=IFCINDEXEDPOLYCURVE(#1632,$,.F.);
#1634=IFCDIRECTION((0.,0.,1.));
#1635=IFCARBITRARYCLOSEDPROFILEDEF(.AREA.,$,#1633);
#1636=IFCCARTESIANPOINT((0.,-101.6,0.));
#1637=IFCDIRECTION((0.,0.,1.));
#1638=IFCDIRECTION((1.,0.,0.));
#1639=IFCAXIS2PLACEMENT3D(#1636,#1637,#1638);
#1640=IFCEXTRUDEDAREASOLID(#1635,#1639,#1634,1828.8);
#1641=IFCSHAPEREPRESENTATION(#11,'Body','SweptSolid',(#1640));
#1642=IFCCARTESIANPOINT((0.,10972.8,0.));
#1643=IFCDIRECTION((0.,0.,1.));
#1644=IFCDIRECTION((0.,-1.,0.));
#1645=IFCAXIS2PLACEMENT3D(#1642,#1643,#1644);
#1646=IFCLOCALPLACEMENT(#161,#1645);
#1647=IFCPRODUCTDEFINITIONSHAPE($,$,(#1641));
#1648=IFCWALL('2mseMYnvr6vA3PFgdo8xkH',$,'House Attic Knee Exterior Standing Seam 2',$,$,#1663,#1664,$,$);
#1649=IFCCARTESIANPOINTLIST2D(((0.,0.),(0.,-12.7),(10972.8,-12.7),(10972.8,0.),(0.,0.)));
#1650=IFCINDEXEDPOLYCURVE(#1649,$,.F.);
#1651=IFCDIRECTION((0.,0.,1.));
#1652=IFCARBITRARYCLOSEDPROFILEDEF(.AREA.,$,#1650);
#1653=IFCCARTESIANPOINT((0.,-114.3,0.));
#1654=IFCDIRECTION((0.,0.,1.));
#1655=IFCDIRECTION((1.,0.,0.));
#1656=IFCAXIS2PLACEMENT3D(#1653,#1654,#1655);
#1657=IFCEXTRUDEDAREASOLID(#1652,#1656,#1651,1828.8);
#1658=IFCSHAPEREPRESENTATION(#11,'Body','SweptSolid',(#1657));
#1659=IFCCARTESIANPOINT((0.,10972.8,0.));
#1660=IFCDIRECTION((0.,0.,1.));
#1661=IFCDIRECTION((0.,-1.,0.));
#1662=IFCAXIS2PLACEMENT3D(#1659,#1660,#1661);
#1663=IFCLOCALPLACEMENT(#161,#1662);
#1664=IFCPRODUCTDEFINITIONSHAPE($,$,(#1658));
#1665=IFCSTYLEDITEM(#1487,(#74),$);
#1666=IFCSTYLEDITEM(#1589,(#74),$);
#1667=IFCSTYLEDITEM(#1470,(#44),$);
#1668=IFCSTYLEDITEM(#1572,(#44),$);
#1669=IFCSTYLEDITEM(#1504,(#50),$);
#1670=IFCSTYLEDITEM(#1606,(#50),$);
#1671=IFCSTYLEDITEM(#1521,(#56),$);
#1672=IFCSTYLEDITEM(#1623,(#56),$);
#1673=IFCSTYLEDITEM(#1538,(#74),$);
#1674=IFCSTYLEDITEM(#1640,(#74),$);
#1675=IFCSTYLEDITEM(#1555,(#92),$);
#1676=IFCSTYLEDITEM(#1657,(#92),$);
#1677=IFCWALL('13Llm8SqvFwghXVZJZGdFj',$,'House Attic Gable South Exterior Polyiso',$,$,#1693,#1688,$,$);
#1678=IFCCARTESIANPOINTLIST2D(((-127.,0.),(11099.8,0.),(11099.8,-1828.8),(5486.4,-3657.6),(-127.,-1828.8),(-127.,0.)));
#1679=IFCINDEXEDPOLYCURVE(#1678,$,$);
#1680=IFCARBITRARYCLOSEDPROFILEDEF(.AREA.,'House Attic Gable South Exterior Polyiso',#1679);
#1681=IFCCARTESIANPOINT((0.,0.,0.));
#1682=IFCDIRECTION((0.,0.,1.));
#1683=IFCDIRECTION((1.,0.,0.));
#1684=IFCAXIS2PLACEMENT3D(#1681,#1682,#1683);
#1685=IFCDIRECTION((0.,0.,1.));
#1686=IFCEXTRUDEDAREASOLID(#1680,#1684,#1685,50.8);
#1687=IFCSHAPEREPRESENTATION(#11,'Body','SweptSolid',(#1686));
#1688=IFCPRODUCTDEFINITIONSHAPE($,$,(#1687));
#1689=IFCCARTESIANPOINT((0.,-50.8,0.));
#1690=IFCDIRECTION((0.,1.,0.));
#1691=IFCDIRECTION((1.,0.,0.));
#1692=IFCAXIS2PLACEMENT3D(#1689,#1690,#1691);
#1693=IFCLOCALPLACEMENT(#161,#1692);
#1694=IFCWALL('1IZh4d0vb4eAiejpJKLTiT',$,'House Attic Gable South Exterior EPS',$,$,#1710,#1705,$,$);
#1695=IFCCARTESIANPOINTLIST2D(((-127.,0.),(11099.8,0.),(11099.8,-1828.8),(5486.4,-3657.6),(-127.,-1828.8),(-127.,0.)));
#1696=IFCINDEXEDPOLYCURVE(#1695,$,$);
#1697=IFCARBITRARYCLOSEDPROFILEDEF(.AREA.,'House Attic Gable South Exterior EPS',#1696);
#1698=IFCCARTESIANPOINT((0.,0.,0.));
#1699=IFCDIRECTION((0.,0.,1.));
#1700=IFCDIRECTION((1.,0.,0.));
#1701=IFCAXIS2PLACEMENT3D(#1698,#1699,#1700);
#1702=IFCDIRECTION((0.,0.,1.));
#1703=IFCEXTRUDEDAREASOLID(#1697,#1701,#1702,50.8);
#1704=IFCSHAPEREPRESENTATION(#11,'Body','SweptSolid',(#1703));
#1705=IFCPRODUCTDEFINITIONSHAPE($,$,(#1704));
#1706=IFCCARTESIANPOINT((0.,-101.6,0.));
#1707=IFCDIRECTION((0.,1.,0.));
#1708=IFCDIRECTION((1.,0.,0.));
#1709=IFCAXIS2PLACEMENT3D(#1706,#1707,#1708);
#1710=IFCLOCALPLACEMENT(#161,#1709);
#1711=IFCWALL('3IFR5EFP5BtfE2cAGgAF2h',$,'House Attic Gable South Exterior Furring',$,$,#1727,#1722,$,$);
#1712=IFCCARTESIANPOINTLIST2D(((-127.,0.),(11099.8,0.),(11099.8,-1828.8),(5486.4,-3657.6),(-127.,-1828.8),(-127.,0.)));
#1713=IFCINDEXEDPOLYCURVE(#1712,$,$);
#1714=IFCARBITRARYCLOSEDPROFILEDEF(.AREA.,'House Attic Gable South Exterior Furring',#1713);
#1715=IFCCARTESIANPOINT((0.,0.,0.));
#1716=IFCDIRECTION((0.,0.,1.));
#1717=IFCDIRECTION((1.,0.,0.));
#1718=IFCAXIS2PLACEMENT3D(#1715,#1716,#1717);
#1719=IFCDIRECTION((0.,0.,1.));
#1720=IFCEXTRUDEDAREASOLID(#1714,#1718,#1719,12.7);
#1721=IFCSHAPEREPRESENTATION(#11,'Body','SweptSolid',(#1720));
#1722=IFCPRODUCTDEFINITIONSHAPE($,$,(#1721));
#1723=IFCCARTESIANPOINT((0.,-114.3,0.));
#1724=IFCDIRECTION((0.,1.,0.));
#1725=IFCDIRECTION((1.,0.,0.));
#1726=IFCAXIS2PLACEMENT3D(#1723,#1724,#1725);
#1727=IFCLOCALPLACEMENT(#161,#1726);
#1728=IFCWALL('3eX8ztFaX7agrBt__xjH_r',$,'House Attic Gable South Exterior Standing Seam',$,$,#1744,#1739,$,$);
#1729=IFCCARTESIANPOINTLIST2D(((-127.,0.),(11099.8,0.),(11099.8,-1828.8),(5486.4,-3657.6),(-127.,-1828.8),(-127.,0.)));
#1730=IFCINDEXEDPOLYCURVE(#1729,$,$);
#1731=IFCARBITRARYCLOSEDPROFILEDEF(.AREA.,'House Attic Gable South Exterior Standing Seam',#1730);
#1732=IFCCARTESIANPOINT((0.,0.,0.));
#1733=IFCDIRECTION((0.,0.,1.));
#1734=IFCDIRECTION((1.,0.,0.));
#1735=IFCAXIS2PLACEMENT3D(#1732,#1733,#1734);
#1736=IFCDIRECTION((0.,0.,1.));
#1737=IFCEXTRUDEDAREASOLID(#1731,#1735,#1736,12.7);
#1738=IFCSHAPEREPRESENTATION(#11,'Body','SweptSolid',(#1737));
#1739=IFCPRODUCTDEFINITIONSHAPE($,$,(#1738));
#1740=IFCCARTESIANPOINT((0.,-127.,0.));
#1741=IFCDIRECTION((0.,1.,0.));
#1742=IFCDIRECTION((1.,0.,0.));
#1743=IFCAXIS2PLACEMENT3D(#1740,#1741,#1742);
#1744=IFCLOCALPLACEMENT(#161,#1743);
#1745=IFCSTYLEDITEM(#1737,(#92),$);
#1746=IFCWALL('3W6xyB1bDC4O8MOtzdigd8',$,'House Attic Gable South Exterior Sheathing',$,$,#1762,#1757,$,$);
#1747=IFCCARTESIANPOINTLIST2D(((-127.,0.),(11099.8,0.),(11099.8,-1828.8),(5486.4,-3657.6),(-127.,-1828.8),(-127.,0.)));
#1748=IFCINDEXEDPOLYCURVE(#1747,$,$);
#1749=IFCARBITRARYCLOSEDPROFILEDEF(.AREA.,'House Attic Gable South Exterior Sheathing',#1748);
#1750=IFCCARTESIANPOINT((0.,0.,0.));
#1751=IFCDIRECTION((0.,0.,1.));
#1752=IFCDIRECTION((1.,0.,0.));
#1753=IFCAXIS2PLACEMENT3D(#1750,#1751,#1752);
#1754=IFCDIRECTION((0.,0.,1.));
#1755=IFCEXTRUDEDAREASOLID(#1749,#1753,#1754,15.875);
#1756=IFCSHAPEREPRESENTATION(#11,'Body','SweptSolid',(#1755));
#1757=IFCPRODUCTDEFINITIONSHAPE($,$,(#1756));
#1758=IFCCARTESIANPOINT((0.,0.,0.));
#1759=IFCDIRECTION((0.,1.,0.));
#1760=IFCDIRECTION((1.,0.,0.));
#1761=IFCAXIS2PLACEMENT3D(#1758,#1759,#1760);
#1762=IFCLOCALPLACEMENT(#161,#1761);
#1763=IFCSTYLEDITEM(#1755,(#44),$);
#1764=IFCWALL('1tMjDzY6z5xhwiF6P3wihn',$,'House Attic Gable South Stud Wall',$,$,#1780,#1775,$,$);
#1765=IFCCARTESIANPOINTLIST2D(((0.,0.),(10972.8,0.),(10972.8,-1828.8),(5486.4,-3657.6),(0.,-1828.8),(0.,0.)));
#1766=IFCINDEXEDPOLYCURVE(#1765,$,$);
#1767=IFCARBITRARYCLOSEDPROFILEDEF(.AREA.,'House Attic Gable South Stud Wall',#1766);
#1768=IFCCARTESIANPOINT((0.,0.,0.));
#1769=IFCDIRECTION((0.,0.,1.));
#1770=IFCDIRECTION((1.,0.,0.));
#1771=IFCAXIS2PLACEMENT3D(#1768,#1769,#1770);
#1772=IFCDIRECTION((0.,0.,1.));
#1773=IFCEXTRUDEDAREASOLID(#1767,#1771,#1772,88.9);
#1774=IFCSHAPEREPRESENTATION(#11,'Body','SweptSolid',(#1773));
#1775=IFCPRODUCTDEFINITIONSHAPE($,$,(#1774));
#1776=IFCCARTESIANPOINT((0.,15.875,0.));
#1777=IFCDIRECTION((0.,1.,0.));
#1778=IFCDIRECTION((1.,0.,0.));
#1779=IFCAXIS2PLACEMENT3D(#1776,#1777,#1778);
#1780=IFCLOCALPLACEMENT(#161,#1779);
#1781=IFCSTYLEDITEM(#1773,(#74),$);
#1782=IFCWALL('2GdFI7bEHFSwW2iC5j7fd0',$,'House Attic Gable North Exterior Polyiso',$,$,#1798,#1793,$,$);
#1783=IFCCARTESIANPOINTLIST2D(((-127.,0.),(11099.8,0.),(11099.8,-1828.8),(5486.4,-3657.6),(-127.,-1828.8),(-127.,0.)));
#1784=IFCINDEXEDPOLYCURVE(#1783,$,$);
#1785=IFCARBITRARYCLOSEDPROFILEDEF(.AREA.,'House Attic Gable North Exterior Polyiso',#1784);
#1786=IFCCARTESIANPOINT((0.,0.,0.));
#1787=IFCDIRECTION((0.,0.,1.));
#1788=IFCDIRECTION((1.,0.,0.));
#1789=IFCAXIS2PLACEMENT3D(#1786,#1787,#1788);
#1790=IFCDIRECTION((0.,0.,1.));
#1791=IFCEXTRUDEDAREASOLID(#1785,#1789,#1790,50.8);
#1792=IFCSHAPEREPRESENTATION(#11,'Body','SweptSolid',(#1791));
#1793=IFCPRODUCTDEFINITIONSHAPE($,$,(#1792));
#1794=IFCCARTESIANPOINT((10972.8,11023.6,0.));
#1795=IFCDIRECTION((0.,-1.,0.));
#1796=IFCDIRECTION((-1.,0.,0.));
#1797=IFCAXIS2PLACEMENT3D(#1794,#1795,#1796);
#1798=IFCLOCALPLACEMENT(#161,#1797);
#1799=IFCWALL('3oznY3e193QxIMmtbUK_ig',$,'House Attic Gable North Exterior EPS',$,$,#1815,#1810,$,$);
#1800=IFCCARTESIANPOINTLIST2D(((-127.,0.),(11099.8,0.),(11099.8,-1828.8),(5486.4,-3657.6),(-127.,-1828.8),(-127.,0.)));
#1801=IFCINDEXEDPOLYCURVE(#1800,$,$);
#1802=IFCARBITRARYCLOSEDPROFILEDEF(.AREA.,'House Attic Gable North Exterior EPS',#1801);
#1803=IFCCARTESIANPOINT((0.,0.,0.));
#1804=IFCDIRECTION((0.,0.,1.));
#1805=IFCDIRECTION((1.,0.,0.));
#1806=IFCAXIS2PLACEMENT3D(#1803,#1804,#1805);
#1807=IFCDIRECTION((0.,0.,1.));
#1808=IFCEXTRUDEDAREASOLID(#1802,#1806,#1807,50.8);
#1809=IFCSHAPEREPRESENTATION(#11,'Body','SweptSolid',(#1808));
#1810=IFCPRODUCTDEFINITIONSHAPE($,$,(#1809));
#1811=IFCCARTESIANPOINT((10972.8,11074.4,0.));
#1812=IFCDIRECTION((0.,-1.,0.));
#1813=IFCDIRECTION((-1.,0.,0.));
#1814=IFCAXIS2PLACEMENT3D(#1811,#1812,#1813);
#1815=IFCLOCALPLACEMENT(#161,#1814);
#1816=IFCWALL('03ZTMDXK94YwS$ujaY6nOI',$,'House Attic Gable North Exterior Furring',$,$,#1832,#1827,$,$);
#1817=IFCCARTESIANPOINTLIST2D(((-127.,0.),(11099.8,0.),(11099.8,-1828.8),(5486.4,-3657.6),(-127.,-1828.8),(-127.,0.)));
#1818=IFCINDEXEDPOLYCURVE(#1817,$,$);
#1819=IFCARBITRARYCLOSEDPROFILEDEF(.AREA.,'House Attic Gable North Exterior Furring',#1818);
#1820=IFCCARTESIANPOINT((0.,0.,0.));
#1821=IFCDIRECTION((0.,0.,1.));
#1822=IFCDIRECTION((1.,0.,0.));
#1823=IFCAXIS2PLACEMENT3D(#1820,#1821,#1822);
#1824=IFCDIRECTION((0.,0.,1.));
#1825=IFCEXTRUDEDAREASOLID(#1819,#1823,#1824,12.7);
#1826=IFCSHAPEREPRESENTATION(#11,'Body','SweptSolid',(#1825));
#1827=IFCPRODUCTDEFINITIONSHAPE($,$,(#1826));
#1828=IFCCARTESIANPOINT((10972.8,11087.1,0.));
#1829=IFCDIRECTION((0.,-1.,0.));
#1830=IFCDIRECTION((-1.,0.,0.));
#1831=IFCAXIS2PLACEMENT3D(#1828,#1829,#1830);
#1832=IFCLOCALPLACEMENT(#161,#1831);
#1833=IFCWALL('3HFLF4ctz8q8clHsUuDQNV',$,'House Attic Gable North Exterior Standing Seam',$,$,#1849,#1844,$,$);
#1834=IFCCARTESIANPOINTLIST2D(((-127.,0.),(11099.8,0.),(11099.8,-1828.8),(5486.4,-3657.6),(-127.,-1828.8),(-127.,0.)));
#1835=IFCINDEXEDPOLYCURVE(#1834,$,$);
#1836=IFCARBITRARYCLOSEDPROFILEDEF(.AREA.,'House Attic Gable North Exterior Standing Seam',#1835);
#1837=IFCCARTESIANPOINT((0.,0.,0.));
#1838=IFCDIRECTION((0.,0.,1.));
#1839=IFCDIRECTION((1.,0.,0.));
#1840=IFCAXIS2PLACEMENT3D(#1837,#1838,#1839);
#1841=IFCDIRECTION((0.,0.,1.));
#1842=IFCEXTRUDEDAREASOLID(#1836,#1840,#1841,12.7);
#1843=IFCSHAPEREPRESENTATION(#11,'Body','SweptSolid',(#1842));
#1844=IFCPRODUCTDEFINITIONSHAPE($,$,(#1843));
#1845=IFCCARTESIANPOINT((10972.8,11099.8,0.));
#1846=IFCDIRECTION((0.,-1.,0.));
#1847=IFCDIRECTION((-1.,0.,0.));
#1848=IFCAXIS2PLACEMENT3D(#1845,#1846,#1847);
#1849=IFCLOCALPLACEMENT(#161,#1848);
#1850=IFCSTYLEDITEM(#1842,(#92),$);
#1851=IFCWALL('0DdvAe0s1Equd2vkyCeOf7',$,'House Attic Gable North Exterior Sheathing',$,$,#1867,#1862,$,$);
#1852=IFCCARTESIANPOINTLIST2D(((-127.,0.),(11099.8,0.),(11099.8,-1828.8),(5486.4,-3657.6),(-127.,-1828.8),(-127.,0.)));
#1853=IFCINDEXEDPOLYCURVE(#1852,$,$);
#1854=IFCARBITRARYCLOSEDPROFILEDEF(.AREA.,'House Attic Gable North Exterior Sheathing',#1853);
#1855=IFCCARTESIANPOINT((0.,0.,0.));
#1856=IFCDIRECTION((0.,0.,1.));
#1857=IFCDIRECTION((1.,0.,0.));
#1858=IFCAXIS2PLACEMENT3D(#1855,#1856,#1857);
#1859=IFCDIRECTION((0.,0.,1.));
#1860=IFCEXTRUDEDAREASOLID(#1854,#1858,#1859,15.875);
#1861=IFCSHAPEREPRESENTATION(#11,'Body','SweptSolid',(#1860));
#1862=IFCPRODUCTDEFINITIONSHAPE($,$,(#1861));
#1863=IFCCARTESIANPOINT((10972.8,10972.8,0.));
#1864=IFCDIRECTION((0.,-1.,0.));
#1865=IFCDIRECTION((-1.,0.,0.));
#1866=IFCAXIS2PLACEMENT3D(#1863,#1864,#1865);
#1867=IFCLOCALPLACEMENT(#161,#1866);
#1868=IFCSTYLEDITEM(#1860,(#44),$);
#1869=IFCWALL('3BJphxL$n8HfUBCW1gy3bR',$,'House Attic Gable North Stud Wall',$,$,#1885,#1880,$,$);
#1870=IFCCARTESIANPOINTLIST2D(((0.,0.),(10972.8,0.),(10972.8,-1828.8),(5486.4,-3657.6),(0.,-1828.8),(0.,0.)));
#1871=IFCINDEXEDPOLYCURVE(#1870,$,$);
#1872=IFCARBITRARYCLOSEDPROFILEDEF(.AREA.,'House Attic Gable North Stud Wall',#1871);
#1873=IFCCARTESIANPOINT((0.,0.,0.));
#1874=IFCDIRECTION((0.,0.,1.));
#1875=IFCDIRECTION((1.,0.,0.));
#1876=IFCAXIS2PLACEMENT3D(#1873,#1874,#1875);
#1877=IFCDIRECTION((0.,0.,1.));
#1878=IFCEXTRUDEDAREASOLID(#1872,#1876,#1877,88.9);
#1879=IFCSHAPEREPRESENTATION(#11,'Body','SweptSolid',(#1878));
#1880=IFCPRODUCTDEFINITIONSHAPE($,$,(#1879));
#1881=IFCCARTESIANPOINT((10972.8,10956.925,0.));
#1882=IFCDIRECTION((0.,-1.,0.));
#1883=IFCDIRECTION((-1.,0.,0.));
#1884=IFCAXIS2PLACEMENT3D(#1881,#1882,#1883);
#1885=IFCLOCALPLACEMENT(#161,#1884);
#1886=IFCSTYLEDITEM(#1878,(#74),$);
#1887=IFCWALL('2M1UTAD_b9BBTAZhUW0ilJ',$,'House Centerline Wall (Main)',$,$,#1902,#1903,$,$);
#1888=IFCCARTESIANPOINTLIST2D(((0.,0.),(0.,139.7),(10972.8,139.7),(10972.8,0.),(0.,0.)));
#1889=IFCINDEXEDPOLYCURVE(#1888,$,.F.);
#1890=IFCDIRECTION((0.,0.,1.));
#1891=IFCARBITRARYCLOSEDPROFILEDEF(.AREA.,$,#1889);
#1892=IFCCARTESIANPOINT((0.,0.,0.));
#1893=IFCDIRECTION((0.,0.,1.));
#1894=IFCDIRECTION((1.,0.,0.));
#1895=IFCAXIS2PLACEMENT3D(#1892,#1893,#1894);
#1896=IFCEXTRUDEDAREASOLID(#1891,#1895,#1890,2743.2);
#1897=IFCSHAPEREPRESENTATION(#11,'Body','SweptSolid',(#1896));
#1898=IFCCARTESIANPOINT((5486.4,0.,0.));
#1899=IFCDIRECTION((0.,0.,1.));
#1900=IFCDIRECTION((0.,1.,0.));
#1901=IFCAXIS2PLACEMENT3D(#1898,#1899,#1900);
#1902=IFCLOCALPLACEMENT(#149,#1901);
#1903=IFCPRODUCTDEFINITIONSHAPE($,$,(#1897));
#1904=IFCWALL('1HGQGa2GzBsOXMUVeMldJC',$,'House Centerline Wall (Second)',$,$,#1919,#1920,$,$);
#1905=IFCCARTESIANPOINTLIST2D(((0.,0.),(0.,139.7),(10972.8,139.7),(10972.8,0.),(0.,0.)));
#1906=IFCINDEXEDPOLYCURVE(#1905,$,.F.);
#1907=IFCDIRECTION((0.,0.,1.));
#1908=IFCARBITRARYCLOSEDPROFILEDEF(.AREA.,$,#1906);
#1909=IFCCARTESIANPOINT((0.,0.,0.));
#1910=IFCDIRECTION((0.,0.,1.));
#1911=IFCDIRECTION((1.,0.,0.));
#1912=IFCAXIS2PLACEMENT3D(#1909,#1910,#1911);
#1913=IFCEXTRUDEDAREASOLID(#1908,#1912,#1907,2743.2);
#1914=IFCSHAPEREPRESENTATION(#11,'Body','SweptSolid',(#1913));
#1915=IFCCARTESIANPOINT((5486.4,0.,0.));
#1916=IFCDIRECTION((0.,0.,1.));
#1917=IFCDIRECTION((0.,1.,0.));
#1918=IFCAXIS2PLACEMENT3D(#1915,#1916,#1917);
#1919=IFCLOCALPLACEMENT(#155,#1918);
#1920=IFCPRODUCTDEFINITIONSHAPE($,$,(#1914));
#1921=IFCWALL('2SHKQerp95ZenEzN_eYxrf',$,'House Centerline Wall (Attic, ridge support)',$,$,#1936,#1937,$,$);
#1922=IFCCARTESIANPOINTLIST2D(((0.,0.),(0.,139.7),(10972.8,139.7),(10972.8,0.),(0.,0.)));
#1923=IFCINDEXEDPOLYCURVE(#1922,$,.F.);
#1924=IFCDIRECTION((0.,0.,1.));
#1925=IFCARBITRARYCLOSEDPROFILEDEF(.AREA.,$,#1923);
#1926=IFCCARTESIANPOINT((0.,0.,0.));
#1927=IFCDIRECTION((0.,0.,1.));
#1928=IFCDIRECTION((1.,0.,0.));
#1929=IFCAXIS2PLACEMENT3D(#1926,#1927,#1928);
#1930=IFCEXTRUDEDAREASOLID(#1925,#1929,#1924,3352.8);
#1931=IFCSHAPEREPRESENTATION(#11,'Body','SweptSolid',(#1930));
#1932=IFCCARTESIANPOINT((5486.4,0.,0.));
#1933=IFCDIRECTION((0.,0.,1.));
#1934=IFCDIRECTION((0.,1.,0.));
#1935=IFCAXIS2PLACEMENT3D(#1932,#1933,#1934);
#1936=IFCLOCALPLACEMENT(#161,#1935);
#1937=IFCPRODUCTDEFINITIONSHAPE($,$,(#1931));
#1938=IFCSTYLEDITEM(#1896,(#74),$);
#1939=IFCSTYLEDITEM(#1913,(#74),$);
#1940=IFCSTYLEDITEM(#1930,(#74),$);
#1941=IFCBEAM('1XarC0_Gn09vuhrfwn0M3m',$,'House Second Floor Joist W-01',$,$,#1957,#1952,$,.JOIST.);
#1942=IFCCARTESIANPOINT((0.,0.));
#1943=IFCAXIS2PLACEMENT2D(#1942,$);
#1944=IFCRECTANGLEPROFILEDEF(.AREA.,$,#1943,0.0381,0.301625);
#1945=IFCCARTESIANPOINT((0.,0.,0.));
#1946=IFCDIRECTION((0.,0.,1.));
#1947=IFCDIRECTION((1.,0.,0.));
#1948=IFCAXIS2PLACEMENT3D(#1945,#1946,#1947);
#1949=IFCDIRECTION((0.,0.,1.));
#1950=IFCEXTRUDEDAREASOLID(#1944,#1948,#1949,5486.4);
#1951=IFCSHAPEREPRESENTATION(#11,'Body','SweptSolid',(#1950));
#1952=IFCPRODUCTDEFINITIONSHAPE($,$,(#1951));
#1953=IFCCARTESIANPOINT((0.,0.,-150.8125));
#1954=IFCDIRECTION((1.,0.,0.));
#1955=IFCDIRECTION((0.,1.,0.));
#1956=IFCAXIS2PLACEMENT3D(#1953,#1954,#1955);
#1957=IFCLOCALPLACEMENT(#155,#1956);
#1958=IFCBEAM('0FRdywlS98VOSLBgKFs9aD',$,'House Second Floor Joist E-01',$,$,#1974,#1969,$,.JOIST.);
#1959=IFCCARTESIANPOINT((0.,0.));
#1960=IFCAXIS2PLACEMENT2D(#1959,$);
#1961=IFCRECTANGLEPROFILEDEF(.AREA.,$,#1960,0.0381,0.301625);
#1962=IFCCARTESIANPOINT((0.,0.,0.));
#1963=IFCDIRECTION((0.,0.,1.));
#1964=IFCDIRECTION((1.,0.,0.));
#1965=IFCAXIS2PLACEMENT3D(#1962,#1963,#1964);
#1966=IFCDIRECTION((0.,0.,1.));
#1967=IFCEXTRUDEDAREASOLID(#1961,#1965,#1966,5486.4);
#1968=IFCSHAPEREPRESENTATION(#11,'Body','SweptSolid',(#1967));
#1969=IFCPRODUCTDEFINITIONSHAPE($,$,(#1968));
#1970=IFCCARTESIANPOINT((5486.4,0.,-150.8125));
#1971=IFCDIRECTION((1.,0.,0.));
#1972=IFCDIRECTION((0.,1.,0.));
#1973=IFCAXIS2PLACEMENT3D(#1970,#1971,#1972);
#1974=IFCLOCALPLACEMENT(#155,#1973);
#1975=IFCBEAM('2qEg00JJn60PevXx8CmNXU',$,'House Attic Floor Joist W-01',$,$,#1991,#1986,$,.JOIST.);
#1976=IFCCARTESIANPOINT((0.,0.));
#1977=IFCAXIS2PLACEMENT2D(#1976,$);
#1978=IFCRECTANGLEPROFILEDEF(.AREA.,$,#1977,0.0381,0.301625);
#1979=IFCCARTESIANPOINT((0.,0.,0.));
#1980=IFCDIRECTION((0.,0.,1.));
#1981=IFCDIRECTION((1.,0.,0.));
#1982=IFCAXIS2PLACEMENT3D(#1979,#1980,#1981);
#1983=IFCDIRECTION((0.,0.,1.));
#1984=IFCEXTRUDEDAREASOLID(#1978,#1982,#1983,5486.4);
#1985=IFCSHAPEREPRESENTATION(#11,'Body','SweptSolid',(#1984));
#1986=IFCPRODUCTDEFINITIONSHAPE($,$,(#1985));
#1987=IFCCARTESIANPOINT((0.,0.,-150.8125));
#1988=IFCDIRECTION((1.,0.,0.));
#1989=IFCDIRECTION((0.,1.,0.));
#1990=IFCAXIS2PLACEMENT3D(#1987,#1988,#1989);
#1991=IFCLOCALPLACEMENT(#161,#1990);
#1992=IFCBEAM('18tt3etMjDMPsnar0Lxim8',$,'House Attic Floor Joist E-01',$,$,#2008,#2003,$,.JOIST.);
#1993=IFCCARTESIANPOINT((0.,0.));
#1994=IFCAXIS2PLACEMENT2D(#1993,$);
#1995=IFCRECTANGLEPROFILEDEF(.AREA.,$,#1994,0.0381,0.301625);
#1996=IFCCARTESIANPOINT((0.,0.,0.));
#1997=IFCDIRECTION((0.,0.,1.));
#1998=IFCDIRECTION((1.,0.,0.));
#1999=IFCAXIS2PLACEMENT3D(#1996,#1997,#1998);
#2000=IFCDIRECTION((0.,0.,1.));
#2001=IFCEXTRUDEDAREASOLID(#1995,#1999,#2000,5486.4);
#2002=IFCSHAPEREPRESENTATION(#11,'Body','SweptSolid',(#2001));
#2003=IFCPRODUCTDEFINITIONSHAPE($,$,(#2002));
#2004=IFCCARTESIANPOINT((5486.4,0.,-150.8125));
#2005=IFCDIRECTION((1.,0.,0.));
#2006=IFCDIRECTION((0.,1.,0.));
#2007=IFCAXIS2PLACEMENT3D(#2004,#2005,#2006);
#2008=IFCLOCALPLACEMENT(#161,#2007);
#2009=IFCBEAM('3N6LZYBLHB7hP6mFbo_A$c',$,'House Second Floor Joist W-02',$,$,#2025,#2020,$,.JOIST.);
#2010=IFCCARTESIANPOINT((0.,0.));
#2011=IFCAXIS2PLACEMENT2D(#2010,$);
#2012=IFCRECTANGLEPROFILEDEF(.AREA.,$,#2011,0.0381,0.301625);
#2013=IFCCARTESIANPOINT((0.,0.,0.));
#2014=IFCDIRECTION((0.,0.,1.));
#2015=IFCDIRECTION((1.,0.,0.));
#2016=IFCAXIS2PLACEMENT3D(#2013,#2014,#2015);
#2017=IFCDIRECTION((0.,0.,1.));
#2018=IFCEXTRUDEDAREASOLID(#2012,#2016,#2017,5486.4);
#2019=IFCSHAPEREPRESENTATION(#11,'Body','SweptSolid',(#2018));
#2020=IFCPRODUCTDEFINITIONSHAPE($,$,(#2019));
#2021=IFCCARTESIANPOINT((0.,406.4,-150.8125));
#2022=IFCDIRECTION((1.,0.,0.));
#2023=IFCDIRECTION((0.,1.,0.));
#2024=IFCAXIS2PLACEMENT3D(#2021,#2022,#2023);
#2025=IFCLOCALPLACEMENT(#155,#2024);
#2026=IFCBEAM('3AAAQqfv11uvfd0WjWkGMr',$,'House Second Floor Joist E-02',$,$,#2042,#2037,$,.JOIST.);
#2027=IFCCARTESIANPOINT((0.,0.));
#2028=IFCAXIS2PLACEMENT2D(#2027,$);
#2029=IFCRECTANGLEPROFILEDEF(.AREA.,$,#2028,0.0381,0.301625);
#2030=IFCCARTESIANPOINT((0.,0.,0.));
#2031=IFCDIRECTION((0.,0.,1.));
#2032=IFCDIRECTION((1.,0.,0.));
#2033=IFCAXIS2PLACEMENT3D(#2030,#2031,#2032);
#2034=IFCDIRECTION((0.,0.,1.));
#2035=IFCEXTRUDEDAREASOLID(#2029,#2033,#2034,5486.4);
#2036=IFCSHAPEREPRESENTATION(#11,'Body','SweptSolid',(#2035));
#2037=IFCPRODUCTDEFINITIONSHAPE($,$,(#2036));
#2038=IFCCARTESIANPOINT((5486.4,406.4,-150.8125));
#2039=IFCDIRECTION((1.,0.,0.));
#2040=IFCDIRECTION((0.,1.,0.));
#2041=IFCAXIS2PLACEMENT3D(#2038,#2039,#2040);
#2042=IFCLOCALPLACEMENT(#155,#2041);
#2043=IFCBEAM('3U3pM4k8r5DPs74ls$KVsr',$,'House Attic Floor Joist W-02',$,$,#2059,#2054,$,.JOIST.);
#2044=IFCCARTESIANPOINT((0.,0.));
#2045=IFCAXIS2PLACEMENT2D(#2044,$);
#2046=IFCRECTANGLEPROFILEDEF(.AREA.,$,#2045,0.0381,0.301625);
#2047=IFCCARTESIANPOINT((0.,0.,0.));
#2048=IFCDIRECTION((0.,0.,1.));
#2049=IFCDIRECTION((1.,0.,0.));
#2050=IFCAXIS2PLACEMENT3D(#2047,#2048,#2049);
#2051=IFCDIRECTION((0.,0.,1.));
#2052=IFCEXTRUDEDAREASOLID(#2046,#2050,#2051,5486.4);
#2053=IFCSHAPEREPRESENTATION(#11,'Body','SweptSolid',(#2052));
#2054=IFCPRODUCTDEFINITIONSHAPE($,$,(#2053));
#2055=IFCCARTESIANPOINT((0.,406.4,-150.8125));
#2056=IFCDIRECTION((1.,0.,0.));
#2057=IFCDIRECTION((0.,1.,0.));
#2058=IFCAXIS2PLACEMENT3D(#2055,#2056,#2057);
#2059=IFCLOCALPLACEMENT(#161,#2058);
#2060=IFCBEAM('1qwMnruJbEJ81TFH9WCEFN',$,'House Attic Floor Joist E-02',$,$,#2076,#2071,$,.JOIST.);
#2061=IFCCARTESIANPOINT((0.,0.));
#2062=IFCAXIS2PLACEMENT2D(#2061,$);
#2063=IFCRECTANGLEPROFILEDEF(.AREA.,$,#2062,0.0381,0.301625);
#2064=IFCCARTESIANPOINT((0.,0.,0.));
#2065=IFCDIRECTION((0.,0.,1.));
#2066=IFCDIRECTION((1.,0.,0.));
#2067=IFCAXIS2PLACEMENT3D(#2064,#2065,#2066);
#2068=IFCDIRECTION((0.,0.,1.));
#2069=IFCEXTRUDEDAREASOLID(#2063,#2067,#2068,5486.4);
#2070=IFCSHAPEREPRESENTATION(#11,'Body','SweptSolid',(#2069));
#2071=IFCPRODUCTDEFINITIONSHAPE($,$,(#2070));
#2072=IFCCARTESIANPOINT((5486.4,406.4,-150.8125));
#2073=IFCDIRECTION((1.,0.,0.));
#2074=IFCDIRECTION((0.,1.,0.));
#2075=IFCAXIS2PLACEMENT3D(#2072,#2073,#2074);
#2076=IFCLOCALPLACEMENT(#161,#2075);
#2077=IFCBEAM('0y7J0c_Mn0peSkt4hMI90V',$,'House Second Floor Joist W-03',$,$,#2093,#2088,$,.JOIST.);
#2078=IFCCARTESIANPOINT((0.,0.));
#2079=IFCAXIS2PLACEMENT2D(#2078,$);
#2080=IFCRECTANGLEPROFILEDEF(.AREA.,$,#2079,0.0381,0.301625);
#2081=IFCCARTESIANPOINT((0.,0.,0.));
#2082=IFCDIRECTION((0.,0.,1.));
#2083=IFCDIRECTION((1.,0.,0.));
#2084=IFCAXIS2PLACEMENT3D(#2081,#2082,#2083);
#2085=IFCDIRECTION((0.,0.,1.));
#2086=IFCEXTRUDEDAREASOLID(#2080,#2084,#2085,5486.4);
#2087=IFCSHAPEREPRESENTATION(#11,'Body','SweptSolid',(#2086));
#2088=IFCPRODUCTDEFINITIONSHAPE($,$,(#2087));
#2089=IFCCARTESIANPOINT((0.,812.8,-150.8125));
#2090=IFCDIRECTION((1.,0.,0.));
#2091=IFCDIRECTION((0.,1.,0.));
#2092=IFCAXIS2PLACEMENT3D(#2089,#2090,#2091);
#2093=IFCLOCALPLACEMENT(#155,#2092);
#2094=IFCBEAM('0H1MTexXD3FfqiXVToheO4',$,'House Second Floor Joist E-03',$,$,#2110,#2105,$,.JOIST.);
#2095=IFCCARTESIANPOINT((0.,0.));
#2096=IFCAXIS2PLACEMENT2D(#2095,$);
#2097=IFCRECTANGLEPROFILEDEF(.AREA.,$,#2096,0.0381,0.301625);
#2098=IFCCARTESIANPOINT((0.,0.,0.));
#2099=IFCDIRECTION((0.,0.,1.));
#2100=IFCDIRECTION((1.,0.,0.));
#2101=IFCAXIS2PLACEMENT3D(#2098,#2099,#2100);
#2102=IFCDIRECTION((0.,0.,1.));
#2103=IFCEXTRUDEDAREASOLID(#2097,#2101,#2102,5486.4);
#2104=IFCSHAPEREPRESENTATION(#11,'Body','SweptSolid',(#2103));
#2105=IFCPRODUCTDEFINITIONSHAPE($,$,(#2104));
#2106=IFCCARTESIANPOINT((5486.4,812.8,-150.8125));
#2107=IFCDIRECTION((1.,0.,0.));
#2108=IFCDIRECTION((0.,1.,0.));
#2109=IFCAXIS2PLACEMENT3D(#2106,#2107,#2108);
#2110=IFCLOCALPLACEMENT(#155,#2109);
#2111=IFCBEAM('05_DvLh_95ahwAkuO39nJ1',$,'House Attic Floor Joist W-03',$,$,#2127,#2122,$,.JOIST.);
#2112=IFCCARTESIANPOINT((0.,0.));
#2113=IFCAXIS2PLACEMENT2D(#2112,$);
#2114=IFCRECTANGLEPROFILEDEF(.AREA.,$,#2113,0.0381,0.301625);
#2115=IFCCARTESIANPOINT((0.,0.,0.));
#2116=IFCDIRECTION((0.,0.,1.));
#2117=IFCDIRECTION((1.,0.,0.));
#2118=IFCAXIS2PLACEMENT3D(#2115,#2116,#2117);
#2119=IFCDIRECTION((0.,0.,1.));
#2120=IFCEXTRUDEDAREASOLID(#2114,#2118,#2119,5486.4);
#2121=IFCSHAPEREPRESENTATION(#11,'Body','SweptSolid',(#2120));
#2122=IFCPRODUCTDEFINITIONSHAPE($,$,(#2121));
#2123=IFCCARTESIANPOINT((0.,812.8,-150.8125));
#2124=IFCDIRECTION((1.,0.,0.));
#2125=IFCDIRECTION((0.,1.,0.));
#2126=IFCAXIS2PLACEMENT3D(#2123,#2124,#2125);
#2127=IFCLOCALPLACEMENT(#161,#2126);
#2128=IFCBEAM('0vvqNW_Vn1MuSgBcAklWRy',$,'House Attic Floor Joist E-03',$,$,#2144,#2139,$,.JOIST.);
#2129=IFCCARTESIANPOINT((0.,0.));
#2130=IFCAXIS2PLACEMENT2D(#2129,$);
#2131=IFCRECTANGLEPROFILEDEF(.AREA.,$,#2130,0.0381,0.301625);
#2132=IFCCARTESIANPOINT((0.,0.,0.));
#2133=IFCDIRECTION((0.,0.,1.));
#2134=IFCDIRECTION((1.,0.,0.));
#2135=IFCAXIS2PLACEMENT3D(#2132,#2133,#2134);
#2136=IFCDIRECTION((0.,0.,1.));
#2137=IFCEXTRUDEDAREASOLID(#2131,#2135,#2136,5486.4);
#2138=IFCSHAPEREPRESENTATION(#11,'Body','SweptSolid',(#2137));
#2139=IFCPRODUCTDEFINITIONSHAPE($,$,(#2138));
#2140=IFCCARTESIANPOINT((5486.4,812.8,-150.8125));
#2141=IFCDIRECTION((1.,0.,0.));
#2142=IFCDIRECTION((0.,1.,0.));
#2143=IFCAXIS2PLACEMENT3D(#2140,#2141,#2142);
#2144=IFCLOCALPLACEMENT(#161,#2143);
#2145=IFCBEAM('0kDebZI8r7sQp2_RUYWy1c',$,'House Second Floor Joist W-04',$,$,#2161,#2156,$,.JOIST.);
#2146=IFCCARTESIANPOINT((0.,0.));
#2147=IFCAXIS2PLACEMENT2D(#2146,$);
#2148=IFCRECTANGLEPROFILEDEF(.AREA.,$,#2147,0.0381,0.301625);
#2149=IFCCARTESIANPOINT((0.,0.,0.));
#2150=IFCDIRECTION((0.,0.,1.));
#2151=IFCDIRECTION((1.,0.,0.));
#2152=IFCAXIS2PLACEMENT3D(#2149,#2150,#2151);
#2153=IFCDIRECTION((0.,0.,1.));
#2154=IFCEXTRUDEDAREASOLID(#2148,#2152,#2153,5486.4);
#2155=IFCSHAPEREPRESENTATION(#11,'Body','SweptSolid',(#2154));
#2156=IFCPRODUCTDEFINITIONSHAPE($,$,(#2155));
#2157=IFCCARTESIANPOINT((0.,1219.2,-150.8125));
#2158=IFCDIRECTION((1.,0.,0.));
#2159=IFCDIRECTION((0.,1.,0.));
#2160=IFCAXIS2PLACEMENT3D(#2157,#2158,#2159);
#2161=IFCLOCALPLACEMENT(#155,#2160);
#2162=IFCBEAM('1OagXotP99gR_EE7bexoiy',$,'House Second Floor Joist E-04',$,$,#2178,#2173,$,.JOIST.);
#2163=IFCCARTESIANPOINT((0.,0.));
#2164=IFCAXIS2PLACEMENT2D(#2163,$);
#2165=IFCRECTANGLEPROFILEDEF(.AREA.,$,#2164,0.0381,0.301625);
#2166=IFCCARTESIANPOINT((0.,0.,0.));
#2167=IFCDIRECTION((0.,0.,1.));
#2168=IFCDIRECTION((1.,0.,0.));
#2169=IFCAXIS2PLACEMENT3D(#2166,#2167,#2168);
#2170=IFCDIRECTION((0.,0.,1.));
#2171=IFCEXTRUDEDAREASOLID(#2165,#2169,#2170,5486.4);
#2172=IFCSHAPEREPRESENTATION(#11,'Body','SweptSolid',(#2171));
#2173=IFCPRODUCTDEFINITIONSHAPE($,$,(#2172));
#2174=IFCCARTESIANPOINT((5486.4,1219.2,-150.8125));
#2175=IFCDIRECTION((1.,0.,0.));
#2176=IFCDIRECTION((0.,1.,0.));
#2177=IFCAXIS2PLACEMENT3D(#2174,#2175,#2176);
#2178=IFCLOCALPLACEMENT(#155,#2177);
#2179=IFCBEAM('3TbCtB4ub1EgDdRGfwgRIE',$,'House Attic Floor Joist W-04',$,$,#2195,#2190,$,.JOIST.);
#2180=IFCCARTESIANPOINT((0.,0.));
#2181=IFCAXIS2PLACEMENT2D(#2180,$);
#2182=IFCRECTANGLEPROFILEDEF(.AREA.,$,#2181,0.0381,0.301625);
#2183=IFCCARTESIANPOINT((0.,0.,0.));
#2184=IFCDIRECTION((0.,0.,1.));
#2185=IFCDIRECTION((1.,0.,0.));
#2186=IFCAXIS2PLACEMENT3D(#2183,#2184,#2185);
#2187=IFCDIRECTION((0.,0.,1.));
#2188=IFCEXTRUDEDAREASOLID(#2182,#2186,#2187,5486.4);
#2189=IFCSHAPEREPRESENTATION(#11,'Body','SweptSolid',(#2188));
#2190=IFCPRODUCTDEFINITIONSHAPE($,$,(#2189));
#2191=IFCCARTESIANPOINT((0.,1219.2,-150.8125));
#2192=IFCDIRECTION((1.,0.,0.));
#2193=IFCDIRECTION((0.,1.,0.));
#2194=IFCAXIS2PLACEMENT3D(#2191,#2192,#2193);
#2195=IFCLOCALPLACEMENT(#161,#2194);
#2196=IFCBEAM('0098i7IXf0vPWszidP4ZwD',$,'House Attic Floor Joist E-04',$,$,#2212,#2207,$,.JOIST.);
#2197=IFCCARTESIANPOINT((0.,0.));
#2198=IFCAXIS2PLACEMENT2D(#2197,$);
#2199=IFCRECTANGLEPROFILEDEF(.AREA.,$,#2198,0.0381,0.301625);
#2200=IFCCARTESIANPOINT((0.,0.,0.));
#2201=IFCDIRECTION((0.,0.,1.));
#2202=IFCDIRECTION((1.,0.,0.));
#2203=IFCAXIS2PLACEMENT3D(#2200,#2201,#2202);
#2204=IFCDIRECTION((0.,0.,1.));
#2205=IFCEXTRUDEDAREASOLID(#2199,#2203,#2204,5486.4);
#2206=IFCSHAPEREPRESENTATION(#11,'Body','SweptSolid',(#2205));
#2207=IFCPRODUCTDEFINITIONSHAPE($,$,(#2206));
#2208=IFCCARTESIANPOINT((5486.4,1219.2,-150.8125));
#2209=IFCDIRECTION((1.,0.,0.));
#2210=IFCDIRECTION((0.,1.,0.));
#2211=IFCAXIS2PLACEMENT3D(#2208,#2209,#2210);
#2212=IFCLOCALPLACEMENT(#161,#2211);
#2213=IFCBEAM('3AOfr7GnfAORKzqO_70fbI',$,'House Second Floor Joist W-05',$,$,#2229,#2224,$,.JOIST.);
#2214=IFCCARTESIANPOINT((0.,0.));
#2215=IFCAXIS2PLACEMENT2D(#2214,$);
#2216=IFCRECTANGLEPROFILEDEF(.AREA.,$,#2215,0.0381,0.301625);
#2217=IFCCARTESIANPOINT((0.,0.,0.));
#2218=IFCDIRECTION((0.,0.,1.));
#2219=IFCDIRECTION((1.,0.,0.));
#2220=IFCAXIS2PLACEMENT3D(#2217,#2218,#2219);
#2221=IFCDIRECTION((0.,0.,1.));
#2222=IFCEXTRUDEDAREASOLID(#2216,#2220,#2221,5486.4);
#2223=IFCSHAPEREPRESENTATION(#11,'Body','SweptSolid',(#2222));
#2224=IFCPRODUCTDEFINITIONSHAPE($,$,(#2223));
#2225=IFCCARTESIANPOINT((0.,1625.6,-150.8125));
#2226=IFCDIRECTION((1.,0.,0.));
#2227=IFCDIRECTION((0.,1.,0.));
#2228=IFCAXIS2PLACEMENT3D(#2225,#2226,#2227);
#2229=IFCLOCALPLACEMENT(#155,#2228);
#2230=IFCBEAM('3B0cyittfFDRUq_xfGaECm',$,'House Second Floor Joist E-05',$,$,#2246,#2241,$,.JOIST.);
#2231=IFCCARTESIANPOINT((0.,0.));
#2232=IFCAXIS2PLACEMENT2D(#2231,$);
#2233=IFCRECTANGLEPROFILEDEF(.AREA.,$,#2232,0.0381,0.301625);
#2234=IFCCARTESIANPOINT((0.,0.,0.));
#2235=IFCDIRECTION((0.,0.,1.));
#2236=IFCDIRECTION((1.,0.,0.));
#2237=IFCAXIS2PLACEMENT3D(#2234,#2235,#2236);
#2238=IFCDIRECTION((0.,0.,1.));
#2239=IFCEXTRUDEDAREASOLID(#2233,#2237,#2238,5486.4);
#2240=IFCSHAPEREPRESENTATION(#11,'Body','SweptSolid',(#2239));
#2241=IFCPRODUCTDEFINITIONSHAPE($,$,(#2240));
#2242=IFCCARTESIANPOINT((5486.4,1625.6,-150.8125));
#2243=IFCDIRECTION((1.,0.,0.));
#2244=IFCDIRECTION((0.,1.,0.));
#2245=IFCAXIS2PLACEMENT3D(#2242,#2243,#2244);
#2246=IFCLOCALPLACEMENT(#155,#2245);
#2247=IFCBEAM('0FNnreViv7SOpvkH2$6Kx4',$,'House Attic Floor Joist W-05',$,$,#2263,#2258,$,.JOIST.);
#2248=IFCCARTESIANPOINT((0.,0.));
#2249=IFCAXIS2PLACEMENT2D(#2248,$);
#2250=IFCRECTANGLEPROFILEDEF(.AREA.,$,#2249,0.0381,0.301625);
#2251=IFCCARTESIANPOINT((0.,0.,0.));
#2252=IFCDIRECTION((0.,0.,1.));
#2253=IFCDIRECTION((1.,0.,0.));
#2254=IFCAXIS2PLACEMENT3D(#2251,#2252,#2253);
#2255=IFCDIRECTION((0.,0.,1.));
#2256=IFCEXTRUDEDAREASOLID(#2250,#2254,#2255,5486.4);
#2257=IFCSHAPEREPRESENTATION(#11,'Body','SweptSolid',(#2256));
#2258=IFCPRODUCTDEFINITIONSHAPE($,$,(#2257));
#2259=IFCCARTESIANPOINT((0.,1625.6,-150.8125));
#2260=IFCDIRECTION((1.,0.,0.));
#2261=IFCDIRECTION((0.,1.,0.));
#2262=IFCAXIS2PLACEMENT3D(#2259,#2260,#2261);
#2263=IFCLOCALPLACEMENT(#161,#2262);
#2264=IFCBEAM('32irgoBaH1tgrwjaGjNQdk',$,'House Attic Floor Joist E-05',$,$,#2280,#2275,$,.JOIST.);
#2265=IFCCARTESIANPOINT((0.,0.));
#2266=IFCAXIS2PLACEMENT2D(#2265,$);
#2267=IFCRECTANGLEPROFILEDEF(.AREA.,$,#2266,0.0381,0.301625);
#2268=IFCCARTESIANPOINT((0.,0.,0.));
#2269=IFCDIRECTION((0.,0.,1.));
#2270=IFCDIRECTION((1.,0.,0.));
#2271=IFCAXIS2PLACEMENT3D(#2268,#2269,#2270);
#2272=IFCDIRECTION((0.,0.,1.));
#2273=IFCEXTRUDEDAREASOLID(#2267,#2271,#2272,5486.4);
#2274=IFCSHAPEREPRESENTATION(#11,'Body','SweptSolid',(#2273));
#2275=IFCPRODUCTDEFINITIONSHAPE($,$,(#2274));
#2276=IFCCARTESIANPOINT((5486.4,1625.6,-150.8125));
#2277=IFCDIRECTION((1.,0.,0.));
#2278=IFCDIRECTION((0.,1.,0.));
#2279=IFCAXIS2PLACEMENT3D(#2276,#2277,#2278);
#2280=IFCLOCALPLACEMENT(#161,#2279);
#2281=IFCBEAM('3YRVUrY1TA4xtKkDby0gD3',$,'House Second Floor Joist W-06',$,$,#2297,#2292,$,.JOIST.);
#2282=IFCCARTESIANPOINT((0.,0.));
#2283=IFCAXIS2PLACEMENT2D(#2282,$);
#2284=IFCRECTANGLEPROFILEDEF(.AREA.,$,#2283,0.0381,0.301625);
#2285=IFCCARTESIANPOINT((0.,0.,0.));
#2286=IFCDIRECTION((0.,0.,1.));
#2287=IFCDIRECTION((1.,0.,0.));
#2288=IFCAXIS2PLACEMENT3D(#2285,#2286,#2287);
#2289=IFCDIRECTION((0.,0.,1.));
#2290=IFCEXTRUDEDAREASOLID(#2284,#2288,#2289,5486.4);
#2291=IFCSHAPEREPRESENTATION(#11,'Body','SweptSolid',(#2290));
#2292=IFCPRODUCTDEFINITIONSHAPE($,$,(#2291));
#2293=IFCCARTESIANPOINT((0.,2032.,-150.8125));
#2294=IFCDIRECTION((1.,0.,0.));
#2295=IFCDIRECTION((0.,1.,0.));
#2296=IFCAXIS2PLACEMENT3D(#2293,#2294,#2295);
#2297=IFCLOCALPLACEMENT(#155,#2296);
#2298=IFCBEAM('2wCiZnlWT1CxMYfTvmMiKh',$,'House Second Floor Joist E-06',$,$,#2314,#2309,$,.JOIST.);
#2299=IFCCARTESIANPOINT((0.,0.));
#2300=IFCAXIS2PLACEMENT2D(#2299,$);
#2301=IFCRECTANGLEPROFILEDEF(.AREA.,$,#2300,0.0381,0.301625);
#2302=IFCCARTESIANPOINT((0.,0.,0.));
#2303=IFCDIRECTION((0.,0.,1.));
#2304=IFCDIRECTION((1.,0.,0.));
#2305=IFCAXIS2PLACEMENT3D(#2302,#2303,#2304);
#2306=IFCDIRECTION((0.,0.,1.));
#2307=IFCEXTRUDEDAREASOLID(#2301,#2305,#2306,5486.4);
#2308=IFCSHAPEREPRESENTATION(#11,'Body','SweptSolid',(#2307));
#2309=IFCPRODUCTDEFINITIONSHAPE($,$,(#2308));
#2310=IFCCARTESIANPOINT((5486.4,2032.,-150.8125));
#2311=IFCDIRECTION((1.,0.,0.));
#2312=IFCDIRECTION((0.,1.,0.));
#2313=IFCAXIS2PLACEMENT3D(#2310,#2311,#2312);
#2314=IFCLOCALPLACEMENT(#155,#2313);
#2315=IFCBEAM('0kzb5IslH0rgs2VWRsj69k',$,'House Attic Floor Joist W-06',$,$,#2331,#2326,$,.JOIST.);
#2316=IFCCARTESIANPOINT((0.,0.));
#2317=IFCAXIS2PLACEMENT2D(#2316,$);
#2318=IFCRECTANGLEPROFILEDEF(.AREA.,$,#2317,0.0381,0.301625);
#2319=IFCCARTESIANPOINT((0.,0.,0.));
#2320=IFCDIRECTION((0.,0.,1.));
#2321=IFCDIRECTION((1.,0.,0.));
#2322=IFCAXIS2PLACEMENT3D(#2319,#2320,#2321);
#2323=IFCDIRECTION((0.,0.,1.));
#2324=IFCEXTRUDEDAREASOLID(#2318,#2322,#2323,5486.4);
#2325=IFCSHAPEREPRESENTATION(#11,'Body','SweptSolid',(#2324));
#2326=IFCPRODUCTDEFINITIONSHAPE($,$,(#2325));
#2327=IFCCARTESIANPOINT((0.,2032.,-150.8125));
#2328=IFCDIRECTION((1.,0.,0.));
#2329=IFCDIRECTION((0.,1.,0.));
#2330=IFCAXIS2PLACEMENT3D(#2327,#2328,#2329);
#2331=IFCLOCALPLACEMENT(#161,#2330);
#2332=IFCBEAM('1e3_QLktb6iufBvC9rufi1',$,'House Attic Floor Joist E-06',$,$,#2348,#2343,$,.JOIST.);
#2333=IFCCARTESIANPOINT((0.,0.));
#2334=IFCAXIS2PLACEMENT2D(#2333,$);
#2335=IFCRECTANGLEPROFILEDEF(.AREA.,$,#2334,0.0381,0.301625);
#2336=IFCCARTESIANPOINT((0.,0.,0.));
#2337=IFCDIRECTION((0.,0.,1.));
#2338=IFCDIRECTION((1.,0.,0.));
#2339=IFCAXIS2PLACEMENT3D(#2336,#2337,#2338);
#2340=IFCDIRECTION((0.,0.,1.));
#2341=IFCEXTRUDEDAREASOLID(#2335,#2339,#2340,5486.4);
#2342=IFCSHAPEREPRESENTATION(#11,'Body','SweptSolid',(#2341));
#2343=IFCPRODUCTDEFINITIONSHAPE($,$,(#2342));
#2344=IFCCARTESIANPOINT((5486.4,2032.,-150.8125));
#2345=IFCDIRECTION((1.,0.,0.));
#2346=IFCDIRECTION((0.,1.,0.));
#2347=IFCAXIS2PLACEMENT3D(#2344,#2345,#2346);
#2348=IFCLOCALPLACEMENT(#161,#2347);
#2349=IFCBEAM('3IMcQikHfBDw$Wovrbub3J',$,'House Second Floor Joist W-07',$,$,#2365,#2360,$,.JOIST.);
#2350=IFCCARTESIANPOINT((0.,0.));
#2351=IFCAXIS2PLACEMENT2D(#2350,$);
#2352=IFCRECTANGLEPROFILEDEF(.AREA.,$,#2351,0.0381,0.301625);
#2353=IFCCARTESIANPOINT((0.,0.,0.));
#2354=IFCDIRECTION((0.,0.,1.));
#2355=IFCDIRECTION((1.,0.,0.));
#2356=IFCAXIS2PLACEMENT3D(#2353,#2354,#2355);
#2357=IFCDIRECTION((0.,0.,1.));
#2358=IFCEXTRUDEDAREASOLID(#2352,#2356,#2357,5486.4);
#2359=IFCSHAPEREPRESENTATION(#11,'Body','SweptSolid',(#2358));
#2360=IFCPRODUCTDEFINITIONSHAPE($,$,(#2359));
#2361=IFCCARTESIANPOINT((0.,2438.4,-150.8125));
#2362=IFCDIRECTION((1.,0.,0.));
#2363=IFCDIRECTION((0.,1.,0.));
#2364=IFCAXIS2PLACEMENT3D(#2361,#2362,#2363);
#2365=IFCLOCALPLACEMENT(#155,#2364);
#2366=IFCBEAM('3KWzel9iT6eOHEYI3hO$53',$,'House Second Floor Joist E-07',$,$,#2382,#2377,$,.JOIST.);
#2367=IFCCARTESIANPOINT((0.,0.));
#2368=IFCAXIS2PLACEMENT2D(#2367,$);
#2369=IFCRECTANGLEPROFILEDEF(.AREA.,$,#2368,0.0381,0.301625);
#2370=IFCCARTESIANPOINT((0.,0.,0.));
#2371=IFCDIRECTION((0.,0.,1.));
#2372=IFCDIRECTION((1.,0.,0.));
#2373=IFCAXIS2PLACEMENT3D(#2370,#2371,#2372);
#2374=IFCDIRECTION((0.,0.,1.));
#2375=IFCEXTRUDEDAREASOLID(#2369,#2373,#2374,5486.4);
#2376=IFCSHAPEREPRESENTATION(#11,'Body','SweptSolid',(#2375));
#2377=IFCPRODUCTDEFINITIONSHAPE($,$,(#2376));
#2378=IFCCARTESIANPOINT((5486.4,2438.4,-150.8125));
#2379=IFCDIRECTION((1.,0.,0.));
#2380=IFCDIRECTION((0.,1.,0.));
#2381=IFCAXIS2PLACEMENT3D(#2378,#2379,#2380);
#2382=IFCLOCALPLACEMENT(#155,#2381);
#2383=IFCBEAM('2JtEotuyjEn9K458uB37Cb',$,'House Attic Floor Joist W-07',$,$,#2399,#2394,$,.JOIST.);
#2384=IFCCARTESIANPOINT((0.,0.));
#2385=IFCAXIS2PLACEMENT2D(#2384,$);
#2386=IFCRECTANGLEPROFILEDEF(.AREA.,$,#2385,0.0381,0.301625);
#2387=IFCCARTESIANPOINT((0.,0.,0.));
#2388=IFCDIRECTION((0.,0.,1.));
#2389=IFCDIRECTION((1.,0.,0.));
#2390=IFCAXIS2PLACEMENT3D(#2387,#2388,#2389);
#2391=IFCDIRECTION((0.,0.,1.));
#2392=IFCEXTRUDEDAREASOLID(#2386,#2390,#2391,5486.4);
#2393=IFCSHAPEREPRESENTATION(#11,'Body','SweptSolid',(#2392));
#2394=IFCPRODUCTDEFINITIONSHAPE($,$,(#2393));
#2395=IFCCARTESIANPOINT((0.,2438.4,-150.8125));
#2396=IFCDIRECTION((1.,0.,0.));
#2397=IFCDIRECTION((0.,1.,0.));
#2398=IFCAXIS2PLACEMENT3D(#2395,#2396,#2397);
#2399=IFCLOCALPLACEMENT(#161,#2398);
#2400=IFCBEAM('2pFv91_WnBiBekmvlVv7e6',$,'House Attic Floor Joist E-07',$,$,#2416,#2411,$,.JOIST.);
#2401=IFCCARTESIANPOINT((0.,0.));
#2402=IFCAXIS2PLACEMENT2D(#2401,$);
#2403=IFCRECTANGLEPROFILEDEF(.AREA.,$,#2402,0.0381,0.301625);
#2404=IFCCARTESIANPOINT((0.,0.,0.));
#2405=IFCDIRECTION((0.,0.,1.));
#2406=IFCDIRECTION((1.,0.,0.));
#2407=IFCAXIS2PLACEMENT3D(#2404,#2405,#2406);
#2408=IFCDIRECTION((0.,0.,1.));
#2409=IFCEXTRUDEDAREASOLID(#2403,#2407,#2408,5486.4);
#2410=IFCSHAPEREPRESENTATION(#11,'Body','SweptSolid',(#2409));
#2411=IFCPRODUCTDEFINITIONSHAPE($,$,(#2410));
#2412=IFCCARTESIANPOINT((5486.4,2438.4,-150.8125));
#2413=IFCDIRECTION((1.,0.,0.));
#2414=IFCDIRECTION((0.,1.,0.));
#2415=IFCAXIS2PLACEMENT3D(#2412,#2413,#2414);
#2416=IFCLOCALPLACEMENT(#161,#2415);
#2417=IFCBEAM('208$$xU9DEberRrvWgY2XG',$,'House Second Floor Joist W-08',$,$,#2433,#2428,$,.JOIST.);
#2418=IFCCARTESIANPOINT((0.,0.));
#2419=IFCAXIS2PLACEMENT2D(#2418,$);
#2420=IFCRECTANGLEPROFILEDEF(.AREA.,$,#2419,0.0381,0.301625);
#2421=IFCCARTESIANPOINT((0.,0.,0.));
#2422=IFCDIRECTION((0.,0.,1.));
#2423=IFCDIRECTION((1.,0.,0.));
#2424=IFCAXIS2PLACEMENT3D(#2421,#2422,#2423);
#2425=IFCDIRECTION((0.,0.,1.));
#2426=IFCEXTRUDEDAREASOLID(#2420,#2424,#2425,5486.4);
#2427=IFCSHAPEREPRESENTATION(#11,'Body','SweptSolid',(#2426));
#2428=IFCPRODUCTDEFINITIONSHAPE($,$,(#2427));
#2429=IFCCARTESIANPOINT((0.,2844.8,-150.8125));
#2430=IFCDIRECTION((1.,0.,0.));
#2431=IFCDIRECTION((0.,1.,0.));
#2432=IFCAXIS2PLACEMENT3D(#2429,#2430,#2431);
#2433=IFCLOCALPLACEMENT(#155,#2432);
#2434=IFCBEAM('3xjDxhEFLAfuJeHCc70MFJ',$,'House Second Floor Joist E-08',$,$,#2450,#2445,$,.JOIST.);
#2435=IFCCARTESIANPOINT((0.,0.));
#2436=IFCAXIS2PLACEMENT2D(#2435,$);
#2437=IFCRECTANGLEPROFILEDEF(.AREA.,$,#2436,0.0381,0.301625);
#2438=IFCCARTESIANPOINT((0.,0.,0.));
#2439=IFCDIRECTION((0.,0.,1.));
#2440=IFCDIRECTION((1.,0.,0.));
#2441=IFCAXIS2PLACEMENT3D(#2438,#2439,#2440);
#2442=IFCDIRECTION((0.,0.,1.));
#2443=IFCEXTRUDEDAREASOLID(#2437,#2441,#2442,5486.4);
#2444=IFCSHAPEREPRESENTATION(#11,'Body','SweptSolid',(#2443));
#2445=IFCPRODUCTDEFINITIONSHAPE($,$,(#2444));
#2446=IFCCARTESIANPOINT((5486.4,2844.8,-150.8125));
#2447=IFCDIRECTION((1.,0.,0.));
#2448=IFCDIRECTION((0.,1.,0.));
#2449=IFCAXIS2PLACEMENT3D(#2446,#2447,#2448);
#2450=IFCLOCALPLACEMENT(#155,#2449);
#2451=IFCBEAM('0icbqoz1j6ixVlhzW4hGfS',$,'House Attic Floor Joist W-08',$,$,#2467,#2462,$,.JOIST.);
#2452=IFCCARTESIANPOINT((0.,0.));
#2453=IFCAXIS2PLACEMENT2D(#2452,$);
#2454=IFCRECTANGLEPROFILEDEF(.AREA.,$,#2453,0.0381,0.301625);
#2455=IFCCARTESIANPOINT((0.,0.,0.));
#2456=IFCDIRECTION((0.,0.,1.));
#2457=IFCDIRECTION((1.,0.,0.));
#2458=IFCAXIS2PLACEMENT3D(#2455,#2456,#2457);
#2459=IFCDIRECTION((0.,0.,1.));
#2460=IFCEXTRUDEDAREASOLID(#2454,#2458,#2459,5486.4);
#2461=IFCSHAPEREPRESENTATION(#11,'Body','SweptSolid',(#2460));
#2462=IFCPRODUCTDEFINITIONSHAPE($,$,(#2461));
#2463=IFCCARTESIANPOINT((0.,2844.8,-150.8125));
#2464=IFCDIRECTION((1.,0.,0.));
#2465=IFCDIRECTION((0.,1.,0.));
#2466=IFCAXIS2PLACEMENT3D(#2463,#2464,#2465);
#2467=IFCLOCALPLACEMENT(#161,#2466);
#2468=IFCBEAM('064rs1Bwb1ievViUL3fWgu',$,'House Attic Floor Joist E-08',$,$,#2484,#2479,$,.JOIST.);
#2469=IFCCARTESIANPOINT((0.,0.));
#2470=IFCAXIS2PLACEMENT2D(#2469,$);
#2471=IFCRECTANGLEPROFILEDEF(.AREA.,$,#2470,0.0381,0.301625);
#2472=IFCCARTESIANPOINT((0.,0.,0.));
#2473=IFCDIRECTION((0.,0.,1.));
#2474=IFCDIRECTION((1.,0.,0.));
#2475=IFCAXIS2PLACEMENT3D(#2472,#2473,#2474);
#2476=IFCDIRECTION((0.,0.,1.));
#2477=IFCEXTRUDEDAREASOLID(#2471,#2475,#2476,5486.4);
#2478=IFCSHAPEREPRESENTATION(#11,'Body','SweptSolid',(#2477));
#2479=IFCPRODUCTDEFINITIONSHAPE($,$,(#2478));
#2480=IFCCARTESIANPOINT((5486.4,2844.8,-150.8125));
#2481=IFCDIRECTION((1.,0.,0.));
#2482=IFCDIRECTION((0.,1.,0.));
#2483=IFCAXIS2PLACEMENT3D(#2480,#2481,#2482);
#2484=IFCLOCALPLACEMENT(#161,#2483);
#2485=IFCBEAM('2QRFUcvxDBYPEDHLmim2lB',$,'House Second Floor Joist W-09',$,$,#2501,#2496,$,.JOIST.);
#2486=IFCCARTESIANPOINT((0.,0.));
#2487=IFCAXIS2PLACEMENT2D(#2486,$);
#2488=IFCRECTANGLEPROFILEDEF(.AREA.,$,#2487,0.0381,0.301625);
#2489=IFCCARTESIANPOINT((0.,0.,0.));
#2490=IFCDIRECTION((0.,0.,1.));
#2491=IFCDIRECTION((1.,0.,0.));
#2492=IFCAXIS2PLACEMENT3D(#2489,#2490,#2491);
#2493=IFCDIRECTION((0.,0.,1.));
#2494=IFCEXTRUDEDAREASOLID(#2488,#2492,#2493,5486.4);
#2495=IFCSHAPEREPRESENTATION(#11,'Body','SweptSolid',(#2494));
#2496=IFCPRODUCTDEFINITIONSHAPE($,$,(#2495));
#2497=IFCCARTESIANPOINT((0.,3251.2,-150.8125));
#2498=IFCDIRECTION((1.,0.,0.));
#2499=IFCDIRECTION((0.,1.,0.));
#2500=IFCAXIS2PLACEMENT3D(#2497,#2498,#2499);
#2501=IFCLOCALPLACEMENT(#155,#2500);
#2502=IFCBEAM('0m_PuWgv17D9leuLqi2IWL',$,'House Second Floor Joist E-09',$,$,#2518,#2513,$,.JOIST.);
#2503=IFCCARTESIANPOINT((0.,0.));
#2504=IFCAXIS2PLACEMENT2D(#2503,$);
#2505=IFCRECTANGLEPROFILEDEF(.AREA.,$,#2504,0.0381,0.301625);
#2506=IFCCARTESIANPOINT((0.,0.,0.));
#2507=IFCDIRECTION((0.,0.,1.));
#2508=IFCDIRECTION((1.,0.,0.));
#2509=IFCAXIS2PLACEMENT3D(#2506,#2507,#2508);
#2510=IFCDIRECTION((0.,0.,1.));
#2511=IFCEXTRUDEDAREASOLID(#2505,#2509,#2510,5486.4);
#2512=IFCSHAPEREPRESENTATION(#11,'Body','SweptSolid',(#2511));
#2513=IFCPRODUCTDEFINITIONSHAPE($,$,(#2512));
#2514=IFCCARTESIANPOINT((5486.4,3251.2,-150.8125));
#2515=IFCDIRECTION((1.,0.,0.));
#2516=IFCDIRECTION((0.,1.,0.));
#2517=IFCAXIS2PLACEMENT3D(#2514,#2515,#2516);
#2518=IFCLOCALPLACEMENT(#155,#2517);
#2519=IFCBEAM('0wW5c2sHbASxeCmwLDyZNe',$,'House Attic Floor Joist W-09',$,$,#2535,#2530,$,.JOIST.);
#2520=IFCCARTESIANPOINT((0.,0.));
#2521=IFCAXIS2PLACEMENT2D(#2520,$);
#2522=IFCRECTANGLEPROFILEDEF(.AREA.,$,#2521,0.0381,0.301625);
#2523=IFCCARTESIANPOINT((0.,0.,0.));
#2524=IFCDIRECTION((0.,0.,1.));
#2525=IFCDIRECTION((1.,0.,0.));
#2526=IFCAXIS2PLACEMENT3D(#2523,#2524,#2525);
#2527=IFCDIRECTION((0.,0.,1.));
#2528=IFCEXTRUDEDAREASOLID(#2522,#2526,#2527,5486.4);
#2529=IFCSHAPEREPRESENTATION(#11,'Body','SweptSolid',(#2528));
#2530=IFCPRODUCTDEFINITIONSHAPE($,$,(#2529));
#2531=IFCCARTESIANPOINT((0.,3251.2,-150.8125));
#2532=IFCDIRECTION((1.,0.,0.));
#2533=IFCDIRECTION((0.,1.,0.));
#2534=IFCAXIS2PLACEMENT3D(#2531,#2532,#2533);
#2535=IFCLOCALPLACEMENT(#161,#2534);
#2536=IFCBEAM('0Py6$o1hLASQBajiaHxuPv',$,'House Attic Floor Joist E-09',$,$,#2552,#2547,$,.JOIST.);
#2537=IFCCARTESIANPOINT((0.,0.));
#2538=IFCAXIS2PLACEMENT2D(#2537,$);
#2539=IFCRECTANGLEPROFILEDEF(.AREA.,$,#2538,0.0381,0.301625);
#2540=IFCCARTESIANPOINT((0.,0.,0.));
#2541=IFCDIRECTION((0.,0.,1.));
#2542=IFCDIRECTION((1.,0.,0.));
#2543=IFCAXIS2PLACEMENT3D(#2540,#2541,#2542);
#2544=IFCDIRECTION((0.,0.,1.));
#2545=IFCEXTRUDEDAREASOLID(#2539,#2543,#2544,5486.4);
#2546=IFCSHAPEREPRESENTATION(#11,'Body','SweptSolid',(#2545));
#2547=IFCPRODUCTDEFINITIONSHAPE($,$,(#2546));
#2548=IFCCARTESIANPOINT((5486.4,3251.2,-150.8125));
#2549=IFCDIRECTION((1.,0.,0.));
#2550=IFCDIRECTION((0.,1.,0.));
#2551=IFCAXIS2PLACEMENT3D(#2548,#2549,#2550);
#2552=IFCLOCALPLACEMENT(#161,#2551);
#2553=IFCBEAM('04DgXkHPz5JRmT1kGJvhmk',$,'House Second Floor Joist W-10',$,$,#2569,#2564,$,.JOIST.);
#2554=IFCCARTESIANPOINT((0.,0.));
#2555=IFCAXIS2PLACEMENT2D(#2554,$);
#2556=IFCRECTANGLEPROFILEDEF(.AREA.,$,#2555,0.0381,0.301625);
#2557=IFCCARTESIANPOINT((0.,0.,0.));
#2558=IFCDIRECTION((0.,0.,1.));
#2559=IFCDIRECTION((1.,0.,0.));
#2560=IFCAXIS2PLACEMENT3D(#2557,#2558,#2559);
#2561=IFCDIRECTION((0.,0.,1.));
#2562=IFCEXTRUDEDAREASOLID(#2556,#2560,#2561,5486.4);
#2563=IFCSHAPEREPRESENTATION(#11,'Body','SweptSolid',(#2562));
#2564=IFCPRODUCTDEFINITIONSHAPE($,$,(#2563));
#2565=IFCCARTESIANPOINT((0.,3657.6,-150.8125));
#2566=IFCDIRECTION((1.,0.,0.));
#2567=IFCDIRECTION((0.,1.,0.));
#2568=IFCAXIS2PLACEMENT3D(#2565,#2566,#2567);
#2569=IFCLOCALPLACEMENT(#155,#2568);
#2570=IFCBEAM('30FyVYtWDDwesoeGfkK93f',$,'House Second Floor Joist E-10',$,$,#2586,#2581,$,.JOIST.);
#2571=IFCCARTESIANPOINT((0.,0.));
#2572=IFCAXIS2PLACEMENT2D(#2571,$);
#2573=IFCRECTANGLEPROFILEDEF(.AREA.,$,#2572,0.0381,0.301625);
#2574=IFCCARTESIANPOINT((0.,0.,0.));
#2575=IFCDIRECTION((0.,0.,1.));
#2576=IFCDIRECTION((1.,0.,0.));
#2577=IFCAXIS2PLACEMENT3D(#2574,#2575,#2576);
#2578=IFCDIRECTION((0.,0.,1.));
#2579=IFCEXTRUDEDAREASOLID(#2573,#2577,#2578,5486.4);
#2580=IFCSHAPEREPRESENTATION(#11,'Body','SweptSolid',(#2579));
#2581=IFCPRODUCTDEFINITIONSHAPE($,$,(#2580));
#2582=IFCCARTESIANPOINT((5486.4,3657.6,-150.8125));
#2583=IFCDIRECTION((1.,0.,0.));
#2584=IFCDIRECTION((0.,1.,0.));
#2585=IFCAXIS2PLACEMENT3D(#2582,#2583,#2584);
#2586=IFCLOCALPLACEMENT(#155,#2585);
#2587=IFCBEAM('3_qGUMdOvDxgHiFBiYBJiW',$,'House Attic Floor Joist W-10',$,$,#2603,#2598,$,.JOIST.);
#2588=IFCCARTESIANPOINT((0.,0.));
#2589=IFCAXIS2PLACEMENT2D(#2588,$);
#2590=IFCRECTANGLEPROFILEDEF(.AREA.,$,#2589,0.0381,0.301625);
#2591=IFCCARTESIANPOINT((0.,0.,0.));
#2592=IFCDIRECTION((0.,0.,1.));
#2593=IFCDIRECTION((1.,0.,0.));
#2594=IFCAXIS2PLACEMENT3D(#2591,#2592,#2593);
#2595=IFCDIRECTION((0.,0.,1.));
#2596=IFCEXTRUDEDAREASOLID(#2590,#2594,#2595,5486.4);
#2597=IFCSHAPEREPRESENTATION(#11,'Body','SweptSolid',(#2596));
#2598=IFCPRODUCTDEFINITIONSHAPE($,$,(#2597));
#2599=IFCCARTESIANPOINT((0.,3657.6,-150.8125));
#2600=IFCDIRECTION((1.,0.,0.));
#2601=IFCDIRECTION((0.,1.,0.));
#2602=IFCAXIS2PLACEMENT3D(#2599,#2600,#2601);
#2603=IFCLOCALPLACEMENT(#161,#2602);
#2604=IFCBEAM('1$ECxbUcT6OeINt2w9HTeC',$,'House Attic Floor Joist E-10',$,$,#2620,#2615,$,.JOIST.);
#2605=IFCCARTESIANPOINT((0.,0.));
#2606=IFCAXIS2PLACEMENT2D(#2605,$);
#2607=IFCRECTANGLEPROFILEDEF(.AREA.,$,#2606,0.0381,0.301625);
#2608=IFCCARTESIANPOINT((0.,0.,0.));
#2609=IFCDIRECTION((0.,0.,1.));
#2610=IFCDIRECTION((1.,0.,0.));
#2611=IFCAXIS2PLACEMENT3D(#2608,#2609,#2610);
#2612=IFCDIRECTION((0.,0.,1.));
#2613=IFCEXTRUDEDAREASOLID(#2607,#2611,#2612,5486.4);
#2614=IFCSHAPEREPRESENTATION(#11,'Body','SweptSolid',(#2613));
#2615=IFCPRODUCTDEFINITIONSHAPE($,$,(#2614));
#2616=IFCCARTESIANPOINT((5486.4,3657.6,-150.8125));
#2617=IFCDIRECTION((1.,0.,0.));
#2618=IFCDIRECTION((0.,1.,0.));
#2619=IFCAXIS2PLACEMENT3D(#2616,#2617,#2618);
#2620=IFCLOCALPLACEMENT(#161,#2619);
#2621=IFCBEAM('1davZUTPP0hv2Q1b7u81pM',$,'House Second Floor Joist W-11',$,$,#2637,#2632,$,.JOIST.);
#2622=IFCCARTESIANPOINT((0.,0.));
#2623=IFCAXIS2PLACEMENT2D(#2622,$);
#2624=IFCRECTANGLEPROFILEDEF(.AREA.,$,#2623,0.0381,0.301625);
#2625=IFCCARTESIANPOINT((0.,0.,0.));
#2626=IFCDIRECTION((0.,0.,1.));
#2627=IFCDIRECTION((1.,0.,0.));
#2628=IFCAXIS2PLACEMENT3D(#2625,#2626,#2627);
#2629=IFCDIRECTION((0.,0.,1.));
#2630=IFCEXTRUDEDAREASOLID(#2624,#2628,#2629,5486.4);
#2631=IFCSHAPEREPRESENTATION(#11,'Body','SweptSolid',(#2630));
#2632=IFCPRODUCTDEFINITIONSHAPE($,$,(#2631));
#2633=IFCCARTESIANPOINT((0.,4064.,-150.8125));
#2634=IFCDIRECTION((1.,0.,0.));
#2635=IFCDIRECTION((0.,1.,0.));
#2636=IFCAXIS2PLACEMENT3D(#2633,#2634,#2635);
#2637=IFCLOCALPLACEMENT(#155,#2636);
#2638=IFCBEAM('2cNINQFuDAjP3KVfMazZJE',$,'House Second Floor Joist E-11',$,$,#2654,#2649,$,.JOIST.);
#2639=IFCCARTESIANPOINT((0.,0.));
#2640=IFCAXIS2PLACEMENT2D(#2639,$);
#2641=IFCRECTANGLEPROFILEDEF(.AREA.,$,#2640,0.0381,0.301625);
#2642=IFCCARTESIANPOINT((0.,0.,0.));
#2643=IFCDIRECTION((0.,0.,1.));
#2644=IFCDIRECTION((1.,0.,0.));
#2645=IFCAXIS2PLACEMENT3D(#2642,#2643,#2644);
#2646=IFCDIRECTION((0.,0.,1.));
#2647=IFCEXTRUDEDAREASOLID(#2641,#2645,#2646,5486.4);
#2648=IFCSHAPEREPRESENTATION(#11,'Body','SweptSolid',(#2647));
#2649=IFCPRODUCTDEFINITIONSHAPE($,$,(#2648));
#2650=IFCCARTESIANPOINT((5486.4,4064.,-150.8125));
#2651=IFCDIRECTION((1.,0.,0.));
#2652=IFCDIRECTION((0.,1.,0.));
#2653=IFCAXIS2PLACEMENT3D(#2650,#2651,#2652);
#2654=IFCLOCALPLACEMENT(#155,#2653);
#2655=IFCBEAM('2jHlFJbZD57QBRiuMWAGpg',$,'House Attic Floor Joist W-11',$,$,#2671,#2666,$,.JOIST.);
#2656=IFCCARTESIANPOINT((0.,0.));
#2657=IFCAXIS2PLACEMENT2D(#2656,$);
#2658=IFCRECTANGLEPROFILEDEF(.AREA.,$,#2657,0.0381,0.301625);
#2659=IFCCARTESIANPOINT((0.,0.,0.));
#2660=IFCDIRECTION((0.,0.,1.));
#2661=IFCDIRECTION((1.,0.,0.));
#2662=IFCAXIS2PLACEMENT3D(#2659,#2660,#2661);
#2663=IFCDIRECTION((0.,0.,1.));
#2664=IFCEXTRUDEDAREASOLID(#2658,#2662,#2663,5486.4);
#2665=IFCSHAPEREPRESENTATION(#11,'Body','SweptSolid',(#2664));
#2666=IFCPRODUCTDEFINITIONSHAPE($,$,(#2665));
#2667=IFCCARTESIANPOINT((0.,4064.,-150.8125));
#2668=IFCDIRECTION((1.,0.,0.));
#2669=IFCDIRECTION((0.,1.,0.));
#2670=IFCAXIS2PLACEMENT3D(#2667,#2668,#2669);
#2671=IFCLOCALPLACEMENT(#161,#2670);
#2672=IFCBEAM('1t3YEzOG97C9QWYpgEN5ic',$,'House Attic Floor Joist E-11',$,$,#2688,#2683,$,.JOIST.);
#2673=IFCCARTESIANPOINT((0.,0.));
#2674=IFCAXIS2PLACEMENT2D(#2673,$);
#2675=IFCRECTANGLEPROFILEDEF(.AREA.,$,#2674,0.0381,0.301625);
#2676=IFCCARTESIANPOINT((0.,0.,0.));
#2677=IFCDIRECTION((0.,0.,1.));
#2678=IFCDIRECTION((1.,0.,0.));
#2679=IFCAXIS2PLACEMENT3D(#2676,#2677,#2678);
#2680=IFCDIRECTION((0.,0.,1.));
#2681=IFCEXTRUDEDAREASOLID(#2675,#2679,#2680,5486.4);
#2682=IFCSHAPEREPRESENTATION(#11,'Body','SweptSolid',(#2681));
#2683=IFCPRODUCTDEFINITIONSHAPE($,$,(#2682));
#2684=IFCCARTESIANPOINT((5486.4,4064.,-150.8125));
#2685=IFCDIRECTION((1.,0.,0.));
#2686=IFCDIRECTION((0.,1.,0.));
#2687=IFCAXIS2PLACEMENT3D(#2684,#2685,#2686);
#2688=IFCLOCALPLACEMENT(#161,#2687);
#2689=IFCBEAM('0KHYHjACH52utirG7zq0xA',$,'House Second Floor Joist W-12',$,$,#2705,#2700,$,.JOIST.);
#2690=IFCCARTESIANPOINT((0.,0.));
#2691=IFCAXIS2PLACEMENT2D(#2690,$);
#2692=IFCRECTANGLEPROFILEDEF(.AREA.,$,#2691,0.0381,0.301625);
#2693=IFCCARTESIANPOINT((0.,0.,0.));
#2694=IFCDIRECTION((0.,0.,1.));
#2695=IFCDIRECTION((1.,0.,0.));
#2696=IFCAXIS2PLACEMENT3D(#2693,#2694,#2695);
#2697=IFCDIRECTION((0.,0.,1.));
#2698=IFCEXTRUDEDAREASOLID(#2692,#2696,#2697,5486.4);
#2699=IFCSHAPEREPRESENTATION(#11,'Body','SweptSolid',(#2698));
#2700=IFCPRODUCTDEFINITIONSHAPE($,$,(#2699));
#2701=IFCCARTESIANPOINT((0.,4470.4,-150.8125));
#2702=IFCDIRECTION((1.,0.,0.));
#2703=IFCDIRECTION((0.,1.,0.));
#2704=IFCAXIS2PLACEMENT3D(#2701,#2702,#2703);
#2705=IFCLOCALPLACEMENT(#155,#2704);
#2706=IFCBEAM('1sx2SVX2vDYwUKPJ6Q_hC3',$,'House Second Floor Joist E-12',$,$,#2722,#2717,$,.JOIST.);
#2707=IFCCARTESIANPOINT((0.,0.));
#2708=IFCAXIS2PLACEMENT2D(#2707,$);
#2709=IFCRECTANGLEPROFILEDEF(.AREA.,$,#2708,0.0381,0.301625);
#2710=IFCCARTESIANPOINT((0.,0.,0.));
#2711=IFCDIRECTION((0.,0.,1.));
#2712=IFCDIRECTION((1.,0.,0.));
#2713=IFCAXIS2PLACEMENT3D(#2710,#2711,#2712);
#2714=IFCDIRECTION((0.,0.,1.));
#2715=IFCEXTRUDEDAREASOLID(#2709,#2713,#2714,5486.4);
#2716=IFCSHAPEREPRESENTATION(#11,'Body','SweptSolid',(#2715));
#2717=IFCPRODUCTDEFINITIONSHAPE($,$,(#2716));
#2718=IFCCARTESIANPOINT((5486.4,4470.4,-150.8125));
#2719=IFCDIRECTION((1.,0.,0.));
#2720=IFCDIRECTION((0.,1.,0.));
#2721=IFCAXIS2PLACEMENT3D(#2718,#2719,#2720);
#2722=IFCLOCALPLACEMENT(#155,#2721);
#2723=IFCBEAM('3iHmbMGVj2dvML36sM3o7M',$,'House Attic Floor Joist W-12',$,$,#2739,#2734,$,.JOIST.);
#2724=IFCCARTESIANPOINT((0.,0.));
#2725=IFCAXIS2PLACEMENT2D(#2724,$);
#2726=IFCRECTANGLEPROFILEDEF(.AREA.,$,#2725,0.0381,0.301625);
#2727=IFCCARTESIANPOINT((0.,0.,0.));
#2728=IFCDIRECTION((0.,0.,1.));
#2729=IFCDIRECTION((1.,0.,0.));
#2730=IFCAXIS2PLACEMENT3D(#2727,#2728,#2729);
#2731=IFCDIRECTION((0.,0.,1.));
#2732=IFCEXTRUDEDAREASOLID(#2726,#2730,#2731,5486.4);
#2733=IFCSHAPEREPRESENTATION(#11,'Body','SweptSolid',(#2732));
#2734=IFCPRODUCTDEFINITIONSHAPE($,$,(#2733));
#2735=IFCCARTESIANPOINT((0.,4470.4,-150.8125));
#2736=IFCDIRECTION((1.,0.,0.));
#2737=IFCDIRECTION((0.,1.,0.));
#2738=IFCAXIS2PLACEMENT3D(#2735,#2736,#2737);
#2739=IFCLOCALPLACEMENT(#161,#2738);
#2740=IFCBEAM('3n2HFPzZT2XBdTD12Aced9',$,'House Attic Floor Joist E-12',$,$,#2756,#2751,$,.JOIST.);
#2741=IFCCARTESIANPOINT((0.,0.));
#2742=IFCAXIS2PLACEMENT2D(#2741,$);
#2743=IFCRECTANGLEPROFILEDEF(.AREA.,$,#2742,0.0381,0.301625);
#2744=IFCCARTESIANPOINT((0.,0.,0.));
#2745=IFCDIRECTION((0.,0.,1.));
#2746=IFCDIRECTION((1.,0.,0.));
#2747=IFCAXIS2PLACEMENT3D(#2744,#2745,#2746);
#2748=IFCDIRECTION((0.,0.,1.));
#2749=IFCEXTRUDEDAREASOLID(#2743,#2747,#2748,5486.4);
#2750=IFCSHAPEREPRESENTATION(#11,'Body','SweptSolid',(#2749));
#2751=IFCPRODUCTDEFINITIONSHAPE($,$,(#2750));
#2752=IFCCARTESIANPOINT((5486.4,4470.4,-150.8125));
#2753=IFCDIRECTION((1.,0.,0.));
#2754=IFCDIRECTION((0.,1.,0.));
#2755=IFCAXIS2PLACEMENT3D(#2752,#2753,#2754);
#2756=IFCLOCALPLACEMENT(#161,#2755);
#2757=IFCBEAM('1lkGC0MRn9TfVWMKjW_zxU',$,'House Second Floor Joist W-13',$,$,#2773,#2768,$,.JOIST.);
#2758=IFCCARTESIANPOINT((0.,0.));
#2759=IFCAXIS2PLACEMENT2D(#2758,$);
#2760=IFCRECTANGLEPROFILEDEF(.AREA.,$,#2759,0.0381,0.301625);
#2761=IFCCARTESIANPOINT((0.,0.,0.));
#2762=IFCDIRECTION((0.,0.,1.));
#2763=IFCDIRECTION((1.,0.,0.));
#2764=IFCAXIS2PLACEMENT3D(#2761,#2762,#2763);
#2765=IFCDIRECTION((0.,0.,1.));
#2766=IFCEXTRUDEDAREASOLID(#2760,#2764,#2765,5486.4);
#2767=IFCSHAPEREPRESENTATION(#11,'Body','SweptSolid',(#2766));
#2768=IFCPRODUCTDEFINITIONSHAPE($,$,(#2767));
#2769=IFCCARTESIANPOINT((0.,4876.8,-150.8125));
#2770=IFCDIRECTION((1.,0.,0.));
#2771=IFCDIRECTION((0.,1.,0.));
#2772=IFCAXIS2PLACEMENT3D(#2769,#2770,#2771);
#2773=IFCLOCALPLACEMENT(#155,#2772);
#2774=IFCBEAM('25qYLX2A9D1QHQQvxTjq90',$,'House Second Floor Joist E-13',$,$,#2790,#2785,$,.JOIST.);
#2775=IFCCARTESIANPOINT((0.,0.));
#2776=IFCAXIS2PLACEMENT2D(#2775,$);
#2777=IFCRECTANGLEPROFILEDEF(.AREA.,$,#2776,0.0381,0.301625);
#2778=IFCCARTESIANPOINT((0.,0.,0.));
#2779=IFCDIRECTION((0.,0.,1.));
#2780=IFCDIRECTION((1.,0.,0.));
#2781=IFCAXIS2PLACEMENT3D(#2778,#2779,#2780);
#2782=IFCDIRECTION((0.,0.,1.));
#2783=IFCEXTRUDEDAREASOLID(#2777,#2781,#2782,5486.4);
#2784=IFCSHAPEREPRESENTATION(#11,'Body','SweptSolid',(#2783));
#2785=IFCPRODUCTDEFINITIONSHAPE($,$,(#2784));
#2786=IFCCARTESIANPOINT((5486.4,4876.8,-150.8125));
#2787=IFCDIRECTION((1.,0.,0.));
#2788=IFCDIRECTION((0.,1.,0.));
#2789=IFCAXIS2PLACEMENT3D(#2786,#2787,#2788);
#2790=IFCLOCALPLACEMENT(#155,#2789);
#2791=IFCBEAM('2lHSLy0FzFHvZfcMru1YQ_',$,'House Attic Floor Joist W-13',$,$,#2807,#2802,$,.JOIST.);
#2792=IFCCARTESIANPOINT((0.,0.));
#2793=IFCAXIS2PLACEMENT2D(#2792,$);
#2794=IFCRECTANGLEPROFILEDEF(.AREA.,$,#2793,0.0381,0.301625);
#2795=IFCCARTESIANPOINT((0.,0.,0.));
#2796=IFCDIRECTION((0.,0.,1.));
#2797=IFCDIRECTION((1.,0.,0.));
#2798=IFCAXIS2PLACEMENT3D(#2795,#2796,#2797);
#2799=IFCDIRECTION((0.,0.,1.));
#2800=IFCEXTRUDEDAREASOLID(#2794,#2798,#2799,5486.4);
#2801=IFCSHAPEREPRESENTATION(#11,'Body','SweptSolid',(#2800));
#2802=IFCPRODUCTDEFINITIONSHAPE($,$,(#2801));
#2803=IFCCARTESIANPOINT((0.,4876.8,-150.8125));
#2804=IFCDIRECTION((1.,0.,0.));
#2805=IFCDIRECTION((0.,1.,0.));
#2806=IFCAXIS2PLACEMENT3D(#2803,#2804,#2805);
#2807=IFCLOCALPLACEMENT(#161,#2806);
#2808=IFCBEAM('1xf8jFkEX1KhqdQjMiZsvh',$,'House Attic Floor Joist E-13',$,$,#2824,#2819,$,.JOIST.);
#2809=IFCCARTESIANPOINT((0.,0.));
#2810=IFCAXIS2PLACEMENT2D(#2809,$);
#2811=IFCRECTANGLEPROFILEDEF(.AREA.,$,#2810,0.0381,0.301625);
#2812=IFCCARTESIANPOINT((0.,0.,0.));
#2813=IFCDIRECTION((0.,0.,1.));
#2814=IFCDIRECTION((1.,0.,0.));
#2815=IFCAXIS2PLACEMENT3D(#2812,#2813,#2814);
#2816=IFCDIRECTION((0.,0.,1.));
#2817=IFCEXTRUDEDAREASOLID(#2811,#2815,#2816,5486.4);
#2818=IFCSHAPEREPRESENTATION(#11,'Body','SweptSolid',(#2817));
#2819=IFCPRODUCTDEFINITIONSHAPE($,$,(#2818));
#2820=IFCCARTESIANPOINT((5486.4,4876.8,-150.8125));
#2821=IFCDIRECTION((1.,0.,0.));
#2822=IFCDIRECTION((0.,1.,0.));
#2823=IFCAXIS2PLACEMENT3D(#2820,#2821,#2822);
#2824=IFCLOCALPLACEMENT(#161,#2823);
#2825=IFCBEAM('0hUoLzGoL5WB4qB9UAi6Sy',$,'House Second Floor Joist W-14',$,$,#2841,#2836,$,.JOIST.);
#2826=IFCCARTESIANPOINT((0.,0.));
#2827=IFCAXIS2PLACEMENT2D(#2826,$);
#2828=IFCRECTANGLEPROFILEDEF(.AREA.,$,#2827,0.0381,0.301625);
#2829=IFCCARTESIANPOINT((0.,0.,0.));
#2830=IFCDIRECTION((0.,0.,1.));
#2831=IFCDIRECTION((1.,0.,0.));
#2832=IFCAXIS2PLACEMENT3D(#2829,#2830,#2831);
#2833=IFCDIRECTION((0.,0.,1.));
#2834=IFCEXTRUDEDAREASOLID(#2828,#2832,#2833,5486.4);
#2835=IFCSHAPEREPRESENTATION(#11,'Body','SweptSolid',(#2834));
#2836=IFCPRODUCTDEFINITIONSHAPE($,$,(#2835));
#2837=IFCCARTESIANPOINT((0.,5283.2,-150.8125));
#2838=IFCDIRECTION((1.,0.,0.));
#2839=IFCDIRECTION((0.,1.,0.));
#2840=IFCAXIS2PLACEMENT3D(#2837,#2838,#2839);
#2841=IFCLOCALPLACEMENT(#155,#2840);
#2842=IFCBEAM('3bh0xBVT51BfFIMJ9vux4y',$,'House Second Floor Joist E-14',$,$,#2858,#2853,$,.JOIST.);
#2843=IFCCARTESIANPOINT((0.,0.));
#2844=IFCAXIS2PLACEMENT2D(#2843,$);
#2845=IFCRECTANGLEPROFILEDEF(.AREA.,$,#2844,0.0381,0.301625);
#2846=IFCCARTESIANPOINT((0.,0.,0.));
#2847=IFCDIRECTION((0.,0.,1.));
#2848=IFCDIRECTION((1.,0.,0.));
#2849=IFCAXIS2PLACEMENT3D(#2846,#2847,#2848);
#2850=IFCDIRECTION((0.,0.,1.));
#2851=IFCEXTRUDEDAREASOLID(#2845,#2849,#2850,5486.4);
#2852=IFCSHAPEREPRESENTATION(#11,'Body','SweptSolid',(#2851));
#2853=IFCPRODUCTDEFINITIONSHAPE($,$,(#2852));
#2854=IFCCARTESIANPOINT((5486.4,5283.2,-150.8125));
#2855=IFCDIRECTION((1.,0.,0.));
#2856=IFCDIRECTION((0.,1.,0.));
#2857=IFCAXIS2PLACEMENT3D(#2854,#2855,#2856);
#2858=IFCLOCALPLACEMENT(#155,#2857);
#2859=IFCBEAM('2dXHKGdRfFAfd1WXZ9s6Ag',$,'House Attic Floor Joist W-14',$,$,#2875,#2870,$,.JOIST.);
#2860=IFCCARTESIANPOINT((0.,0.));
#2861=IFCAXIS2PLACEMENT2D(#2860,$);
#2862=IFCRECTANGLEPROFILEDEF(.AREA.,$,#2861,0.0381,0.301625);
#2863=IFCCARTESIANPOINT((0.,0.,0.));
#2864=IFCDIRECTION((0.,0.,1.));
#2865=IFCDIRECTION((1.,0.,0.));
#2866=IFCAXIS2PLACEMENT3D(#2863,#2864,#2865);
#2867=IFCDIRECTION((0.,0.,1.));
#2868=IFCEXTRUDEDAREASOLID(#2862,#2866,#2867,5486.4);
#2869=IFCSHAPEREPRESENTATION(#11,'Body','SweptSolid',(#2868));
#2870=IFCPRODUCTDEFINITIONSHAPE($,$,(#2869));
#2871=IFCCARTESIANPOINT((0.,5283.2,-150.8125));
#2872=IFCDIRECTION((1.,0.,0.));
#2873=IFCDIRECTION((0.,1.,0.));
#2874=IFCAXIS2PLACEMENT3D(#2871,#2872,#2873);
#2875=IFCLOCALPLACEMENT(#161,#2874);
#2876=IFCBEAM('3ksDeI_ljC1uAJF2DU5VdW',$,'House Attic Floor Joist E-14',$,$,#2892,#2887,$,.JOIST.);
#2877=IFCCARTESIANPOINT((0.,0.));
#2878=IFCAXIS2PLACEMENT2D(#2877,$);
#2879=IFCRECTANGLEPROFILEDEF(.AREA.,$,#2878,0.0381,0.301625);
#2880=IFCCARTESIANPOINT((0.,0.,0.));
#2881=IFCDIRECTION((0.,0.,1.));
#2882=IFCDIRECTION((1.,0.,0.));
#2883=IFCAXIS2PLACEMENT3D(#2880,#2881,#2882);
#2884=IFCDIRECTION((0.,0.,1.));
#2885=IFCEXTRUDEDAREASOLID(#2879,#2883,#2884,5486.4);
#2886=IFCSHAPEREPRESENTATION(#11,'Body','SweptSolid',(#2885));
#2887=IFCPRODUCTDEFINITIONSHAPE($,$,(#2886));
#2888=IFCCARTESIANPOINT((5486.4,5283.2,-150.8125));
#2889=IFCDIRECTION((1.,0.,0.));
#2890=IFCDIRECTION((0.,1.,0.));
#2891=IFCAXIS2PLACEMENT3D(#2888,#2889,#2890);
#2892=IFCLOCALPLACEMENT(#161,#2891);
#2893=IFCBEAM('179RY$XGv2ygr$nbdDueQ7',$,'House Second Floor Joist W-15',$,$,#2909,#2904,$,.JOIST.);
#2894=IFCCARTESIANPOINT((0.,0.));
#2895=IFCAXIS2PLACEMENT2D(#2894,$);
#2896=IFCRECTANGLEPROFILEDEF(.AREA.,$,#2895,0.0381,0.301625);
#2897=IFCCARTESIANPOINT((0.,0.,0.));
#2898=IFCDIRECTION((0.,0.,1.));
#2899=IFCDIRECTION((1.,0.,0.));
#2900=IFCAXIS2PLACEMENT3D(#2897,#2898,#2899);
#2901=IFCDIRECTION((0.,0.,1.));
#2902=IFCEXTRUDEDAREASOLID(#2896,#2900,#2901,5486.4);
#2903=IFCSHAPEREPRESENTATION(#11,'Body','SweptSolid',(#2902));
#2904=IFCPRODUCTDEFINITIONSHAPE($,$,(#2903));
#2905=IFCCARTESIANPOINT((0.,5689.6,-150.8125));
#2906=IFCDIRECTION((1.,0.,0.));
#2907=IFCDIRECTION((0.,1.,0.));
#2908=IFCAXIS2PLACEMENT3D(#2905,#2906,#2907);
#2909=IFCLOCALPLACEMENT(#155,#2908);
#2910=IFCBEAM('0nsb_BTBX2Bgv8gD1PYeaq',$,'House Second Floor Joist E-15',$,$,#2926,#2921,$,.JOIST.);
#2911=IFCCARTESIANPOINT((0.,0.));
#2912=IFCAXIS2PLACEMENT2D(#2911,$);
#2913=IFCRECTANGLEPROFILEDEF(.AREA.,$,#2912,0.0381,0.301625);
#2914=IFCCARTESIANPOINT((0.,0.,0.));
#2915=IFCDIRECTION((0.,0.,1.));
#2916=IFCDIRECTION((1.,0.,0.));
#2917=IFCAXIS2PLACEMENT3D(#2914,#2915,#2916);
#2918=IFCDIRECTION((0.,0.,1.));
#2919=IFCEXTRUDEDAREASOLID(#2913,#2917,#2918,5486.4);
#2920=IFCSHAPEREPRESENTATION(#11,'Body','SweptSolid',(#2919));
#2921=IFCPRODUCTDEFINITIONSHAPE($,$,(#2920));
#2922=IFCCARTESIANPOINT((5486.4,5689.6,-150.8125));
#2923=IFCDIRECTION((1.,0.,0.));
#2924=IFCDIRECTION((0.,1.,0.));
#2925=IFCAXIS2PLACEMENT3D(#2922,#2923,#2924);
#2926=IFCLOCALPLACEMENT(#155,#2925);
#2927=IFCBEAM('1b8BJdDKrDvvr4Txx60MT5',$,'House Attic Floor Joist W-15',$,$,#2943,#2938,$,.JOIST.);
#2928=IFCCARTESIANPOINT((0.,0.));
#2929=IFCAXIS2PLACEMENT2D(#2928,$);
#2930=IFCRECTANGLEPROFILEDEF(.AREA.,$,#2929,0.0381,0.301625);
#2931=IFCCARTESIANPOINT((0.,0.,0.));
#2932=IFCDIRECTION((0.,0.,1.));
#2933=IFCDIRECTION((1.,0.,0.));
#2934=IFCAXIS2PLACEMENT3D(#2931,#2932,#2933);
#2935=IFCDIRECTION((0.,0.,1.));
#2936=IFCEXTRUDEDAREASOLID(#2930,#2934,#2935,5486.4);
#2937=IFCSHAPEREPRESENTATION(#11,'Body','SweptSolid',(#2936));
#2938=IFCPRODUCTDEFINITIONSHAPE($,$,(#2937));
#2939=IFCCARTESIANPOINT((0.,5689.6,-150.8125));
#2940=IFCDIRECTION((1.,0.,0.));
#2941=IFCDIRECTION((0.,1.,0.));
#2942=IFCAXIS2PLACEMENT3D(#2939,#2940,#2941);
#2943=IFCLOCALPLACEMENT(#161,#2942);
#2944=IFCBEAM('1yS8bwVgDCjvn_SQFdRMVj',$,'House Attic Floor Joist E-15',$,$,#2960,#2955,$,.JOIST.);
#2945=IFCCARTESIANPOINT((0.,0.));
#2946=IFCAXIS2PLACEMENT2D(#2945,$);
#2947=IFCRECTANGLEPROFILEDEF(.AREA.,$,#2946,0.0381,0.301625);
#2948=IFCCARTESIANPOINT((0.,0.,0.));
#2949=IFCDIRECTION((0.,0.,1.));
#2950=IFCDIRECTION((1.,0.,0.));
#2951=IFCAXIS2PLACEMENT3D(#2948,#2949,#2950);
#2952=IFCDIRECTION((0.,0.,1.));
#2953=IFCEXTRUDEDAREASOLID(#2947,#2951,#2952,5486.4);
#2954=IFCSHAPEREPRESENTATION(#11,'Body','SweptSolid',(#2953));
#2955=IFCPRODUCTDEFINITIONSHAPE($,$,(#2954));
#2956=IFCCARTESIANPOINT((5486.4,5689.6,-150.8125));
#2957=IFCDIRECTION((1.,0.,0.));
#2958=IFCDIRECTION((0.,1.,0.));
#2959=IFCAXIS2PLACEMENT3D(#2956,#2957,#2958);
#2960=IFCLOCALPLACEMENT(#161,#2959);
#2961=IFCBEAM('06iDgZ3tHApgM1APAqTmvU',$,'House Second Floor Joist W-16',$,$,#2977,#2972,$,.JOIST.);
#2962=IFCCARTESIANPOINT((0.,0.));
#2963=IFCAXIS2PLACEMENT2D(#2962,$);
#2964=IFCRECTANGLEPROFILEDEF(.AREA.,$,#2963,0.0381,0.301625);
#2965=IFCCARTESIANPOINT((0.,0.,0.));
#2966=IFCDIRECTION((0.,0.,1.));
#2967=IFCDIRECTION((1.,0.,0.));
#2968=IFCAXIS2PLACEMENT3D(#2965,#2966,#2967);
#2969=IFCDIRECTION((0.,0.,1.));
#2970=IFCEXTRUDEDAREASOLID(#2964,#2968,#2969,5486.4);
#2971=IFCSHAPEREPRESENTATION(#11,'Body','SweptSolid',(#2970));
#2972=IFCPRODUCTDEFINITIONSHAPE($,$,(#2971));
#2973=IFCCARTESIANPOINT((0.,6096.,-150.8125));
#2974=IFCDIRECTION((1.,0.,0.));
#2975=IFCDIRECTION((0.,1.,0.));
#2976=IFCAXIS2PLACEMENT3D(#2973,#2974,#2975);
#2977=IFCLOCALPLACEMENT(#155,#2976);
#2978=IFCBEAM('1CpMiPYFfBCfvSnPZGkrYA',$,'House Second Floor Joist E-16',$,$,#2994,#2989,$,.JOIST.);
#2979=IFCCARTESIANPOINT((0.,0.));
#2980=IFCAXIS2PLACEMENT2D(#2979,$);
#2981=IFCRECTANGLEPROFILEDEF(.AREA.,$,#2980,0.0381,0.301625);
#2982=IFCCARTESIANPOINT((0.,0.,0.));
#2983=IFCDIRECTION((0.,0.,1.));
#2984=IFCDIRECTION((1.,0.,0.));
#2985=IFCAXIS2PLACEMENT3D(#2982,#2983,#2984);
#2986=IFCDIRECTION((0.,0.,1.));
#2987=IFCEXTRUDEDAREASOLID(#2981,#2985,#2986,5486.4);
#2988=IFCSHAPEREPRESENTATION(#11,'Body','SweptSolid',(#2987));
#2989=IFCPRODUCTDEFINITIONSHAPE($,$,(#2988));
#2990=IFCCARTESIANPOINT((5486.4,6096.,-150.8125));
#2991=IFCDIRECTION((1.,0.,0.));
#2992=IFCDIRECTION((0.,1.,0.));
#2993=IFCAXIS2PLACEMENT3D(#2990,#2991,#2992);
#2994=IFCLOCALPLACEMENT(#155,#2993);
#2995=IFCBEAM('21cMg9Jlz79hsn939ucS69',$,'House Attic Floor Joist W-16',$,$,#3011,#3006,$,.JOIST.);
#2996=IFCCARTESIANPOINT((0.,0.));
#2997=IFCAXIS2PLACEMENT2D(#2996,$);
#2998=IFCRECTANGLEPROFILEDEF(.AREA.,$,#2997,0.0381,0.301625);
#2999=IFCCARTESIANPOINT((0.,0.,0.));
#3000=IFCDIRECTION((0.,0.,1.));
#3001=IFCDIRECTION((1.,0.,0.));
#3002=IFCAXIS2PLACEMENT3D(#2999,#3000,#3001);
#3003=IFCDIRECTION((0.,0.,1.));
#3004=IFCEXTRUDEDAREASOLID(#2998,#3002,#3003,5486.4);
#3005=IFCSHAPEREPRESENTATION(#11,'Body','SweptSolid',(#3004));
#3006=IFCPRODUCTDEFINITIONSHAPE($,$,(#3005));
#3007=IFCCARTESIANPOINT((0.,6096.,-150.8125));
#3008=IFCDIRECTION((1.,0.,0.));
#3009=IFCDIRECTION((0.,1.,0.));
#3010=IFCAXIS2PLACEMENT3D(#3007,#3008,#3009);
#3011=IFCLOCALPLACEMENT(#161,#3010);
#3012=IFCBEAM('1C2rfn9zrDyvtdpinoGy7D',$,'House Attic Floor Joist E-16',$,$,#3028,#3023,$,.JOIST.);
#3013=IFCCARTESIANPOINT((0.,0.));
#3014=IFCAXIS2PLACEMENT2D(#3013,$);
#3015=IFCRECTANGLEPROFILEDEF(.AREA.,$,#3014,0.0381,0.301625);
#3016=IFCCARTESIANPOINT((0.,0.,0.));
#3017=IFCDIRECTION((0.,0.,1.));
#3018=IFCDIRECTION((1.,0.,0.));
#3019=IFCAXIS2PLACEMENT3D(#3016,#3017,#3018);
#3020=IFCDIRECTION((0.,0.,1.));
#3021=IFCEXTRUDEDAREASOLID(#3015,#3019,#3020,5486.4);
#3022=IFCSHAPEREPRESENTATION(#11,'Body','SweptSolid',(#3021));
#3023=IFCPRODUCTDEFINITIONSHAPE($,$,(#3022));
#3024=IFCCARTESIANPOINT((5486.4,6096.,-150.8125));
#3025=IFCDIRECTION((1.,0.,0.));
#3026=IFCDIRECTION((0.,1.,0.));
#3027=IFCAXIS2PLACEMENT3D(#3024,#3025,#3026);
#3028=IFCLOCALPLACEMENT(#161,#3027);
#3029=IFCBEAM('3lJw20LwH97v0$7Ylz7vFf',$,'House Second Floor Joist W-17',$,$,#3045,#3040,$,.JOIST.);
#3030=IFCCARTESIANPOINT((0.,0.));
#3031=IFCAXIS2PLACEMENT2D(#3030,$);
#3032=IFCRECTANGLEPROFILEDEF(.AREA.,$,#3031,0.0381,0.301625);
#3033=IFCCARTESIANPOINT((0.,0.,0.));
#3034=IFCDIRECTION((0.,0.,1.));
#3035=IFCDIRECTION((1.,0.,0.));
#3036=IFCAXIS2PLACEMENT3D(#3033,#3034,#3035);
#3037=IFCDIRECTION((0.,0.,1.));
#3038=IFCEXTRUDEDAREASOLID(#3032,#3036,#3037,5486.4);
#3039=IFCSHAPEREPRESENTATION(#11,'Body','SweptSolid',(#3038));
#3040=IFCPRODUCTDEFINITIONSHAPE($,$,(#3039));
#3041=IFCCARTESIANPOINT((0.,6502.4,-150.8125));
#3042=IFCDIRECTION((1.,0.,0.));
#3043=IFCDIRECTION((0.,1.,0.));
#3044=IFCAXIS2PLACEMENT3D(#3041,#3042,#3043);
#3045=IFCLOCALPLACEMENT(#155,#3044);
#3046=IFCBEAM('2lx8d7wOvBvAPBUkQwMWph',$,'House Second Floor Joist E-17',$,$,#3062,#3057,$,.JOIST.);
#3047=IFCCARTESIANPOINT((0.,0.));
#3048=IFCAXIS2PLACEMENT2D(#3047,$);
#3049=IFCRECTANGLEPROFILEDEF(.AREA.,$,#3048,0.0381,0.301625);
#3050=IFCCARTESIANPOINT((0.,0.,0.));
#3051=IFCDIRECTION((0.,0.,1.));
#3052=IFCDIRECTION((1.,0.,0.));
#3053=IFCAXIS2PLACEMENT3D(#3050,#3051,#3052);
#3054=IFCDIRECTION((0.,0.,1.));
#3055=IFCEXTRUDEDAREASOLID(#3049,#3053,#3054,5486.4);
#3056=IFCSHAPEREPRESENTATION(#11,'Body','SweptSolid',(#3055));
#3057=IFCPRODUCTDEFINITIONSHAPE($,$,(#3056));
#3058=IFCCARTESIANPOINT((5486.4,6502.4,-150.8125));
#3059=IFCDIRECTION((1.,0.,0.));
#3060=IFCDIRECTION((0.,1.,0.));
#3061=IFCAXIS2PLACEMENT3D(#3058,#3059,#3060);
#3062=IFCLOCALPLACEMENT(#155,#3061);
#3063=IFCBEAM('0v5b2ahYXCLRD0LG1vMENd',$,'House Attic Floor Joist W-17',$,$,#3079,#3074,$,.JOIST.);
#3064=IFCCARTESIANPOINT((0.,0.));
#3065=IFCAXIS2PLACEMENT2D(#3064,$);
#3066=IFCRECTANGLEPROFILEDEF(.AREA.,$,#3065,0.0381,0.301625);
#3067=IFCCARTESIANPOINT((0.,0.,0.));
#3068=IFCDIRECTION((0.,0.,1.));
#3069=IFCDIRECTION((1.,0.,0.));
#3070=IFCAXIS2PLACEMENT3D(#3067,#3068,#3069);
#3071=IFCDIRECTION((0.,0.,1.));
#3072=IFCEXTRUDEDAREASOLID(#3066,#3070,#3071,5486.4);
#3073=IFCSHAPEREPRESENTATION(#11,'Body','SweptSolid',(#3072));
#3074=IFCPRODUCTDEFINITIONSHAPE($,$,(#3073));
#3075=IFCCARTESIANPOINT((0.,6502.4,-150.8125));
#3076=IFCDIRECTION((1.,0.,0.));
#3077=IFCDIRECTION((0.,1.,0.));
#3078=IFCAXIS2PLACEMENT3D(#3075,#3076,#3077);
#3079=IFCLOCALPLACEMENT(#161,#3078);
#3080=IFCBEAM('0PzUHDWoHBKuJyYSwUtUP0',$,'House Attic Floor Joist E-17',$,$,#3096,#3091,$,.JOIST.);
#3081=IFCCARTESIANPOINT((0.,0.));
#3082=IFCAXIS2PLACEMENT2D(#3081,$);
#3083=IFCRECTANGLEPROFILEDEF(.AREA.,$,#3082,0.0381,0.301625);
#3084=IFCCARTESIANPOINT((0.,0.,0.));
#3085=IFCDIRECTION((0.,0.,1.));
#3086=IFCDIRECTION((1.,0.,0.));
#3087=IFCAXIS2PLACEMENT3D(#3084,#3085,#3086);
#3088=IFCDIRECTION((0.,0.,1.));
#3089=IFCEXTRUDEDAREASOLID(#3083,#3087,#3088,5486.4);
#3090=IFCSHAPEREPRESENTATION(#11,'Body','SweptSolid',(#3089));
#3091=IFCPRODUCTDEFINITIONSHAPE($,$,(#3090));
#3092=IFCCARTESIANPOINT((5486.4,6502.4,-150.8125));
#3093=IFCDIRECTION((1.,0.,0.));
#3094=IFCDIRECTION((0.,1.,0.));
#3095=IFCAXIS2PLACEMENT3D(#3092,#3093,#3094);
#3096=IFCLOCALPLACEMENT(#161,#3095);
#3097=IFCBEAM('2vX_BR8TjDQuFxAI8MKbbV',$,'House Second Floor Joist W-18',$,$,#3113,#3108,$,.JOIST.);
#3098=IFCCARTESIANPOINT((0.,0.));
#3099=IFCAXIS2PLACEMENT2D(#3098,$);
#3100=IFCRECTANGLEPROFILEDEF(.AREA.,$,#3099,0.0381,0.301625);
#3101=IFCCARTESIANPOINT((0.,0.,0.));
#3102=IFCDIRECTION((0.,0.,1.));
#3103=IFCDIRECTION((1.,0.,0.));
#3104=IFCAXIS2PLACEMENT3D(#3101,#3102,#3103);
#3105=IFCDIRECTION((0.,0.,1.));
#3106=IFCEXTRUDEDAREASOLID(#3100,#3104,#3105,5486.4);
#3107=IFCSHAPEREPRESENTATION(#11,'Body','SweptSolid',(#3106));
#3108=IFCPRODUCTDEFINITIONSHAPE($,$,(#3107));
#3109=IFCCARTESIANPOINT((0.,6908.8,-150.8125));
#3110=IFCDIRECTION((1.,0.,0.));
#3111=IFCDIRECTION((0.,1.,0.));
#3112=IFCAXIS2PLACEMENT3D(#3109,#3110,#3111);
#3113=IFCLOCALPLACEMENT(#155,#3112);
#3114=IFCBEAM('1aOZA$IKfB3QiqQ7ssLyip',$,'House Second Floor Joist E-18',$,$,#3130,#3125,$,.JOIST.);
#3115=IFCCARTESIANPOINT((0.,0.));
#3116=IFCAXIS2PLACEMENT2D(#3115,$);
#3117=IFCRECTANGLEPROFILEDEF(.AREA.,$,#3116,0.0381,0.301625);
#3118=IFCCARTESIANPOINT((0.,0.,0.));
#3119=IFCDIRECTION((0.,0.,1.));
#3120=IFCDIRECTION((1.,0.,0.));
#3121=IFCAXIS2PLACEMENT3D(#3118,#3119,#3120);
#3122=IFCDIRECTION((0.,0.,1.));
#3123=IFCEXTRUDEDAREASOLID(#3117,#3121,#3122,5486.4);
#3124=IFCSHAPEREPRESENTATION(#11,'Body','SweptSolid',(#3123));
#3125=IFCPRODUCTDEFINITIONSHAPE($,$,(#3124));
#3126=IFCCARTESIANPOINT((5486.4,6908.8,-150.8125));
#3127=IFCDIRECTION((1.,0.,0.));
#3128=IFCDIRECTION((0.,1.,0.));
#3129=IFCAXIS2PLACEMENT3D(#3126,#3127,#3128);
#3130=IFCLOCALPLACEMENT(#155,#3129);
#3131=IFCBEAM('2qJpw1sGzEHO$6W0trxW0E',$,'House Attic Floor Joist W-18',$,$,#3147,#3142,$,.JOIST.);
#3132=IFCCARTESIANPOINT((0.,0.));
#3133=IFCAXIS2PLACEMENT2D(#3132,$);
#3134=IFCRECTANGLEPROFILEDEF(.AREA.,$,#3133,0.0381,0.301625);
#3135=IFCCARTESIANPOINT((0.,0.,0.));
#3136=IFCDIRECTION((0.,0.,1.));
#3137=IFCDIRECTION((1.,0.,0.));
#3138=IFCAXIS2PLACEMENT3D(#3135,#3136,#3137);
#3139=IFCDIRECTION((0.,0.,1.));
#3140=IFCEXTRUDEDAREASOLID(#3134,#3138,#3139,5486.4);
#3141=IFCSHAPEREPRESENTATION(#11,'Body','SweptSolid',(#3140));
#3142=IFCPRODUCTDEFINITIONSHAPE($,$,(#3141));
#3143=IFCCARTESIANPOINT((0.,6908.8,-150.8125));
#3144=IFCDIRECTION((1.,0.,0.));
#3145=IFCDIRECTION((0.,1.,0.));
#3146=IFCAXIS2PLACEMENT3D(#3143,#3144,#3145);
#3147=IFCLOCALPLACEMENT(#161,#3146);
#3148=IFCBEAM('12nFu6dTnF$hun7V6AAziv',$,'House Attic Floor Joist E-18',$,$,#3164,#3159,$,.JOIST.);
#3149=IFCCARTESIANPOINT((0.,0.));
#3150=IFCAXIS2PLACEMENT2D(#3149,$);
#3151=IFCRECTANGLEPROFILEDEF(.AREA.,$,#3150,0.0381,0.301625);
#3152=IFCCARTESIANPOINT((0.,0.,0.));
#3153=IFCDIRECTION((0.,0.,1.));
#3154=IFCDIRECTION((1.,0.,0.));
#3155=IFCAXIS2PLACEMENT3D(#3152,#3153,#3154);
#3156=IFCDIRECTION((0.,0.,1.));
#3157=IFCEXTRUDEDAREASOLID(#3151,#3155,#3156,5486.4);
#3158=IFCSHAPEREPRESENTATION(#11,'Body','SweptSolid',(#3157));
#3159=IFCPRODUCTDEFINITIONSHAPE($,$,(#3158));
#3160=IFCCARTESIANPOINT((5486.4,6908.8,-150.8125));
#3161=IFCDIRECTION((1.,0.,0.));
#3162=IFCDIRECTION((0.,1.,0.));
#3163=IFCAXIS2PLACEMENT3D(#3160,#3161,#3162);
#3164=IFCLOCALPLACEMENT(#161,#3163);
#3165=IFCBEAM('1Kbi8Ux$HFQedgoiB5WOix',$,'House Second Floor Joist W-19',$,$,#3181,#3176,$,.JOIST.);
#3166=IFCCARTESIANPOINT((0.,0.));
#3167=IFCAXIS2PLACEMENT2D(#3166,$);
#3168=IFCRECTANGLEPROFILEDEF(.AREA.,$,#3167,0.0381,0.301625);
#3169=IFCCARTESIANPOINT((0.,0.,0.));
#3170=IFCDIRECTION((0.,0.,1.));
#3171=IFCDIRECTION((1.,0.,0.));
#3172=IFCAXIS2PLACEMENT3D(#3169,#3170,#3171);
#3173=IFCDIRECTION((0.,0.,1.));
#3174=IFCEXTRUDEDAREASOLID(#3168,#3172,#3173,5486.4);
#3175=IFCSHAPEREPRESENTATION(#11,'Body','SweptSolid',(#3174));
#3176=IFCPRODUCTDEFINITIONSHAPE($,$,(#3175));
#3177=IFCCARTESIANPOINT((0.,7315.2,-150.8125));
#3178=IFCDIRECTION((1.,0.,0.));
#3179=IFCDIRECTION((0.,1.,0.));
#3180=IFCAXIS2PLACEMENT3D(#3177,#3178,#3179);
#3181=IFCLOCALPLACEMENT(#155,#3180);
#3182=IFCBEAM('0KXQKPtsT4mOyFsfr5b3vP',$,'House Second Floor Joist E-19',$,$,#3198,#3193,$,.JOIST.);
#3183=IFCCARTESIANPOINT((0.,0.));
#3184=IFCAXIS2PLACEMENT2D(#3183,$);
#3185=IFCRECTANGLEPROFILEDEF(.AREA.,$,#3184,0.0381,0.301625);
#3186=IFCCARTESIANPOINT((0.,0.,0.));
#3187=IFCDIRECTION((0.,0.,1.));
#3188=IFCDIRECTION((1.,0.,0.));
#3189=IFCAXIS2PLACEMENT3D(#3186,#3187,#3188);
#3190=IFCDIRECTION((0.,0.,1.));
#3191=IFCEXTRUDEDAREASOLID(#3185,#3189,#3190,5486.4);
#3192=IFCSHAPEREPRESENTATION(#11,'Body','SweptSolid',(#3191));
#3193=IFCPRODUCTDEFINITIONSHAPE($,$,(#3192));
#3194=IFCCARTESIANPOINT((5486.4,7315.2,-150.8125));
#3195=IFCDIRECTION((1.,0.,0.));
#3196=IFCDIRECTION((0.,1.,0.));
#3197=IFCAXIS2PLACEMENT3D(#3194,#3195,#3196);
#3198=IFCLOCALPLACEMENT(#155,#3197);
#3199=IFCBEAM('2SqtwXZnjDreohciQ7gDWY',$,'House Attic Floor Joist W-19',$,$,#3215,#3210,$,.JOIST.);
#3200=IFCCARTESIANPOINT((0.,0.));
#3201=IFCAXIS2PLACEMENT2D(#3200,$);
#3202=IFCRECTANGLEPROFILEDEF(.AREA.,$,#3201,0.0381,0.301625);
#3203=IFCCARTESIANPOINT((0.,0.,0.));
#3204=IFCDIRECTION((0.,0.,1.));
#3205=IFCDIRECTION((1.,0.,0.));
#3206=IFCAXIS2PLACEMENT3D(#3203,#3204,#3205);
#3207=IFCDIRECTION((0.,0.,1.));
#3208=IFCEXTRUDEDAREASOLID(#3202,#3206,#3207,5486.4);
#3209=IFCSHAPEREPRESENTATION(#11,'Body','SweptSolid',(#3208));
#3210=IFCPRODUCTDEFINITIONSHAPE($,$,(#3209));
#3211=IFCCARTESIANPOINT((0.,7315.2,-150.8125));
#3212=IFCDIRECTION((1.,0.,0.));
#3213=IFCDIRECTION((0.,1.,0.));
#3214=IFCAXIS2PLACEMENT3D(#3211,#3212,#3213);
#3215=IFCLOCALPLACEMENT(#161,#3214);
#3216=IFCBEAM('2G3o0YtRTEPfbH8Suuf1Fe',$,'House Attic Floor Joist E-19',$,$,#3232,#3227,$,.JOIST.);
#3217=IFCCARTESIANPOINT((0.,0.));
#3218=IFCAXIS2PLACEMENT2D(#3217,$);
#3219=IFCRECTANGLEPROFILEDEF(.AREA.,$,#3218,0.0381,0.301625);
#3220=IFCCARTESIANPOINT((0.,0.,0.));
#3221=IFCDIRECTION((0.,0.,1.));
#3222=IFCDIRECTION((1.,0.,0.));
#3223=IFCAXIS2PLACEMENT3D(#3220,#3221,#3222);
#3224=IFCDIRECTION((0.,0.,1.));
#3225=IFCEXTRUDEDAREASOLID(#3219,#3223,#3224,5486.4);
#3226=IFCSHAPEREPRESENTATION(#11,'Body','SweptSolid',(#3225));
#3227=IFCPRODUCTDEFINITIONSHAPE($,$,(#3226));
#3228=IFCCARTESIANPOINT((5486.4,7315.2,-150.8125));
#3229=IFCDIRECTION((1.,0.,0.));
#3230=IFCDIRECTION((0.,1.,0.));
#3231=IFCAXIS2PLACEMENT3D(#3228,#3229,#3230);
#3232=IFCLOCALPLACEMENT(#161,#3231);
#3233=IFCBEAM('1rxUgb4hnEiBEPcxePEIa1',$,'House Second Floor Joist W-20',$,$,#3249,#3244,$,.JOIST.);
#3234=IFCCARTESIANPOINT((0.,0.));
#3235=IFCAXIS2PLACEMENT2D(#3234,$);
#3236=IFCRECTANGLEPROFILEDEF(.AREA.,$,#3235,0.0381,0.301625);
#3237=IFCCARTESIANPOINT((0.,0.,0.));
#3238=IFCDIRECTION((0.,0.,1.));
#3239=IFCDIRECTION((1.,0.,0.));
#3240=IFCAXIS2PLACEMENT3D(#3237,#3238,#3239);
#3241=IFCDIRECTION((0.,0.,1.));
#3242=IFCEXTRUDEDAREASOLID(#3236,#3240,#3241,5486.4);
#3243=IFCSHAPEREPRESENTATION(#11,'Body','SweptSolid',(#3242));
#3244=IFCPRODUCTDEFINITIONSHAPE($,$,(#3243));
#3245=IFCCARTESIANPOINT((0.,7721.6,-150.8125));
#3246=IFCDIRECTION((1.,0.,0.));
#3247=IFCDIRECTION((0.,1.,0.));
#3248=IFCAXIS2PLACEMENT3D(#3245,#3246,#3247);
#3249=IFCLOCALPLACEMENT(#155,#3248);
#3250=IFCBEAM('0zezal3JD8fvbEsJ4v0l5C',$,'House Second Floor Joist E-20',$,$,#3266,#3261,$,.JOIST.);
#3251=IFCCARTESIANPOINT((0.,0.));
#3252=IFCAXIS2PLACEMENT2D(#3251,$);
#3253=IFCRECTANGLEPROFILEDEF(.AREA.,$,#3252,0.0381,0.301625);
#3254=IFCCARTESIANPOINT((0.,0.,0.));
#3255=IFCDIRECTION((0.,0.,1.));
#3256=IFCDIRECTION((1.,0.,0.));
#3257=IFCAXIS2PLACEMENT3D(#3254,#3255,#3256);
#3258=IFCDIRECTION((0.,0.,1.));
#3259=IFCEXTRUDEDAREASOLID(#3253,#3257,#3258,5486.4);
#3260=IFCSHAPEREPRESENTATION(#11,'Body','SweptSolid',(#3259));
#3261=IFCPRODUCTDEFINITIONSHAPE($,$,(#3260));
#3262=IFCCARTESIANPOINT((5486.4,7721.6,-150.8125));
#3263=IFCDIRECTION((1.,0.,0.));
#3264=IFCDIRECTION((0.,1.,0.));
#3265=IFCAXIS2PLACEMENT3D(#3262,#3263,#3264);
#3266=IFCLOCALPLACEMENT(#155,#3265);
#3267=IFCBEAM('1znaF__pvDzQlTucy$CrQB',$,'House Attic Floor Joist W-20',$,$,#3283,#3278,$,.JOIST.);
#3268=IFCCARTESIANPOINT((0.,0.));
#3269=IFCAXIS2PLACEMENT2D(#3268,$);
#3270=IFCRECTANGLEPROFILEDEF(.AREA.,$,#3269,0.0381,0.301625);
#3271=IFCCARTESIANPOINT((0.,0.,0.));
#3272=IFCDIRECTION((0.,0.,1.));
#3273=IFCDIRECTION((1.,0.,0.));
#3274=IFCAXIS2PLACEMENT3D(#3271,#3272,#3273);
#3275=IFCDIRECTION((0.,0.,1.));
#3276=IFCEXTRUDEDAREASOLID(#3270,#3274,#3275,5486.4);
#3277=IFCSHAPEREPRESENTATION(#11,'Body','SweptSolid',(#3276));
#3278=IFCPRODUCTDEFINITIONSHAPE($,$,(#3277));
#3279=IFCCARTESIANPOINT((0.,7721.6,-150.8125));
#3280=IFCDIRECTION((1.,0.,0.));
#3281=IFCDIRECTION((0.,1.,0.));
#3282=IFCAXIS2PLACEMENT3D(#3279,#3280,#3281);
#3283=IFCLOCALPLACEMENT(#161,#3282);
#3284=IFCBEAM('2GMsyODEv0jelAHiISsLpN',$,'House Attic Floor Joist E-20',$,$,#3300,#3295,$,.JOIST.);
#3285=IFCCARTESIANPOINT((0.,0.));
#3286=IFCAXIS2PLACEMENT2D(#3285,$);
#3287=IFCRECTANGLEPROFILEDEF(.AREA.,$,#3286,0.0381,0.301625);
#3288=IFCCARTESIANPOINT((0.,0.,0.));
#3289=IFCDIRECTION((0.,0.,1.));
#3290=IFCDIRECTION((1.,0.,0.));
#3291=IFCAXIS2PLACEMENT3D(#3288,#3289,#3290);
#3292=IFCDIRECTION((0.,0.,1.));
#3293=IFCEXTRUDEDAREASOLID(#3287,#3291,#3292,5486.4);
#3294=IFCSHAPEREPRESENTATION(#11,'Body','SweptSolid',(#3293));
#3295=IFCPRODUCTDEFINITIONSHAPE($,$,(#3294));
#3296=IFCCARTESIANPOINT((5486.4,7721.6,-150.8125));
#3297=IFCDIRECTION((1.,0.,0.));
#3298=IFCDIRECTION((0.,1.,0.));
#3299=IFCAXIS2PLACEMENT3D(#3296,#3297,#3298);
#3300=IFCLOCALPLACEMENT(#161,#3299);
#3301=IFCBEAM('1YJS0D1Nb9o9lRKe_SXt6w',$,'House Second Floor Joist W-21',$,$,#3317,#3312,$,.JOIST.);
#3302=IFCCARTESIANPOINT((0.,0.));
#3303=IFCAXIS2PLACEMENT2D(#3302,$);
#3304=IFCRECTANGLEPROFILEDEF(.AREA.,$,#3303,0.0381,0.301625);
#3305=IFCCARTESIANPOINT((0.,0.,0.));
#3306=IFCDIRECTION((0.,0.,1.));
#3307=IFCDIRECTION((1.,0.,0.));
#3308=IFCAXIS2PLACEMENT3D(#3305,#3306,#3307);
#3309=IFCDIRECTION((0.,0.,1.));
#3310=IFCEXTRUDEDAREASOLID(#3304,#3308,#3309,5486.4);
#3311=IFCSHAPEREPRESENTATION(#11,'Body','SweptSolid',(#3310));
#3312=IFCPRODUCTDEFINITIONSHAPE($,$,(#3311));
#3313=IFCCARTESIANPOINT((0.,8128.,-150.8125));
#3314=IFCDIRECTION((1.,0.,0.));
#3315=IFCDIRECTION((0.,1.,0.));
#3316=IFCAXIS2PLACEMENT3D(#3313,#3314,#3315);
#3317=IFCLOCALPLACEMENT(#155,#3316);
#3318=IFCBEAM('1qleEATiHFGh73Uhwy5Yqf',$,'House Second Floor Joist E-21',$,$,#3334,#3329,$,.JOIST.);
#3319=IFCCARTESIANPOINT((0.,0.));
#3320=IFCAXIS2PLACEMENT2D(#3319,$);
#3321=IFCRECTANGLEPROFILEDEF(.AREA.,$,#3320,0.0381,0.301625);
#3322=IFCCARTESIANPOINT((0.,0.,0.));
#3323=IFCDIRECTION((0.,0.,1.));
#3324=IFCDIRECTION((1.,0.,0.));
#3325=IFCAXIS2PLACEMENT3D(#3322,#3323,#3324);
#3326=IFCDIRECTION((0.,0.,1.));
#3327=IFCEXTRUDEDAREASOLID(#3321,#3325,#3326,5486.4);
#3328=IFCSHAPEREPRESENTATION(#11,'Body','SweptSolid',(#3327));
#3329=IFCPRODUCTDEFINITIONSHAPE($,$,(#3328));
#3330=IFCCARTESIANPOINT((5486.4,8128.,-150.8125));
#3331=IFCDIRECTION((1.,0.,0.));
#3332=IFCDIRECTION((0.,1.,0.));
#3333=IFCAXIS2PLACEMENT3D(#3330,#3331,#3332);
#3334=IFCLOCALPLACEMENT(#155,#3333);
#3335=IFCBEAM('19AHa8Trn3hPD9prjUxIJ4',$,'House Attic Floor Joist W-21',$,$,#3351,#3346,$,.JOIST.);
#3336=IFCCARTESIANPOINT((0.,0.));
#3337=IFCAXIS2PLACEMENT2D(#3336,$);
#3338=IFCRECTANGLEPROFILEDEF(.AREA.,$,#3337,0.0381,0.301625);
#3339=IFCCARTESIANPOINT((0.,0.,0.));
#3340=IFCDIRECTION((0.,0.,1.));
#3341=IFCDIRECTION((1.,0.,0.));
#3342=IFCAXIS2PLACEMENT3D(#3339,#3340,#3341);
#3343=IFCDIRECTION((0.,0.,1.));
#3344=IFCEXTRUDEDAREASOLID(#3338,#3342,#3343,5486.4);
#3345=IFCSHAPEREPRESENTATION(#11,'Body','SweptSolid',(#3344));
#3346=IFCPRODUCTDEFINITIONSHAPE($,$,(#3345));
#3347=IFCCARTESIANPOINT((0.,8128.,-150.8125));
#3348=IFCDIRECTION((1.,0.,0.));
#3349=IFCDIRECTION((0.,1.,0.));
#3350=IFCAXIS2PLACEMENT3D(#3347,#3348,#3349);
#3351=IFCLOCALPLACEMENT(#161,#3350);
#3352=IFCBEAM('1bBURfANf7uufRHwOcFI12',$,'House Attic Floor Joist E-21',$,$,#3368,#3363,$,.JOIST.);
#3353=IFCCARTESIANPOINT((0.,0.));
#3354=IFCAXIS2PLACEMENT2D(#3353,$);
#3355=IFCRECTANGLEPROFILEDEF(.AREA.,$,#3354,0.0381,0.301625);
#3356=IFCCARTESIANPOINT((0.,0.,0.));
#3357=IFCDIRECTION((0.,0.,1.));
#3358=IFCDIRECTION((1.,0.,0.));
#3359=IFCAXIS2PLACEMENT3D(#3356,#3357,#3358);
#3360=IFCDIRECTION((0.,0.,1.));
#3361=IFCEXTRUDEDAREASOLID(#3355,#3359,#3360,5486.4);
#3362=IFCSHAPEREPRESENTATION(#11,'Body','SweptSolid',(#3361));
#3363=IFCPRODUCTDEFINITIONSHAPE($,$,(#3362));
#3364=IFCCARTESIANPOINT((5486.4,8128.,-150.8125));
#3365=IFCDIRECTION((1.,0.,0.));
#3366=IFCDIRECTION((0.,1.,0.));
#3367=IFCAXIS2PLACEMENT3D(#3364,#3365,#3366);
#3368=IFCLOCALPLACEMENT(#161,#3367);
#3369=IFCBEAM('3HjDBmIGDBPgjK4Et2upIY',$,'House Second Floor Joist W-22',$,$,#3385,#3380,$,.JOIST.);
#3370=IFCCARTESIANPOINT((0.,0.));
#3371=IFCAXIS2PLACEMENT2D(#3370,$);
#3372=IFCRECTANGLEPROFILEDEF(.AREA.,$,#3371,0.0381,0.301625);
#3373=IFCCARTESIANPOINT((0.,0.,0.));
#3374=IFCDIRECTION((0.,0.,1.));
#3375=IFCDIRECTION((1.,0.,0.));
#3376=IFCAXIS2PLACEMENT3D(#3373,#3374,#3375);
#3377=IFCDIRECTION((0.,0.,1.));
#3378=IFCEXTRUDEDAREASOLID(#3372,#3376,#3377,5486.4);
#3379=IFCSHAPEREPRESENTATION(#11,'Body','SweptSolid',(#3378));
#3380=IFCPRODUCTDEFINITIONSHAPE($,$,(#3379));
#3381=IFCCARTESIANPOINT((0.,8534.4,-150.8125));
#3382=IFCDIRECTION((1.,0.,0.));
#3383=IFCDIRECTION((0.,1.,0.));
#3384=IFCAXIS2PLACEMENT3D(#3381,#3382,#3383);
#3385=IFCLOCALPLACEMENT(#155,#3384);
#3386=IFCBEAM('2UmYPh$ozEnR4axFM0Vla2',$,'House Second Floor Joist E-22',$,$,#3402,#3397,$,.JOIST.);
#3387=IFCCARTESIANPOINT((0.,0.));
#3388=IFCAXIS2PLACEMENT2D(#3387,$);
#3389=IFCRECTANGLEPROFILEDEF(.AREA.,$,#3388,0.0381,0.301625);
#3390=IFCCARTESIANPOINT((0.,0.,0.));
#3391=IFCDIRECTION((0.,0.,1.));
#3392=IFCDIRECTION((1.,0.,0.));
#3393=IFCAXIS2PLACEMENT3D(#3390,#3391,#3392);
#3394=IFCDIRECTION((0.,0.,1.));
#3395=IFCEXTRUDEDAREASOLID(#3389,#3393,#3394,5486.4);
#3396=IFCSHAPEREPRESENTATION(#11,'Body','SweptSolid',(#3395));
#3397=IFCPRODUCTDEFINITIONSHAPE($,$,(#3396));
#3398=IFCCARTESIANPOINT((5486.4,8534.4,-150.8125));
#3399=IFCDIRECTION((1.,0.,0.));
#3400=IFCDIRECTION((0.,1.,0.));
#3401=IFCAXIS2PLACEMENT3D(#3398,#3399,#3400);
#3402=IFCLOCALPLACEMENT(#155,#3401);
#3403=IFCBEAM('14gFPyF_9D5hd9Y1gG6TgK',$,'House Attic Floor Joist W-22',$,$,#3419,#3414,$,.JOIST.);
#3404=IFCCARTESIANPOINT((0.,0.));
#3405=IFCAXIS2PLACEMENT2D(#3404,$);
#3406=IFCRECTANGLEPROFILEDEF(.AREA.,$,#3405,0.0381,0.301625);
#3407=IFCCARTESIANPOINT((0.,0.,0.));
#3408=IFCDIRECTION((0.,0.,1.));
#3409=IFCDIRECTION((1.,0.,0.));
#3410=IFCAXIS2PLACEMENT3D(#3407,#3408,#3409);
#3411=IFCDIRECTION((0.,0.,1.));
#3412=IFCEXTRUDEDAREASOLID(#3406,#3410,#3411,5486.4);
#3413=IFCSHAPEREPRESENTATION(#11,'Body','SweptSolid',(#3412));
#3414=IFCPRODUCTDEFINITIONSHAPE($,$,(#3413));
#3415=IFCCARTESIANPOINT((0.,8534.4,-150.8125));
#3416=IFCDIRECTION((1.,0.,0.));
#3417=IFCDIRECTION((0.,1.,0.));
#3418=IFCAXIS2PLACEMENT3D(#3415,#3416,#3417);
#3419=IFCLOCALPLACEMENT(#161,#3418);
#3420=IFCBEAM('3e9XnXXub3rAPur1$XfzHD',$,'House Attic Floor Joist E-22',$,$,#3436,#3431,$,.JOIST.);
#3421=IFCCARTESIANPOINT((0.,0.));
#3422=IFCAXIS2PLACEMENT2D(#3421,$);
#3423=IFCRECTANGLEPROFILEDEF(.AREA.,$,#3422,0.0381,0.301625);
#3424=IFCCARTESIANPOINT((0.,0.,0.));
#3425=IFCDIRECTION((0.,0.,1.));
#3426=IFCDIRECTION((1.,0.,0.));
#3427=IFCAXIS2PLACEMENT3D(#3424,#3425,#3426);
#3428=IFCDIRECTION((0.,0.,1.));
#3429=IFCEXTRUDEDAREASOLID(#3423,#3427,#3428,5486.4);
#3430=IFCSHAPEREPRESENTATION(#11,'Body','SweptSolid',(#3429));
#3431=IFCPRODUCTDEFINITIONSHAPE($,$,(#3430));
#3432=IFCCARTESIANPOINT((5486.4,8534.4,-150.8125));
#3433=IFCDIRECTION((1.,0.,0.));
#3434=IFCDIRECTION((0.,1.,0.));
#3435=IFCAXIS2PLACEMENT3D(#3432,#3433,#3434);
#3436=IFCLOCALPLACEMENT(#161,#3435);
#3437=IFCBEAM('0xN7y_iSn1svLksBkgyZKO',$,'House Second Floor Joist W-23',$,$,#3453,#3448,$,.JOIST.);
#3438=IFCCARTESIANPOINT((0.,0.));
#3439=IFCAXIS2PLACEMENT2D(#3438,$);
#3440=IFCRECTANGLEPROFILEDEF(.AREA.,$,#3439,0.0381,0.301625);
#3441=IFCCARTESIANPOINT((0.,0.,0.));
#3442=IFCDIRECTION((0.,0.,1.));
#3443=IFCDIRECTION((1.,0.,0.));
#3444=IFCAXIS2PLACEMENT3D(#3441,#3442,#3443);
#3445=IFCDIRECTION((0.,0.,1.));
#3446=IFCEXTRUDEDAREASOLID(#3440,#3444,#3445,5486.4);
#3447=IFCSHAPEREPRESENTATION(#11,'Body','SweptSolid',(#3446));
#3448=IFCPRODUCTDEFINITIONSHAPE($,$,(#3447));
#3449=IFCCARTESIANPOINT((0.,8940.8,-150.8125));
#3450=IFCDIRECTION((1.,0.,0.));
#3451=IFCDIRECTION((0.,1.,0.));
#3452=IFCAXIS2PLACEMENT3D(#3449,#3450,#3451);
#3453=IFCLOCALPLACEMENT(#155,#3452);
#3454=IFCBEAM('1FxcPFCU181wQ4cJYKzdZf',$,'House Second Floor Joist E-23',$,$,#3470,#3465,$,.JOIST.);
#3455=IFCCARTESIANPOINT((0.,0.));
#3456=IFCAXIS2PLACEMENT2D(#3455,$);
#3457=IFCRECTANGLEPROFILEDEF(.AREA.,$,#3456,0.0381,0.301625);
#3458=IFCCARTESIANPOINT((0.,0.,0.));
#3459=IFCDIRECTION((0.,0.,1.));
#3460=IFCDIRECTION((1.,0.,0.));
#3461=IFCAXIS2PLACEMENT3D(#3458,#3459,#3460);
#3462=IFCDIRECTION((0.,0.,1.));
#3463=IFCEXTRUDEDAREASOLID(#3457,#3461,#3462,5486.4);
#3464=IFCSHAPEREPRESENTATION(#11,'Body','SweptSolid',(#3463));
#3465=IFCPRODUCTDEFINITIONSHAPE($,$,(#3464));
#3466=IFCCARTESIANPOINT((5486.4,8940.8,-150.8125));
#3467=IFCDIRECTION((1.,0.,0.));
#3468=IFCDIRECTION((0.,1.,0.));
#3469=IFCAXIS2PLACEMENT3D(#3466,#3467,#3468);
#3470=IFCLOCALPLACEMENT(#155,#3469);
#3471=IFCBEAM('2$fET26pH7ogygpqeShQ3A',$,'House Attic Floor Joist W-23',$,$,#3487,#3482,$,.JOIST.);
#3472=IFCCARTESIANPOINT((0.,0.));
#3473=IFCAXIS2PLACEMENT2D(#3472,$);
#3474=IFCRECTANGLEPROFILEDEF(.AREA.,$,#3473,0.0381,0.301625);
#3475=IFCCARTESIANPOINT((0.,0.,0.));
#3476=IFCDIRECTION((0.,0.,1.));
#3477=IFCDIRECTION((1.,0.,0.));
#3478=IFCAXIS2PLACEMENT3D(#3475,#3476,#3477);
#3479=IFCDIRECTION((0.,0.,1.));
#3480=IFCEXTRUDEDAREASOLID(#3474,#3478,#3479,5486.4);
#3481=IFCSHAPEREPRESENTATION(#11,'Body','SweptSolid',(#3480));
#3482=IFCPRODUCTDEFINITIONSHAPE($,$,(#3481));
#3483=IFCCARTESIANPOINT((0.,8940.8,-150.8125));
#3484=IFCDIRECTION((1.,0.,0.));
#3485=IFCDIRECTION((0.,1.,0.));
#3486=IFCAXIS2PLACEMENT3D(#3483,#3484,#3485);
#3487=IFCLOCALPLACEMENT(#161,#3486);
#3488=IFCBEAM('04IUngeDjEBRSqzbPWIrv2',$,'House Attic Floor Joist E-23',$,$,#3504,#3499,$,.JOIST.);
#3489=IFCCARTESIANPOINT((0.,0.));
#3490=IFCAXIS2PLACEMENT2D(#3489,$);
#3491=IFCRECTANGLEPROFILEDEF(.AREA.,$,#3490,0.0381,0.301625);
#3492=IFCCARTESIANPOINT((0.,0.,0.));
#3493=IFCDIRECTION((0.,0.,1.));
#3494=IFCDIRECTION((1.,0.,0.));
#3495=IFCAXIS2PLACEMENT3D(#3492,#3493,#3494);
#3496=IFCDIRECTION((0.,0.,1.));
#3497=IFCEXTRUDEDAREASOLID(#3491,#3495,#3496,5486.4);
#3498=IFCSHAPEREPRESENTATION(#11,'Body','SweptSolid',(#3497));
#3499=IFCPRODUCTDEFINITIONSHAPE($,$,(#3498));
#3500=IFCCARTESIANPOINT((5486.4,8940.8,-150.8125));
#3501=IFCDIRECTION((1.,0.,0.));
#3502=IFCDIRECTION((0.,1.,0.));
#3503=IFCAXIS2PLACEMENT3D(#3500,#3501,#3502);
#3504=IFCLOCALPLACEMENT(#161,#3503);
#3505=IFCBEAM('2ifkCa2NLCB80YNMG2CfNP',$,'House Second Floor Joist W-24',$,$,#3521,#3516,$,.JOIST.);
#3506=IFCCARTESIANPOINT((0.,0.));
#3507=IFCAXIS2PLACEMENT2D(#3506,$);
#3508=IFCRECTANGLEPROFILEDEF(.AREA.,$,#3507,0.0381,0.301625);
#3509=IFCCARTESIANPOINT((0.,0.,0.));
#3510=IFCDIRECTION((0.,0.,1.));
#3511=IFCDIRECTION((1.,0.,0.));
#3512=IFCAXIS2PLACEMENT3D(#3509,#3510,#3511);
#3513=IFCDIRECTION((0.,0.,1.));
#3514=IFCEXTRUDEDAREASOLID(#3508,#3512,#3513,5486.4);
#3515=IFCSHAPEREPRESENTATION(#11,'Body','SweptSolid',(#3514));
#3516=IFCPRODUCTDEFINITIONSHAPE($,$,(#3515));
#3517=IFCCARTESIANPOINT((0.,9347.2,-150.8125));
#3518=IFCDIRECTION((1.,0.,0.));
#3519=IFCDIRECTION((0.,1.,0.));
#3520=IFCAXIS2PLACEMENT3D(#3517,#3518,#3519);
#3521=IFCLOCALPLACEMENT(#155,#3520);
#3522=IFCBEAM('3Hg6hzKuX96fFScD2P1W$7',$,'House Second Floor Joist E-24',$,$,#3538,#3533,$,.JOIST.);
#3523=IFCCARTESIANPOINT((0.,0.));
#3524=IFCAXIS2PLACEMENT2D(#3523,$);
#3525=IFCRECTANGLEPROFILEDEF(.AREA.,$,#3524,0.0381,0.301625);
#3526=IFCCARTESIANPOINT((0.,0.,0.));
#3527=IFCDIRECTION((0.,0.,1.));
#3528=IFCDIRECTION((1.,0.,0.));
#3529=IFCAXIS2PLACEMENT3D(#3526,#3527,#3528);
#3530=IFCDIRECTION((0.,0.,1.));
#3531=IFCEXTRUDEDAREASOLID(#3525,#3529,#3530,5486.4);
#3532=IFCSHAPEREPRESENTATION(#11,'Body','SweptSolid',(#3531));
#3533=IFCPRODUCTDEFINITIONSHAPE($,$,(#3532));
#3534=IFCCARTESIANPOINT((5486.4,9347.2,-150.8125));
#3535=IFCDIRECTION((1.,0.,0.));
#3536=IFCDIRECTION((0.,1.,0.));
#3537=IFCAXIS2PLACEMENT3D(#3534,#3535,#3536);
#3538=IFCLOCALPLACEMENT(#155,#3537);
#3539=IFCBEAM('0AsNvG4G10dPNUH_sJdoaz',$,'House Attic Floor Joist W-24',$,$,#3555,#3550,$,.JOIST.);
#3540=IFCCARTESIANPOINT((0.,0.));
#3541=IFCAXIS2PLACEMENT2D(#3540,$);
#3542=IFCRECTANGLEPROFILEDEF(.AREA.,$,#3541,0.0381,0.301625);
#3543=IFCCARTESIANPOINT((0.,0.,0.));
#3544=IFCDIRECTION((0.,0.,1.));
#3545=IFCDIRECTION((1.,0.,0.));
#3546=IFCAXIS2PLACEMENT3D(#3543,#3544,#3545);
#3547=IFCDIRECTION((0.,0.,1.));
#3548=IFCEXTRUDEDAREASOLID(#3542,#3546,#3547,5486.4);
#3549=IFCSHAPEREPRESENTATION(#11,'Body','SweptSolid',(#3548));
#3550=IFCPRODUCTDEFINITIONSHAPE($,$,(#3549));
#3551=IFCCARTESIANPOINT((0.,9347.2,-150.8125));
#3552=IFCDIRECTION((1.,0.,0.));
#3553=IFCDIRECTION((0.,1.,0.));
#3554=IFCAXIS2PLACEMENT3D(#3551,#3552,#3553);
#3555=IFCLOCALPLACEMENT(#161,#3554);
#3556=IFCBEAM('0REUxba9z69eUwJLlXxgB1',$,'House Attic Floor Joist E-24',$,$,#3572,#3567,$,.JOIST.);
#3557=IFCCARTESIANPOINT((0.,0.));
#3558=IFCAXIS2PLACEMENT2D(#3557,$);
#3559=IFCRECTANGLEPROFILEDEF(.AREA.,$,#3558,0.0381,0.301625);
#3560=IFCCARTESIANPOINT((0.,0.,0.));
#3561=IFCDIRECTION((0.,0.,1.));
#3562=IFCDIRECTION((1.,0.,0.));
#3563=IFCAXIS2PLACEMENT3D(#3560,#3561,#3562);
#3564=IFCDIRECTION((0.,0.,1.));
#3565=IFCEXTRUDEDAREASOLID(#3559,#3563,#3564,5486.4);
#3566=IFCSHAPEREPRESENTATION(#11,'Body','SweptSolid',(#3565));
#3567=IFCPRODUCTDEFINITIONSHAPE($,$,(#3566));
#3568=IFCCARTESIANPOINT((5486.4,9347.2,-150.8125));
#3569=IFCDIRECTION((1.,0.,0.));
#3570=IFCDIRECTION((0.,1.,0.));
#3571=IFCAXIS2PLACEMENT3D(#3568,#3569,#3570);
#3572=IFCLOCALPLACEMENT(#161,#3571);
#3573=IFCBEAM('2hmHyjm8PFaB02zjkoOZN_',$,'House Second Floor Joist W-25',$,$,#3589,#3584,$,.JOIST.);
#3574=IFCCARTESIANPOINT((0.,0.));
#3575=IFCAXIS2PLACEMENT2D(#3574,$);
#3576=IFCRECTANGLEPROFILEDEF(.AREA.,$,#3575,0.0381,0.301625);
#3577=IFCCARTESIANPOINT((0.,0.,0.));
#3578=IFCDIRECTION((0.,0.,1.));
#3579=IFCDIRECTION((1.,0.,0.));
#3580=IFCAXIS2PLACEMENT3D(#3577,#3578,#3579);
#3581=IFCDIRECTION((0.,0.,1.));
#3582=IFCEXTRUDEDAREASOLID(#3576,#3580,#3581,5486.4);
#3583=IFCSHAPEREPRESENTATION(#11,'Body','SweptSolid',(#3582));
#3584=IFCPRODUCTDEFINITIONSHAPE($,$,(#3583));
#3585=IFCCARTESIANPOINT((0.,9753.59999999999,-150.8125));
#3586=IFCDIRECTION((1.,0.,0.));
#3587=IFCDIRECTION((0.,1.,0.));
#3588=IFCAXIS2PLACEMENT3D(#3585,#3586,#3587);
#3589=IFCLOCALPLACEMENT(#155,#3588);
#3590=IFCBEAM('0GiqjvX$LEouw78SR92dlO',$,'House Second Floor Joist E-25',$,$,#3606,#3601,$,.JOIST.);
#3591=IFCCARTESIANPOINT((0.,0.));
#3592=IFCAXIS2PLACEMENT2D(#3591,$);
#3593=IFCRECTANGLEPROFILEDEF(.AREA.,$,#3592,0.0381,0.301625);
#3594=IFCCARTESIANPOINT((0.,0.,0.));
#3595=IFCDIRECTION((0.,0.,1.));
#3596=IFCDIRECTION((1.,0.,0.));
#3597=IFCAXIS2PLACEMENT3D(#3594,#3595,#3596);
#3598=IFCDIRECTION((0.,0.,1.));
#3599=IFCEXTRUDEDAREASOLID(#3593,#3597,#3598,5486.4);
#3600=IFCSHAPEREPRESENTATION(#11,'Body','SweptSolid',(#3599));
#3601=IFCPRODUCTDEFINITIONSHAPE($,$,(#3600));
#3602=IFCCARTESIANPOINT((5486.4,9753.59999999999,-150.8125));
#3603=IFCDIRECTION((1.,0.,0.));
#3604=IFCDIRECTION((0.,1.,0.));
#3605=IFCAXIS2PLACEMENT3D(#3602,#3603,#3604);
#3606=IFCLOCALPLACEMENT(#155,#3605);
#3607=IFCBEAM('2yRCiGUUn5SvRO7qv2c$Oo',$,'House Attic Floor Joist W-25',$,$,#3623,#3618,$,.JOIST.);
#3608=IFCCARTESIANPOINT((0.,0.));
#3609=IFCAXIS2PLACEMENT2D(#3608,$);
#3610=IFCRECTANGLEPROFILEDEF(.AREA.,$,#3609,0.0381,0.301625);
#3611=IFCCARTESIANPOINT((0.,0.,0.));
#3612=IFCDIRECTION((0.,0.,1.));
#3613=IFCDIRECTION((1.,0.,0.));
#3614=IFCAXIS2PLACEMENT3D(#3611,#3612,#3613);
#3615=IFCDIRECTION((0.,0.,1.));
#3616=IFCEXTRUDEDAREASOLID(#3610,#3614,#3615,5486.4);
#3617=IFCSHAPEREPRESENTATION(#11,'Body','SweptSolid',(#3616));
#3618=IFCPRODUCTDEFINITIONSHAPE($,$,(#3617));
#3619=IFCCARTESIANPOINT((0.,9753.59999999999,-150.8125));
#3620=IFCDIRECTION((1.,0.,0.));
#3621=IFCDIRECTION((0.,1.,0.));
#3622=IFCAXIS2PLACEMENT3D(#3619,#3620,#3621);
#3623=IFCLOCALPLACEMENT(#161,#3622);
#3624=IFCBEAM('0IQOQHchH6Eg8KPCDoRHa9',$,'House Attic Floor Joist E-25',$,$,#3640,#3635,$,.JOIST.);
#3625=IFCCARTESIANPOINT((0.,0.));
#3626=IFCAXIS2PLACEMENT2D(#3625,$);
#3627=IFCRECTANGLEPROFILEDEF(.AREA.,$,#3626,0.0381,0.301625);
#3628=IFCCARTESIANPOINT((0.,0.,0.));
#3629=IFCDIRECTION((0.,0.,1.));
#3630=IFCDIRECTION((1.,0.,0.));
#3631=IFCAXIS2PLACEMENT3D(#3628,#3629,#3630);
#3632=IFCDIRECTION((0.,0.,1.));
#3633=IFCEXTRUDEDAREASOLID(#3627,#3631,#3632,5486.4);
#3634=IFCSHAPEREPRESENTATION(#11,'Body','SweptSolid',(#3633));
#3635=IFCPRODUCTDEFINITIONSHAPE($,$,(#3634));
#3636=IFCCARTESIANPOINT((5486.4,9753.59999999999,-150.8125));
#3637=IFCDIRECTION((1.,0.,0.));
#3638=IFCDIRECTION((0.,1.,0.));
#3639=IFCAXIS2PLACEMENT3D(#3636,#3637,#3638);
#3640=IFCLOCALPLACEMENT(#161,#3639);
#3641=IFCBEAM('1RvSV2B6HDw8$YPCxobPHD',$,'House Second Floor Joist W-26',$,$,#3657,#3652,$,.JOIST.);
#3642=IFCCARTESIANPOINT((0.,0.));
#3643=IFCAXIS2PLACEMENT2D(#3642,$);
#3644=IFCRECTANGLEPROFILEDEF(.AREA.,$,#3643,0.0381,0.301625);
#3645=IFCCARTESIANPOINT((0.,0.,0.));
#3646=IFCDIRECTION((0.,0.,1.));
#3647=IFCDIRECTION((1.,0.,0.));
#3648=IFCAXIS2PLACEMENT3D(#3645,#3646,#3647);
#3649=IFCDIRECTION((0.,0.,1.));
#3650=IFCEXTRUDEDAREASOLID(#3644,#3648,#3649,5486.4);
#3651=IFCSHAPEREPRESENTATION(#11,'Body','SweptSolid',(#3650));
#3652=IFCPRODUCTDEFINITIONSHAPE($,$,(#3651));
#3653=IFCCARTESIANPOINT((0.,10160.,-150.8125));
#3654=IFCDIRECTION((1.,0.,0.));
#3655=IFCDIRECTION((0.,1.,0.));
#3656=IFCAXIS2PLACEMENT3D(#3653,#3654,#3655);
#3657=IFCLOCALPLACEMENT(#155,#3656);
#3658=IFCBEAM('0PVP_UTKj8hO6MYG8hwnmp',$,'House Second Floor Joist E-26',$,$,#3674,#3669,$,.JOIST.);
#3659=IFCCARTESIANPOINT((0.,0.));
#3660=IFCAXIS2PLACEMENT2D(#3659,$);
#3661=IFCRECTANGLEPROFILEDEF(.AREA.,$,#3660,0.0381,0.301625);
#3662=IFCCARTESIANPOINT((0.,0.,0.));
#3663=IFCDIRECTION((0.,0.,1.));
#3664=IFCDIRECTION((1.,0.,0.));
#3665=IFCAXIS2PLACEMENT3D(#3662,#3663,#3664);
#3666=IFCDIRECTION((0.,0.,1.));
#3667=IFCEXTRUDEDAREASOLID(#3661,#3665,#3666,5486.4);
#3668=IFCSHAPEREPRESENTATION(#11,'Body','SweptSolid',(#3667));
#3669=IFCPRODUCTDEFINITIONSHAPE($,$,(#3668));
#3670=IFCCARTESIANPOINT((5486.4,10160.,-150.8125));
#3671=IFCDIRECTION((1.,0.,0.));
#3672=IFCDIRECTION((0.,1.,0.));
#3673=IFCAXIS2PLACEMENT3D(#3670,#3671,#3672);
#3674=IFCLOCALPLACEMENT(#155,#3673);
#3675=IFCBEAM('1_ESAG40LBnvb_t9ubl2LO',$,'House Attic Floor Joist W-26',$,$,#3691,#3686,$,.JOIST.);
#3676=IFCCARTESIANPOINT((0.,0.));
#3677=IFCAXIS2PLACEMENT2D(#3676,$);
#3678=IFCRECTANGLEPROFILEDEF(.AREA.,$,#3677,0.0381,0.301625);
#3679=IFCCARTESIANPOINT((0.,0.,0.));
#3680=IFCDIRECTION((0.,0.,1.));
#3681=IFCDIRECTION((1.,0.,0.));
#3682=IFCAXIS2PLACEMENT3D(#3679,#3680,#3681);
#3683=IFCDIRECTION((0.,0.,1.));
#3684=IFCEXTRUDEDAREASOLID(#3678,#3682,#3683,5486.4);
#3685=IFCSHAPEREPRESENTATION(#11,'Body','SweptSolid',(#3684));
#3686=IFCPRODUCTDEFINITIONSHAPE($,$,(#3685));
#3687=IFCCARTESIANPOINT((0.,10160.,-150.8125));
#3688=IFCDIRECTION((1.,0.,0.));
#3689=IFCDIRECTION((0.,1.,0.));
#3690=IFCAXIS2PLACEMENT3D(#3687,#3688,#3689);
#3691=IFCLOCALPLACEMENT(#161,#3690);
#3692=IFCBEAM('2wwWXIvIbFI8WHRvpYtwv9',$,'House Attic Floor Joist E-26',$,$,#3708,#3703,$,.JOIST.);
#3693=IFCCARTESIANPOINT((0.,0.));
#3694=IFCAXIS2PLACEMENT2D(#3693,$);
#3695=IFCRECTANGLEPROFILEDEF(.AREA.,$,#3694,0.0381,0.301625);
#3696=IFCCARTESIANPOINT((0.,0.,0.));
#3697=IFCDIRECTION((0.,0.,1.));
#3698=IFCDIRECTION((1.,0.,0.));
#3699=IFCAXIS2PLACEMENT3D(#3696,#3697,#3698);
#3700=IFCDIRECTION((0.,0.,1.));
#3701=IFCEXTRUDEDAREASOLID(#3695,#3699,#3700,5486.4);
#3702=IFCSHAPEREPRESENTATION(#11,'Body','SweptSolid',(#3701));
#3703=IFCPRODUCTDEFINITIONSHAPE($,$,(#3702));
#3704=IFCCARTESIANPOINT((5486.4,10160.,-150.8125));
#3705=IFCDIRECTION((1.,0.,0.));
#3706=IFCDIRECTION((0.,1.,0.));
#3707=IFCAXIS2PLACEMENT3D(#3704,#3705,#3706);
#3708=IFCLOCALPLACEMENT(#161,#3707);
#3709=IFCBEAM('1ZLVwQrKr6Wwktu$RdTy0s',$,'House Second Floor Joist W-27',$,$,#3725,#3720,$,.JOIST.);
#3710=IFCCARTESIANPOINT((0.,0.));
#3711=IFCAXIS2PLACEMENT2D(#3710,$);
#3712=IFCRECTANGLEPROFILEDEF(.AREA.,$,#3711,0.0381,0.301625);
#3713=IFCCARTESIANPOINT((0.,0.,0.));
#3714=IFCDIRECTION((0.,0.,1.));
#3715=IFCDIRECTION((1.,0.,0.));
#3716=IFCAXIS2PLACEMENT3D(#3713,#3714,#3715);
#3717=IFCDIRECTION((0.,0.,1.));
#3718=IFCEXTRUDEDAREASOLID(#3712,#3716,#3717,5486.4);
#3719=IFCSHAPEREPRESENTATION(#11,'Body','SweptSolid',(#3718));
#3720=IFCPRODUCTDEFINITIONSHAPE($,$,(#3719));
#3721=IFCCARTESIANPOINT((0.,10566.4,-150.8125));
#3722=IFCDIRECTION((1.,0.,0.));
#3723=IFCDIRECTION((0.,1.,0.));
#3724=IFCAXIS2PLACEMENT3D(#3721,#3722,#3723);
#3725=IFCLOCALPLACEMENT(#155,#3724);
#3726=IFCBEAM('3_KWM3FU52$xv4IYkz_K6J',$,'House Second Floor Joist E-27',$,$,#3742,#3737,$,.JOIST.);
#3727=IFCCARTESIANPOINT((0.,0.));
#3728=IFCAXIS2PLACEMENT2D(#3727,$);
#3729=IFCRECTANGLEPROFILEDEF(.AREA.,$,#3728,0.0381,0.301625);
#3730=IFCCARTESIANPOINT((0.,0.,0.));
#3731=IFCDIRECTION((0.,0.,1.));
#3732=IFCDIRECTION((1.,0.,0.));
#3733=IFCAXIS2PLACEMENT3D(#3730,#3731,#3732);
#3734=IFCDIRECTION((0.,0.,1.));
#3735=IFCEXTRUDEDAREASOLID(#3729,#3733,#3734,5486.4);
#3736=IFCSHAPEREPRESENTATION(#11,'Body','SweptSolid',(#3735));
#3737=IFCPRODUCTDEFINITIONSHAPE($,$,(#3736));
#3738=IFCCARTESIANPOINT((5486.4,10566.4,-150.8125));
#3739=IFCDIRECTION((1.,0.,0.));
#3740=IFCDIRECTION((0.,1.,0.));
#3741=IFCAXIS2PLACEMENT3D(#3738,#3739,#3740);
#3742=IFCLOCALPLACEMENT(#155,#3741);
#3743=IFCBEAM('2XlHGcfAn3Fh2VL_0qw$Nn',$,'House Attic Floor Joist W-27',$,$,#3759,#3754,$,.JOIST.);
#3744=IFCCARTESIANPOINT((0.,0.));
#3745=IFCAXIS2PLACEMENT2D(#3744,$);
#3746=IFCRECTANGLEPROFILEDEF(.AREA.,$,#3745,0.0381,0.301625);
#3747=IFCCARTESIANPOINT((0.,0.,0.));
#3748=IFCDIRECTION((0.,0.,1.));
#3749=IFCDIRECTION((1.,0.,0.));
#3750=IFCAXIS2PLACEMENT3D(#3747,#3748,#3749);
#3751=IFCDIRECTION((0.,0.,1.));
#3752=IFCEXTRUDEDAREASOLID(#3746,#3750,#3751,5486.4);
#3753=IFCSHAPEREPRESENTATION(#11,'Body','SweptSolid',(#3752));
#3754=IFCPRODUCTDEFINITIONSHAPE($,$,(#3753));
#3755=IFCCARTESIANPOINT((0.,10566.4,-150.8125));
#3756=IFCDIRECTION((1.,0.,0.));
#3757=IFCDIRECTION((0.,1.,0.));
#3758=IFCAXIS2PLACEMENT3D(#3755,#3756,#3757);
#3759=IFCLOCALPLACEMENT(#161,#3758);
#3760=IFCBEAM('12IQ3KvubDIxS71SDiJC2I',$,'House Attic Floor Joist E-27',$,$,#3776,#3771,$,.JOIST.);
#3761=IFCCARTESIANPOINT((0.,0.));
#3762=IFCAXIS2PLACEMENT2D(#3761,$);
#3763=IFCRECTANGLEPROFILEDEF(.AREA.,$,#3762,0.0381,0.301625);
#3764=IFCCARTESIANPOINT((0.,0.,0.));
#3765=IFCDIRECTION((0.,0.,1.));
#3766=IFCDIRECTION((1.,0.,0.));
#3767=IFCAXIS2PLACEMENT3D(#3764,#3765,#3766);
#3768=IFCDIRECTION((0.,0.,1.));
#3769=IFCEXTRUDEDAREASOLID(#3763,#3767,#3768,5486.4);
#3770=IFCSHAPEREPRESENTATION(#11,'Body','SweptSolid',(#3769));
#3771=IFCPRODUCTDEFINITIONSHAPE($,$,(#3770));
#3772=IFCCARTESIANPOINT((5486.4,10566.4,-150.8125));
#3773=IFCDIRECTION((1.,0.,0.));
#3774=IFCDIRECTION((0.,1.,0.));
#3775=IFCAXIS2PLACEMENT3D(#3772,#3773,#3774);
#3776=IFCLOCALPLACEMENT(#161,#3775);
#3777=IFCBEAM('20ClzXpYX8euPTAbIJ5Zk1',$,'House Second Floor Joist W-28',$,$,#3793,#3788,$,.JOIST.);
#3778=IFCCARTESIANPOINT((0.,0.));
#3779=IFCAXIS2PLACEMENT2D(#3778,$);
#3780=IFCRECTANGLEPROFILEDEF(.AREA.,$,#3779,0.0381,0.301625);
#3781=IFCCARTESIANPOINT((0.,0.,0.));
#3782=IFCDIRECTION((0.,0.,1.));
#3783=IFCDIRECTION((1.,0.,0.));
#3784=IFCAXIS2PLACEMENT3D(#3781,#3782,#3783);
#3785=IFCDIRECTION((0.,0.,1.));
#3786=IFCEXTRUDEDAREASOLID(#3780,#3784,#3785,5486.4);
#3787=IFCSHAPEREPRESENTATION(#11,'Body','SweptSolid',(#3786));
#3788=IFCPRODUCTDEFINITIONSHAPE($,$,(#3787));
#3789=IFCCARTESIANPOINT((0.,10972.8,-150.8125));
#3790=IFCDIRECTION((1.,0.,0.));
#3791=IFCDIRECTION((0.,1.,0.));
#3792=IFCAXIS2PLACEMENT3D(#3789,#3790,#3791);
#3793=IFCLOCALPLACEMENT(#155,#3792);
#3794=IFCBEAM('2W0aTmk6DEkxWiVkzTKGTu',$,'House Second Floor Joist E-28',$,$,#3810,#3805,$,.JOIST.);
#3795=IFCCARTESIANPOINT((0.,0.));
#3796=IFCAXIS2PLACEMENT2D(#3795,$);
#3797=IFCRECTANGLEPROFILEDEF(.AREA.,$,#3796,0.0381,0.301625);
#3798=IFCCARTESIANPOINT((0.,0.,0.));
#3799=IFCDIRECTION((0.,0.,1.));
#3800=IFCDIRECTION((1.,0.,0.));
#3801=IFCAXIS2PLACEMENT3D(#3798,#3799,#3800);
#3802=IFCDIRECTION((0.,0.,1.));
#3803=IFCEXTRUDEDAREASOLID(#3797,#3801,#3802,5486.4);
#3804=IFCSHAPEREPRESENTATION(#11,'Body','SweptSolid',(#3803));
#3805=IFCPRODUCTDEFINITIONSHAPE($,$,(#3804));
#3806=IFCCARTESIANPOINT((5486.4,10972.8,-150.8125));
#3807=IFCDIRECTION((1.,0.,0.));
#3808=IFCDIRECTION((0.,1.,0.));
#3809=IFCAXIS2PLACEMENT3D(#3806,#3807,#3808);
#3810=IFCLOCALPLACEMENT(#155,#3809);
#3811=IFCBEAM('12PpiuILHC_8$XHpeC8RVy',$,'House Attic Floor Joist W-28',$,$,#3827,#3822,$,.JOIST.);
#3812=IFCCARTESIANPOINT((0.,0.));
#3813=IFCAXIS2PLACEMENT2D(#3812,$);
#3814=IFCRECTANGLEPROFILEDEF(.AREA.,$,#3813,0.0381,0.301625);
#3815=IFCCARTESIANPOINT((0.,0.,0.));
#3816=IFCDIRECTION((0.,0.,1.));
#3817=IFCDIRECTION((1.,0.,0.));
#3818=IFCAXIS2PLACEMENT3D(#3815,#3816,#3817);
#3819=IFCDIRECTION((0.,0.,1.));
#3820=IFCEXTRUDEDAREASOLID(#3814,#3818,#3819,5486.4);
#3821=IFCSHAPEREPRESENTATION(#11,'Body','SweptSolid',(#3820));
#3822=IFCPRODUCTDEFINITIONSHAPE($,$,(#3821));
#3823=IFCCARTESIANPOINT((0.,10972.8,-150.8125));
#3824=IFCDIRECTION((1.,0.,0.));
#3825=IFCDIRECTION((0.,1.,0.));
#3826=IFCAXIS2PLACEMENT3D(#3823,#3824,#3825);
#3827=IFCLOCALPLACEMENT(#161,#3826);
#3828=IFCBEAM('0NrBYdwwr0muC55yqQEEB$',$,'House Attic Floor Joist E-28',$,$,#3844,#3839,$,.JOIST.);
#3829=IFCCARTESIANPOINT((0.,0.));
#3830=IFCAXIS2PLACEMENT2D(#3829,$);
#3831=IFCRECTANGLEPROFILEDEF(.AREA.,$,#3830,0.0381,0.301625);
#3832=IFCCARTESIANPOINT((0.,0.,0.));
#3833=IFCDIRECTION((0.,0.,1.));
#3834=IFCDIRECTION((1.,0.,0.));
#3835=IFCAXIS2PLACEMENT3D(#3832,#3833,#3834);
#3836=IFCDIRECTION((0.,0.,1.));
#3837=IFCEXTRUDEDAREASOLID(#3831,#3835,#3836,5486.4);
#3838=IFCSHAPEREPRESENTATION(#11,'Body','SweptSolid',(#3837));
#3839=IFCPRODUCTDEFINITIONSHAPE($,$,(#3838));
#3840=IFCCARTESIANPOINT((5486.4,10972.8,-150.8125));
#3841=IFCDIRECTION((1.,0.,0.));
#3842=IFCDIRECTION((0.,1.,0.));
#3843=IFCAXIS2PLACEMENT3D(#3840,#3841,#3842);
#3844=IFCLOCALPLACEMENT(#161,#3843);
#3845=IFCSTYLEDITEM(#1950,(#74),$);
#3846=IFCSTYLEDITEM(#1967,(#74),$);
#3847=IFCSTYLEDITEM(#2018,(#74),$);
#3848=IFCSTYLEDITEM(#2035,(#74),$);
#3849=IFCSTYLEDITEM(#2086,(#74),$);
#3850=IFCSTYLEDITEM(#2103,(#74),$);
#3851=IFCSTYLEDITEM(#2154,(#74),$);
#3852=IFCSTYLEDITEM(#2171,(#74),$);
#3853=IFCSTYLEDITEM(#2222,(#74),$);
#3854=IFCSTYLEDITEM(#2239,(#74),$);
#3855=IFCSTYLEDITEM(#2290,(#74),$);
#3856=IFCSTYLEDITEM(#2307,(#74),$);
#3857=IFCSTYLEDITEM(#2358,(#74),$);
#3858=IFCSTYLEDITEM(#2375,(#74),$);
#3859=IFCSTYLEDITEM(#2426,(#74),$);
#3860=IFCSTYLEDITEM(#2443,(#74),$);
#3861=IFCSTYLEDITEM(#2494,(#74),$);
#3862=IFCSTYLEDITEM(#2511,(#74),$);
#3863=IFCSTYLEDITEM(#2562,(#74),$);
#3864=IFCSTYLEDITEM(#2579,(#74),$);
#3865=IFCSTYLEDITEM(#2630,(#74),$);
#3866=IFCSTYLEDITEM(#2647,(#74),$);
#3867=IFCSTYLEDITEM(#2698,(#74),$);
#3868=IFCSTYLEDITEM(#2715,(#74),$);
#3869=IFCSTYLEDITEM(#2766,(#74),$);
#3870=IFCSTYLEDITEM(#2783,(#74),$);
#3871=IFCSTYLEDITEM(#2834,(#74),$);
#3872=IFCSTYLEDITEM(#2851,(#74),$);
#3873=IFCSTYLEDITEM(#2902,(#74),$);
#3874=IFCSTYLEDITEM(#2919,(#74),$);
#3875=IFCSTYLEDITEM(#2970,(#74),$);
#3876=IFCSTYLEDITEM(#2987,(#74),$);
#3877=IFCSTYLEDITEM(#3038,(#74),$);
#3878=IFCSTYLEDITEM(#3055,(#74),$);
#3879=IFCSTYLEDITEM(#3106,(#74),$);
#3880=IFCSTYLEDITEM(#3123,(#74),$);
#3881=IFCSTYLEDITEM(#3174,(#74),$);
#3882=IFCSTYLEDITEM(#3191,(#74),$);
#3883=IFCSTYLEDITEM(#3242,(#74),$);
#3884=IFCSTYLEDITEM(#3259,(#74),$);
#3885=IFCSTYLEDITEM(#3310,(#74),$);
#3886=IFCSTYLEDITEM(#3327,(#74),$);
#3887=IFCSTYLEDITEM(#3378,(#74),$);
#3888=IFCSTYLEDITEM(#3395,(#74),$);
#3889=IFCSTYLEDITEM(#3446,(#74),$);
#3890=IFCSTYLEDITEM(#3463,(#74),$);
#3891=IFCSTYLEDITEM(#3514,(#74),$);
#3892=IFCSTYLEDITEM(#3531,(#74),$);
#3893=IFCSTYLEDITEM(#3582,(#74),$);
#3894=IFCSTYLEDITEM(#3599,(#74),$);
#3895=IFCSTYLEDITEM(#3650,(#74),$);
#3896=IFCSTYLEDITEM(#3667,(#74),$);
#3897=IFCSTYLEDITEM(#3718,(#74),$);
#3898=IFCSTYLEDITEM(#3735,(#74),$);
#3899=IFCSTYLEDITEM(#3786,(#74),$);
#3900=IFCSTYLEDITEM(#3803,(#74),$);
#3901=IFCSTYLEDITEM(#1984,(#74),$);
#3902=IFCSTYLEDITEM(#2001,(#74),$);
#3903=IFCSTYLEDITEM(#2052,(#74),$);
#3904=IFCSTYLEDITEM(#2069,(#74),$);
#3905=IFCSTYLEDITEM(#2120,(#74),$);
#3906=IFCSTYLEDITEM(#2137,(#74),$);
#3907=IFCSTYLEDITEM(#2188,(#74),$);
#3908=IFCSTYLEDITEM(#2205,(#74),$);
#3909=IFCSTYLEDITEM(#2256,(#74),$);
#3910=IFCSTYLEDITEM(#2273,(#74),$);
#3911=IFCSTYLEDITEM(#2324,(#74),$);
#3912=IFCSTYLEDITEM(#2341,(#74),$);
#3913=IFCSTYLEDITEM(#2392,(#74),$);
#3914=IFCSTYLEDITEM(#2409,(#74),$);
#3915=IFCSTYLEDITEM(#2460,(#74),$);
#3916=IFCSTYLEDITEM(#2477,(#74),$);
#3917=IFCSTYLEDITEM(#2528,(#74),$);
#3918=IFCSTYLEDITEM(#2545,(#74),$);
#3919=IFCSTYLEDITEM(#2596,(#74),$);
#3920=IFCSTYLEDITEM(#2613,(#74),$);
#3921=IFCSTYLEDITEM(#2664,(#74),$);
#3922=IFCSTYLEDITEM(#2681,(#74),$);
#3923=IFCSTYLEDITEM(#2732,(#74),$);
#3924=IFCSTYLEDITEM(#2749,(#74),$);
#3925=IFCSTYLEDITEM(#2800,(#74),$);
#3926=IFCSTYLEDITEM(#2817,(#74),$);
#3927=IFCSTYLEDITEM(#2868,(#74),$);
#3928=IFCSTYLEDITEM(#2885,(#74),$);
#3929=IFCSTYLEDITEM(#2936,(#74),$);
#3930=IFCSTYLEDITEM(#2953,(#74),$);
#3931=IFCSTYLEDITEM(#3004,(#74),$);
#3932=IFCSTYLEDITEM(#3021,(#74),$);
#3933=IFCSTYLEDITEM(#3072,(#74),$);
#3934=IFCSTYLEDITEM(#3089,(#74),$);
#3935=IFCSTYLEDITEM(#3140,(#74),$);
#3936=IFCSTYLEDITEM(#3157,(#74),$);
#3937=IFCSTYLEDITEM(#3208,(#74),$);
#3938=IFCSTYLEDITEM(#3225,(#74),$);
#3939=IFCSTYLEDITEM(#3276,(#74),$);
#3940=IFCSTYLEDITEM(#3293,(#74),$);
#3941=IFCSTYLEDITEM(#3344,(#74),$);
#3942=IFCSTYLEDITEM(#3361,(#74),$);
#3943=IFCSTYLEDITEM(#3412,(#74),$);
#3944=IFCSTYLEDITEM(#3429,(#74),$);
#3945=IFCSTYLEDITEM(#3480,(#74),$);
#3946=IFCSTYLEDITEM(#3497,(#74),$);
#3947=IFCSTYLEDITEM(#3548,(#74),$);
#3948=IFCSTYLEDITEM(#3565,(#74),$);
#3949=IFCSTYLEDITEM(#3616,(#74),$);
#3950=IFCSTYLEDITEM(#3633,(#74),$);
#3951=IFCSTYLEDITEM(#3684,(#74),$);
#3952=IFCSTYLEDITEM(#3701,(#74),$);
#3953=IFCSTYLEDITEM(#3752,(#74),$);
#3954=IFCSTYLEDITEM(#3769,(#74),$);
#3955=IFCSTYLEDITEM(#3820,(#74),$);
#3956=IFCSTYLEDITEM(#3837,(#74),$);
#3957=IFCGROUP('3LpR9ADVfAZh1ykHhwZgTz',$,'House Second Floor Joists',$,$);
#3958=IFCGROUP('0iZY8SWsTBr90vF8anDi4S',$,'House Attic Floor Joists',$,$);
#3959=IFCRELASSIGNSTOGROUP('35nzweTgDBM90_6QVGhZ0w',$,$,$,(#1941,#1958,#2009,#2026,#2077,#2094,#2145,#2162,#2213,#2230,#2281,#2298,#2349,#2366,#2417,#2434,#2485,#2502,#2553,#2570,#2621,#2638,#2689,#2706,#2757,#2774,#2825,#2842,#2893,#2910,#2961,#2978,#3029,#3046,#3097,#3114,#3165,#3182,#3233,#3250,#3301,#3318,#3369,#3386,#3437,#3454,#3505,#3522,#3573,#3590,#3641,#3658,#3709,#3726,#3777,#3794),$,#3957);
#3960=IFCRELASSIGNSTOGROUP('3n_x0rL9P1ygta1aM17z0N',$,$,$,(#1975,#1992,#2043,#2060,#2111,#2128,#2179,#2196,#2247,#2264,#2315,#2332,#2383,#2400,#2451,#2468,#2519,#2536,#2587,#2604,#2655,#2672,#2723,#2740,#2791,#2808,#2859,#2876,#2927,#2944,#2995,#3012,#3063,#3080,#3131,#3148,#3199,#3216,#3267,#3284,#3335,#3352,#3403,#3420,#3471,#3488,#3539,#3556,#3607,#3624,#3675,#3692,#3743,#3760,#3811,#3828),$,#3958);
#3961=IFCROOF('3p3guH0STE_wMVlFI8EXE5',$,'House Roof Sheathing (W)',$,$,#3977,#3972,$,$);
#3962=IFCCARTESIANPOINTLIST2D(((-1.09801317343949E-09,-1694.8929631417),(5486.3999989989,-3523.69296280837),(5486.399999,-3503.61249966667),(0.,-1674.8125),(-1.09801317343949E-09,-1694.8929631417)));
#3963=IFCINDEXEDPOLYCURVE(#3962,$,$);
#3964=IFCARBITRARYCLOSEDPROFILEDEF(.AREA.,'House Roof Sheathing (W)',#3963);
#3965=IFCCARTESIANPOINT((0.,0.,0.));
#3966=IFCDIRECTION((0.,0.,1.));
#3967=IFCDIRECTION((1.,0.,0.));
#3968=IFCAXIS2PLACEMENT3D(#3965,#3966,#3967);
#3969=IFCDIRECTION((0.,0.,1.));
#3970=IFCEXTRUDEDAREASOLID(#3964,#3968,#3969,10972.8);
#3971=IFCSHAPEREPRESENTATION(#11,'Body','SweptSolid',(#3970));
#3972=IFCPRODUCTDEFINITIONSHAPE($,$,(#3971));
#3973=IFCCARTESIANPOINT((0.,0.,0.));
#3974=IFCDIRECTION((0.,1.,0.));
#3975=IFCDIRECTION((1.,0.,0.));
#3976=IFCAXIS2PLACEMENT3D(#3973,#3974,#3975);
#3977=IFCLOCALPLACEMENT(#161,#3976);
#3978=IFCROOF('1b3$aVGwXFmRyxd21VZKP8',$,'House Roof Membrane 1 (W)',$,$,#3994,#3989,$,$);
#3979=IFCCARTESIANPOINTLIST2D(((-1.46401814282715E-09,-1701.5864508556),(5486.39999899854,-3530.38645052227),(5486.3999989989,-3523.69296280837),(-1.09801317343949E-09,-1694.8929631417),(-1.46401814282715E-09,-1701.5864508556)));
#3980=IFCINDEXEDPOLYCURVE(#3979,$,$);
#3981=IFCARBITRARYCLOSEDPROFILEDEF(.AREA.,'House Roof Membrane 1 (W)',#3980);
#3982=IFCCARTESIANPOINT((0.,0.,0.));
#3983=IFCDIRECTION((0.,0.,1.));
#3984=IFCDIRECTION((1.,0.,0.));
#3985=IFCAXIS2PLACEMENT3D(#3982,#3983,#3984);
#3986=IFCDIRECTION((0.,0.,1.));
#3987=IFCEXTRUDEDAREASOLID(#3981,#3985,#3986,10972.8);
#3988=IFCSHAPEREPRESENTATION(#11,'Body','SweptSolid',(#3987));
#3989=IFCPRODUCTDEFINITIONSHAPE($,$,(#3988));
#3990=IFCCARTESIANPOINT((0.,0.,0.));
#3991=IFCDIRECTION((0.,1.,0.));
#3992=IFCDIRECTION((1.,0.,0.));
#3993=IFCAXIS2PLACEMENT3D(#3990,#3991,#3992);
#3994=IFCLOCALPLACEMENT(#161,#3993);
#3995=IFCROOF('390fW8mKT85x0$SfWk3wW7',$,'House Roof Polyiso (W)',$,$,#4011,#4006,$,$);
#3996=IFCCARTESIANPOINTLIST2D(((-4.39205269375798E-09,-1755.13435256681),(5486.39999899561,-3583.93435223348),(5486.39999899854,-3530.38645052227),(-1.46401814282715E-09,-1701.5864508556),(-4.39205269375798E-09,-1755.13435256681)));
#3997=IFCINDEXEDPOLYCURVE(#3996,$,$);
#3998=IFCARBITRARYCLOSEDPROFILEDEF(.AREA.,'House Roof Polyiso (W)',#3997);
#3999=IFCCARTESIANPOINT((0.,0.,0.));
#4000=IFCDIRECTION((0.,0.,1.));
#4001=IFCDIRECTION((1.,0.,0.));
#4002=IFCAXIS2PLACEMENT3D(#3999,#4000,#4001);
#4003=IFCDIRECTION((0.,0.,1.));
#4004=IFCEXTRUDEDAREASOLID(#3998,#4002,#4003,10972.8);
#4005=IFCSHAPEREPRESENTATION(#11,'Body','SweptSolid',(#4004));
#4006=IFCPRODUCTDEFINITIONSHAPE($,$,(#4005));
#4007=IFCCARTESIANPOINT((0.,0.,0.));
#4008=IFCDIRECTION((0.,1.,0.));
#4009=IFCDIRECTION((1.,0.,0.));
#4010=IFCAXIS2PLACEMENT3D(#4007,#4008,#4009);
#4011=IFCLOCALPLACEMENT(#161,#4010);
#4012=IFCROOF('0wL8quxP9FeBm$q38OCOgP',$,'House Roof EPS (W)',$,$,#4028,#4023,$,$);
#4013=IFCCARTESIANPOINTLIST2D(((-1.02481287345135E-08,-1862.23015598923),(5486.39999898975,-3691.0301556559),(5486.39999899561,-3583.93435223348),(-4.39205269375798E-09,-1755.13435256681),(-1.02481287345135E-08,-1862.23015598923)));
#4014=IFCINDEXEDPOLYCURVE(#4013,$,$);
#4015=IFCARBITRARYCLOSEDPROFILEDEF(.AREA.,'House Roof EPS (W)',#4014);
#4016=IFCCARTESIANPOINT((0.,0.,0.));
#4017=IFCDIRECTION((0.,0.,1.));
#4018=IFCDIRECTION((1.,0.,0.));
#4019=IFCAXIS2PLACEMENT3D(#4016,#4017,#4018);
#4020=IFCDIRECTION((0.,0.,1.));
#4021=IFCEXTRUDEDAREASOLID(#4015,#4019,#4020,10972.8);
#4022=IFCSHAPEREPRESENTATION(#11,'Body','SweptSolid',(#4021));
#4023=IFCPRODUCTDEFINITIONSHAPE($,$,(#4022));
#4024=IFCCARTESIANPOINT((0.,0.,0.));
#4025=IFCDIRECTION((0.,1.,0.));
#4026=IFCDIRECTION((1.,0.,0.));
#4027=IFCAXIS2PLACEMENT3D(#4024,#4025,#4026);
#4028=IFCLOCALPLACEMENT(#161,#4027);
#4029=IFCROOF('04BaJrCp90NQZ$Xe7$$YdW',$,'House Roof Membrane 2 (W)',$,$,#4045,#4040,$,$);
#4030=IFCCARTESIANPOINTLIST2D(((-1.0614127632369E-08,-1868.92364370313),(5486.39999898939,-3697.7236433698),(5486.39999898975,-3691.0301556559),(-1.02481217956196E-08,-1862.23015598923),(-1.0614127632369E-08,-1868.92364370313)));
#4031=IFCINDEXEDPOLYCURVE(#4030,$,$);
#4032=IFCARBITRARYCLOSEDPROFILEDEF(.AREA.,'House Roof Membrane 2 (W)',#4031);
#4033=IFCCARTESIANPOINT((0.,0.,0.));
#4034=IFCDIRECTION((0.,0.,1.));
#4035=IFCDIRECTION((1.,0.,0.));
#4036=IFCAXIS2PLACEMENT3D(#4033,#4034,#4035);
#4037=IFCDIRECTION((0.,0.,1.));
#4038=IFCEXTRUDEDAREASOLID(#4032,#4036,#4037,10972.8);
#4039=IFCSHAPEREPRESENTATION(#11,'Body','SweptSolid',(#4038));
#4040=IFCPRODUCTDEFINITIONSHAPE($,$,(#4039));
#4041=IFCCARTESIANPOINT((0.,0.,0.));
#4042=IFCDIRECTION((0.,1.,0.));
#4043=IFCDIRECTION((1.,0.,0.));
#4044=IFCAXIS2PLACEMENT3D(#4041,#4042,#4043);
#4045=IFCLOCALPLACEMENT(#161,#4044);
#4046=IFCROOF('2qxjTWd9f15R0teqvJhD26',$,'House Roof Furring (W)',$,$,#4062,#4057,$,$);
#4047=IFCCARTESIANPOINTLIST2D(((-1.17121451426172E-08,-1889.00410684483),(5486.39999898829,-3717.8041065115),(5486.39999898939,-3697.7236433698),(-1.0614127632369E-08,-1868.92364370313),(-1.17121451426172E-08,-1889.00410684483)));
#4048=IFCINDEXEDPOLYCURVE(#4047,$,$);
#4049=IFCARBITRARYCLOSEDPROFILEDEF(.AREA.,'House Roof Furring (W)',#4048);
#4050=IFCCARTESIANPOINT((0.,0.,0.));
#4051=IFCDIRECTION((0.,0.,1.));
#4052=IFCDIRECTION((1.,0.,0.));
#4053=IFCAXIS2PLACEMENT3D(#4050,#4051,#4052);
#4054=IFCDIRECTION((0.,0.,1.));
#4055=IFCEXTRUDEDAREASOLID(#4049,#4053,#4054,10972.8);
#4056=IFCSHAPEREPRESENTATION(#11,'Body','SweptSolid',(#4055));
#4057=IFCPRODUCTDEFINITIONSHAPE($,$,(#4056));
#4058=IFCCARTESIANPOINT((0.,0.,0.));
#4059=IFCDIRECTION((0.,1.,0.));
#4060=IFCDIRECTION((1.,0.,0.));
#4061=IFCAXIS2PLACEMENT3D(#4058,#4059,#4060);
#4062=IFCLOCALPLACEMENT(#161,#4061);
#4063=IFCROOF('2RXTGTpFH5OgeIZhk5rWuK',$,'House Roof Cladding (W)',$,$,#4079,#4074,$,$);
#4064=IFCCARTESIANPOINTLIST2D(((-1.24441429383282E-08,-1902.39108227264),(5486.39999898756,-3731.1910819393),(5486.39999898829,-3717.8041065115),(-1.17121451426172E-08,-1889.00410684483),(-1.24441429383282E-08,-1902.39108227264)));
#4065=IFCINDEXEDPOLYCURVE(#4064,$,$);
#4066=IFCARBITRARYCLOSEDPROFILEDEF(.AREA.,'House Roof Cladding (W)',#4065);
#4067=IFCCARTESIANPOINT((0.,0.,0.));
#4068=IFCDIRECTION((0.,0.,1.));
#4069=IFCDIRECTION((1.,0.,0.));
#4070=IFCAXIS2PLACEMENT3D(#4067,#4068,#4069);
#4071=IFCDIRECTION((0.,0.,1.));
#4072=IFCEXTRUDEDAREASOLID(#4066,#4070,#4071,10972.8);
#4073=IFCSHAPEREPRESENTATION(#11,'Body','SweptSolid',(#4072));
#4074=IFCPRODUCTDEFINITIONSHAPE($,$,(#4073));
#4075=IFCCARTESIANPOINT((0.,0.,0.));
#4076=IFCDIRECTION((0.,1.,0.));
#4077=IFCDIRECTION((1.,0.,0.));
#4078=IFCAXIS2PLACEMENT3D(#4075,#4076,#4077);
#4079=IFCLOCALPLACEMENT(#161,#4078);
#4080=IFCSTYLEDITEM(#4072,(#92),$);
#4081=IFCROOF('0c9UYYcLTBVwl8$uC9RJ69',$,'House Roof Sheathing (E)',$,$,#4097,#4092,$,$);
#4082=IFCCARTESIANPOINTLIST2D(((5486.4000000011,-3523.6929631417),(10972.7999990011,-1694.89296347504),(10972.799999,-1674.81250033333),(5486.4,-3503.6125),(5486.4000000011,-3523.6929631417)));
#4083=IFCINDEXEDPOLYCURVE(#4082,$,$);
#4084=IFCARBITRARYCLOSEDPROFILEDEF(.AREA.,'House Roof Sheathing (E)',#4083);
#4085=IFCCARTESIANPOINT((0.,0.,0.));
#4086=IFCDIRECTION((0.,0.,1.));
#4087=IFCDIRECTION((1.,0.,0.));
#4088=IFCAXIS2PLACEMENT3D(#4085,#4086,#4087);
#4089=IFCDIRECTION((0.,0.,1.));
#4090=IFCEXTRUDEDAREASOLID(#4084,#4088,#4089,10972.8);
#4091=IFCSHAPEREPRESENTATION(#11,'Body','SweptSolid',(#4090));
#4092=IFCPRODUCTDEFINITIONSHAPE($,$,(#4091));
#4093=IFCCARTESIANPOINT((0.,0.,0.));
#4094=IFCDIRECTION((0.,1.,0.));
#4095=IFCDIRECTION((1.,0.,0.));
#4096=IFCAXIS2PLACEMENT3D(#4093,#4094,#4095);
#4097=IFCLOCALPLACEMENT(#161,#4096);
#4098=IFCROOF('1xp87asN11ivULX$tLYHJi',$,'House Roof Membrane 1 (E)',$,$,#4114,#4109,$,$);
#4099=IFCCARTESIANPOINTLIST2D(((5486.40000000146,-3530.38645085561),(10972.7999990015,-1701.58645118894),(10972.7999990011,-1694.89296347504),(5486.4000000011,-3523.6929631417),(5486.40000000146,-3530.38645085561)));
#4100=IFCINDEXEDPOLYCURVE(#4099,$,$);
#4101=IFCARBITRARYCLOSEDPROFILEDEF(.AREA.,'House Roof Membrane 1 (E)',#4100);
#4102=IFCCARTESIANPOINT((0.,0.,0.));
#4103=IFCDIRECTION((0.,0.,1.));
#4104=IFCDIRECTION((1.,0.,0.));
#4105=IFCAXIS2PLACEMENT3D(#4102,#4103,#4104);
#4106=IFCDIRECTION((0.,0.,1.));
#4107=IFCEXTRUDEDAREASOLID(#4101,#4105,#4106,10972.8);
#4108=IFCSHAPEREPRESENTATION(#11,'Body','SweptSolid',(#4107));
#4109=IFCPRODUCTDEFINITIONSHAPE($,$,(#4108));
#4110=IFCCARTESIANPOINT((0.,0.,0.));
#4111=IFCDIRECTION((0.,1.,0.));
#4112=IFCDIRECTION((1.,0.,0.));
#4113=IFCAXIS2PLACEMENT3D(#4110,#4111,#4112);
#4114=IFCLOCALPLACEMENT(#161,#4113);
#4115=IFCROOF('2_fT8Un552rAFJBnzeDjsf',$,'House Roof Polyiso (E)',$,$,#4131,#4126,$,$);
#4116=IFCCARTESIANPOINTLIST2D(((5486.40000000439,-3583.93435256681),(10972.7999990044,-1755.13435290015),(10972.7999990015,-1701.58645118894),(5486.40000000146,-3530.38645085561),(5486.40000000439,-3583.93435256681)));
#4117=IFCINDEXEDPOLYCURVE(#4116,$,$);
#4118=IFCARBITRARYCLOSEDPROFILEDEF(.AREA.,'House Roof Polyiso (E)',#4117);
#4119=IFCCARTESIANPOINT((0.,0.,0.));
#4120=IFCDIRECTION((0.,0.,1.));
#4121=IFCDIRECTION((1.,0.,0.));
#4122=IFCAXIS2PLACEMENT3D(#4119,#4120,#4121);
#4123=IFCDIRECTION((0.,0.,1.));
#4124=IFCEXTRUDEDAREASOLID(#4118,#4122,#4123,10972.8);
#4125=IFCSHAPEREPRESENTATION(#11,'Body','SweptSolid',(#4124));
#4126=IFCPRODUCTDEFINITIONSHAPE($,$,(#4125));
#4127=IFCCARTESIANPOINT((0.,0.,0.));
#4128=IFCDIRECTION((0.,1.,0.));
#4129=IFCDIRECTION((1.,0.,0.));
#4130=IFCAXIS2PLACEMENT3D(#4127,#4128,#4129);
#4131=IFCLOCALPLACEMENT(#161,#4130);
#4132=IFCROOF('2NowLl$i90pPS7F$tkwm8k',$,'House Roof EPS (E)',$,$,#4148,#4143,$,$);
#4133=IFCCARTESIANPOINTLIST2D(((5486.40000001025,-3691.03015598923),(10972.7999990102,-1862.23015632256),(10972.7999990044,-1755.13435290015),(5486.40000000439,-3583.93435256681),(5486.40000001025,-3691.03015598923)));
#4134=IFCINDEXEDPOLYCURVE(#4133,$,$);
#4135=IFCARBITRARYCLOSEDPROFILEDEF(.AREA.,'House Roof EPS (E)',#4134);
#4136=IFCCARTESIANPOINT((0.,0.,0.));
#4137=IFCDIRECTION((0.,0.,1.));
#4138=IFCDIRECTION((1.,0.,0.));
#4139=IFCAXIS2PLACEMENT3D(#4136,#4137,#4138);
#4140=IFCDIRECTION((0.,0.,1.));
#4141=IFCEXTRUDEDAREASOLID(#4135,#4139,#4140,10972.8);
#4142=IFCSHAPEREPRESENTATION(#11,'Body','SweptSolid',(#4141));
#4143=IFCPRODUCTDEFINITIONSHAPE($,$,(#4142));
#4144=IFCCARTESIANPOINT((0.,0.,0.));
#4145=IFCDIRECTION((0.,1.,0.));
#4146=IFCDIRECTION((1.,0.,0.));
#4147=IFCAXIS2PLACEMENT3D(#4144,#4145,#4146);
#4148=IFCLOCALPLACEMENT(#161,#4147);
#4149=IFCROOF('2YHMeTmODAje2zWuObLVyF',$,'House Roof Membrane 2 (E)',$,$,#4165,#4160,$,$);
#4150=IFCCARTESIANPOINTLIST2D(((5486.40000001061,-3697.72364370313),(10972.7999990106,-1868.92364403646),(10972.7999990102,-1862.23015632256),(5486.40000001025,-3691.03015598923),(5486.40000001061,-3697.72364370313)));
#4151=IFCINDEXEDPOLYCURVE(#4150,$,$);
#4152=IFCARBITRARYCLOSEDPROFILEDEF(.AREA.,'House Roof Membrane 2 (E)',#4151);
#4153=IFCCARTESIANPOINT((0.,0.,0.));
#4154=IFCDIRECTION((0.,0.,1.));
#4155=IFCDIRECTION((1.,0.,0.));
#4156=IFCAXIS2PLACEMENT3D(#4153,#4154,#4155);
#4157=IFCDIRECTION((0.,0.,1.));
#4158=IFCEXTRUDEDAREASOLID(#4152,#4156,#4157,10972.8);
#4159=IFCSHAPEREPRESENTATION(#11,'Body','SweptSolid',(#4158));
#4160=IFCPRODUCTDEFINITIONSHAPE($,$,(#4159));
#4161=IFCCARTESIANPOINT((0.,0.,0.));
#4162=IFCDIRECTION((0.,1.,0.));
#4163=IFCDIRECTION((1.,0.,0.));
#4164=IFCAXIS2PLACEMENT3D(#4161,#4162,#4163);
#4165=IFCLOCALPLACEMENT(#161,#4164);
#4166=IFCROOF('1OjDNuCqj6LfMk3miVC2Lc',$,'House Roof Furring (E)',$,$,#4182,#4177,$,$);
#4167=IFCCARTESIANPOINTLIST2D(((5486.40000001171,-3717.80410684483),(10972.7999990117,-1889.00410717817),(10972.7999990106,-1868.92364403646),(5486.40000001061,-3697.72364370313),(5486.40000001171,-3717.80410684483)));
#4168=IFCINDEXEDPOLYCURVE(#4167,$,$);
#4169=IFCARBITRARYCLOSEDPROFILEDEF(.AREA.,'House Roof Furring (E)',#4168);
#4170=IFCCARTESIANPOINT((0.,0.,0.));
#4171=IFCDIRECTION((0.,0.,1.));
#4172=IFCDIRECTION((1.,0.,0.));
#4173=IFCAXIS2PLACEMENT3D(#4170,#4171,#4172);
#4174=IFCDIRECTION((0.,0.,1.));
#4175=IFCEXTRUDEDAREASOLID(#4169,#4173,#4174,10972.8);
#4176=IFCSHAPEREPRESENTATION(#11,'Body','SweptSolid',(#4175));
#4177=IFCPRODUCTDEFINITIONSHAPE($,$,(#4176));
#4178=IFCCARTESIANPOINT((0.,0.,0.));
#4179=IFCDIRECTION((0.,1.,0.));
#4180=IFCDIRECTION((1.,0.,0.));
#4181=IFCAXIS2PLACEMENT3D(#4178,#4179,#4180);
#4182=IFCLOCALPLACEMENT(#161,#4181);
#4183=IFCROOF('1OWdkastjApAxUp59kxEDp',$,'House Roof Cladding (E)',$,$,#4199,#4194,$,$);
#4184=IFCCARTESIANPOINTLIST2D(((5486.40000001245,-3731.19108227264),(10972.7999990124,-1902.39108260597),(10972.7999990117,-1889.00410717817),(5486.40000001171,-3717.80410684483),(5486.40000001245,-3731.19108227264)));
#4185=IFCINDEXEDPOLYCURVE(#4184,$,$);
#4186=IFCARBITRARYCLOSEDPROFILEDEF(.AREA.,'House Roof Cladding (E)',#4185);
#4187=IFCCARTESIANPOINT((0.,0.,0.));
#4188=IFCDIRECTION((0.,0.,1.));
#4189=IFCDIRECTION((1.,0.,0.));
#4190=IFCAXIS2PLACEMENT3D(#4187,#4188,#4189);
#4191=IFCDIRECTION((0.,0.,1.));
#4192=IFCEXTRUDEDAREASOLID(#4186,#4190,#4191,10972.8);
#4193=IFCSHAPEREPRESENTATION(#11,'Body','SweptSolid',(#4192));
#4194=IFCPRODUCTDEFINITIONSHAPE($,$,(#4193));
#4195=IFCCARTESIANPOINT((0.,0.,0.));
#4196=IFCDIRECTION((0.,1.,0.));
#4197=IFCDIRECTION((1.,0.,0.));
#4198=IFCAXIS2PLACEMENT3D(#4195,#4196,#4197);
#4199=IFCLOCALPLACEMENT(#161,#4198);
#4200=IFCSTYLEDITEM(#4192,(#92),$);
#4201=IFCSTYLEDITEM(#3970,(#44),$);
#4202=IFCSTYLEDITEM(#4090,(#44),$);
#4203=IFCSTYLEDITEM(#3987,(#68),$);
#4204=IFCSTYLEDITEM(#4038,(#68),$);
#4205=IFCSTYLEDITEM(#4107,(#68),$);
#4206=IFCSTYLEDITEM(#4158,(#68),$);
#4207=IFCSTYLEDITEM(#4004,(#50),$);
#4208=IFCSTYLEDITEM(#4124,(#50),$);
#4209=IFCSTYLEDITEM(#4021,(#56),$);
#4210=IFCSTYLEDITEM(#4141,(#56),$);
#4211=IFCSTYLEDITEM(#4055,(#74),$);
#4212=IFCSTYLEDITEM(#4175,(#74),$);
#4213=IFCBEAM('1QLzbHlr5BvB02poLph86Q',$,'House Roof Joist W-01',$,$,#4229,#4224,$,.JOIST.);
#4214=IFCCARTESIANPOINT((0.,0.));
#4215=IFCAXIS2PLACEMENT2D(#4214,$);
#4216=IFCRECTANGLEPROFILEDEF(.AREA.,$,#4215,0.0381,0.301625);
#4217=IFCCARTESIANPOINT((0.,0.,0.));
#4218=IFCDIRECTION((0.,0.,1.));
#4219=IFCDIRECTION((1.,0.,0.));
#4220=IFCAXIS2PLACEMENT3D(#4217,#4218,#4219);
#4221=IFCDIRECTION((0.,0.,1.));
#4222=IFCEXTRUDEDAREASOLID(#4216,#4220,#4221,5783.17338491593);
#4223=IFCSHAPEREPRESENTATION(#11,'Body','SweptSolid',(#4222));
#4224=IFCPRODUCTDEFINITIONSHAPE($,$,(#4223));
#4225=IFCCARTESIANPOINT((5486.4,0.,3352.8));
#4226=IFCDIRECTION((-0.948683298050514,0.,-0.316227766016838));
#4227=IFCDIRECTION((0.,1.,0.));
#4228=IFCAXIS2PLACEMENT3D(#4225,#4226,#4227);
#4229=IFCLOCALPLACEMENT(#161,#4228);
#4230=IFCBEAM('2vC4fHRQL9Jub3v4yjK_w3',$,'House Roof Joist E-01',$,$,#4246,#4241,$,.JOIST.);
#4231=IFCCARTESIANPOINT((0.,0.));
#4232=IFCAXIS2PLACEMENT2D(#4231,$);
#4233=IFCRECTANGLEPROFILEDEF(.AREA.,$,#4232,0.0381,0.301625);
#4234=IFCCARTESIANPOINT((0.,0.,0.));
#4235=IFCDIRECTION((0.,0.,1.));
#4236=IFCDIRECTION((1.,0.,0.));
#4237=IFCAXIS2PLACEMENT3D(#4234,#4235,#4236);
#4238=IFCDIRECTION((0.,0.,1.));
#4239=IFCEXTRUDEDAREASOLID(#4233,#4237,#4238,5783.17338491593);
#4240=IFCSHAPEREPRESENTATION(#11,'Body','SweptSolid',(#4239));
#4241=IFCPRODUCTDEFINITIONSHAPE($,$,(#4240));
#4242=IFCCARTESIANPOINT((5486.4,0.,3352.8));
#4243=IFCDIRECTION((0.948683298050514,0.,-0.316227766016838));
#4244=IFCDIRECTION((0.,1.,0.));
#4245=IFCAXIS2PLACEMENT3D(#4242,#4243,#4244);
#4246=IFCLOCALPLACEMENT(#161,#4245);
#4247=IFCBEAM('0PtPCd6nrDaRUko8UA30_e',$,'House Roof Joist W-02',$,$,#4263,#4258,$,.JOIST.);
#4248=IFCCARTESIANPOINT((0.,0.));
#4249=IFCAXIS2PLACEMENT2D(#4248,$);
#4250=IFCRECTANGLEPROFILEDEF(.AREA.,$,#4249,0.0381,0.301625);
#4251=IFCCARTESIANPOINT((0.,0.,0.));
#4252=IFCDIRECTION((0.,0.,1.));
#4253=IFCDIRECTION((1.,0.,0.));
#4254=IFCAXIS2PLACEMENT3D(#4251,#4252,#4253);
#4255=IFCDIRECTION((0.,0.,1.));
#4256=IFCEXTRUDEDAREASOLID(#4250,#4254,#4255,5783.17338491593);
#4257=IFCSHAPEREPRESENTATION(#11,'Body','SweptSolid',(#4256));
#4258=IFCPRODUCTDEFINITIONSHAPE($,$,(#4257));
#4259=IFCCARTESIANPOINT((5486.4,406.4,3352.8));
#4260=IFCDIRECTION((-0.948683298050514,0.,-0.316227766016838));
#4261=IFCDIRECTION((0.,1.,0.));
#4262=IFCAXIS2PLACEMENT3D(#4259,#4260,#4261);
#4263=IFCLOCALPLACEMENT(#161,#4262);
#4264=IFCBEAM('3yp37KRPvCMe4tbKjRGyvj',$,'House Roof Joist E-02',$,$,#4280,#4275,$,.JOIST.);
#4265=IFCCARTESIANPOINT((0.,0.));
#4266=IFCAXIS2PLACEMENT2D(#4265,$);
#4267=IFCRECTANGLEPROFILEDEF(.AREA.,$,#4266,0.0381,0.301625);
#4268=IFCCARTESIANPOINT((0.,0.,0.));
#4269=IFCDIRECTION((0.,0.,1.));
#4270=IFCDIRECTION((1.,0.,0.));
#4271=IFCAXIS2PLACEMENT3D(#4268,#4269,#4270);
#4272=IFCDIRECTION((0.,0.,1.));
#4273=IFCEXTRUDEDAREASOLID(#4267,#4271,#4272,5783.17338491593);
#4274=IFCSHAPEREPRESENTATION(#11,'Body','SweptSolid',(#4273));
#4275=IFCPRODUCTDEFINITIONSHAPE($,$,(#4274));
#4276=IFCCARTESIANPOINT((5486.4,406.4,3352.8));
#4277=IFCDIRECTION((0.948683298050514,0.,-0.316227766016838));
#4278=IFCDIRECTION((0.,1.,0.));
#4279=IFCAXIS2PLACEMENT3D(#4276,#4277,#4278);
#4280=IFCLOCALPLACEMENT(#161,#4279);
#4281=IFCBEAM('0$c6_l2rn8PxHST3yRiyDl',$,'House Roof Joist W-03',$,$,#4297,#4292,$,.JOIST.);
#4282=IFCCARTESIANPOINT((0.,0.));
#4283=IFCAXIS2PLACEMENT2D(#4282,$);
#4284=IFCRECTANGLEPROFILEDEF(.AREA.,$,#4283,0.0381,0.301625);
#4285=IFCCARTESIANPOINT((0.,0.,0.));
#4286=IFCDIRECTION((0.,0.,1.));
#4287=IFCDIRECTION((1.,0.,0.));
#4288=IFCAXIS2PLACEMENT3D(#4285,#4286,#4287);
#4289=IFCDIRECTION((0.,0.,1.));
#4290=IFCEXTRUDEDAREASOLID(#4284,#4288,#4289,5783.17338491593);
#4291=IFCSHAPEREPRESENTATION(#11,'Body','SweptSolid',(#4290));
#4292=IFCPRODUCTDEFINITIONSHAPE($,$,(#4291));
#4293=IFCCARTESIANPOINT((5486.4,812.8,3352.8));
#4294=IFCDIRECTION((-0.948683298050514,0.,-0.316227766016838));
#4295=IFCDIRECTION((0.,1.,0.));
#4296=IFCAXIS2PLACEMENT3D(#4293,#4294,#4295);
#4297=IFCLOCALPLACEMENT(#161,#4296);
#4298=IFCBEAM('0Ae50Hia9BPAto9PxQm3_l',$,'House Roof Joist E-03',$,$,#4314,#4309,$,.JOIST.);
#4299=IFCCARTESIANPOINT((0.,0.));
#4300=IFCAXIS2PLACEMENT2D(#4299,$);
#4301=IFCRECTANGLEPROFILEDEF(.AREA.,$,#4300,0.0381,0.301625);
#4302=IFCCARTESIANPOINT((0.,0.,0.));
#4303=IFCDIRECTION((0.,0.,1.));
#4304=IFCDIRECTION((1.,0.,0.));
#4305=IFCAXIS2PLACEMENT3D(#4302,#4303,#4304);
#4306=IFCDIRECTION((0.,0.,1.));
#4307=IFCEXTRUDEDAREASOLID(#4301,#4305,#4306,5783.17338491593);
#4308=IFCSHAPEREPRESENTATION(#11,'Body','SweptSolid',(#4307));
#4309=IFCPRODUCTDEFINITIONSHAPE($,$,(#4308));
#4310=IFCCARTESIANPOINT((5486.4,812.8,3352.8));
#4311=IFCDIRECTION((0.948683298050514,0.,-0.316227766016838));
#4312=IFCDIRECTION((0.,1.,0.));
#4313=IFCAXIS2PLACEMENT3D(#4310,#4311,#4312);
#4314=IFCLOCALPLACEMENT(#161,#4313);
#4315=IFCBEAM('0c25HPofP58emRCK4W8N3n',$,'House Roof Joist W-04',$,$,#4331,#4326,$,.JOIST.);
#4316=IFCCARTESIANPOINT((0.,0.));
#4317=IFCAXIS2PLACEMENT2D(#4316,$);
#4318=IFCRECTANGLEPROFILEDEF(.AREA.,$,#4317,0.0381,0.301625);
#4319=IFCCARTESIANPOINT((0.,0.,0.));
#4320=IFCDIRECTION((0.,0.,1.));
#4321=IFCDIRECTION((1.,0.,0.));
#4322=IFCAXIS2PLACEMENT3D(#4319,#4320,#4321);
#4323=IFCDIRECTION((0.,0.,1.));
#4324=IFCEXTRUDEDAREASOLID(#4318,#4322,#4323,5783.17338491593);
#4325=IFCSHAPEREPRESENTATION(#11,'Body','SweptSolid',(#4324));
#4326=IFCPRODUCTDEFINITIONSHAPE($,$,(#4325));
#4327=IFCCARTESIANPOINT((5486.4,1219.2,3352.8));
#4328=IFCDIRECTION((-0.948683298050514,0.,-0.316227766016838));
#4329=IFCDIRECTION((0.,1.,0.));
#4330=IFCAXIS2PLACEMENT3D(#4327,#4328,#4329);
#4331=IFCLOCALPLACEMENT(#161,#4330);
#4332=IFCBEAM('29YLd4_ML9zfDOM$K6vv56',$,'House Roof Joist E-04',$,$,#4348,#4343,$,.JOIST.);
#4333=IFCCARTESIANPOINT((0.,0.));
#4334=IFCAXIS2PLACEMENT2D(#4333,$);
#4335=IFCRECTANGLEPROFILEDEF(.AREA.,$,#4334,0.0381,0.301625);
#4336=IFCCARTESIANPOINT((0.,0.,0.));
#4337=IFCDIRECTION((0.,0.,1.));
#4338=IFCDIRECTION((1.,0.,0.));
#4339=IFCAXIS2PLACEMENT3D(#4336,#4337,#4338);
#4340=IFCDIRECTION((0.,0.,1.));
#4341=IFCEXTRUDEDAREASOLID(#4335,#4339,#4340,5783.17338491593);
#4342=IFCSHAPEREPRESENTATION(#11,'Body','SweptSolid',(#4341));
#4343=IFCPRODUCTDEFINITIONSHAPE($,$,(#4342));
#4344=IFCCARTESIANPOINT((5486.4,1219.2,3352.8));
#4345=IFCDIRECTION((0.948683298050514,0.,-0.316227766016838));
#4346=IFCDIRECTION((0.,1.,0.));
#4347=IFCAXIS2PLACEMENT3D(#4344,#4345,#4346);
#4348=IFCLOCALPLACEMENT(#161,#4347);
#4349=IFCBEAM('2Z_ULm$8v3E9fnOdeYfTxM',$,'House Roof Joist W-05',$,$,#4365,#4360,$,.JOIST.);
#4350=IFCCARTESIANPOINT((0.,0.));
#4351=IFCAXIS2PLACEMENT2D(#4350,$);
#4352=IFCRECTANGLEPROFILEDEF(.AREA.,$,#4351,0.0381,0.301625);
#4353=IFCCARTESIANPOINT((0.,0.,0.));
#4354=IFCDIRECTION((0.,0.,1.));
#4355=IFCDIRECTION((1.,0.,0.));
#4356=IFCAXIS2PLACEMENT3D(#4353,#4354,#4355);
#4357=IFCDIRECTION((0.,0.,1.));
#4358=IFCEXTRUDEDAREASOLID(#4352,#4356,#4357,5783.17338491593);
#4359=IFCSHAPEREPRESENTATION(#11,'Body','SweptSolid',(#4358));
#4360=IFCPRODUCTDEFINITIONSHAPE($,$,(#4359));
#4361=IFCCARTESIANPOINT((5486.4,1625.6,3352.8));
#4362=IFCDIRECTION((-0.948683298050514,0.,-0.316227766016838));
#4363=IFCDIRECTION((0.,1.,0.));
#4364=IFCAXIS2PLACEMENT3D(#4361,#4362,#4363);
#4365=IFCLOCALPLACEMENT(#161,#4364);
#4366=IFCBEAM('2FmVwLg0r1MhRzDmkjwAUB',$,'House Roof Joist E-05',$,$,#4382,#4377,$,.JOIST.);
#4367=IFCCARTESIANPOINT((0.,0.));
#4368=IFCAXIS2PLACEMENT2D(#4367,$);
#4369=IFCRECTANGLEPROFILEDEF(.AREA.,$,#4368,0.0381,0.301625);
#4370=IFCCARTESIANPOINT((0.,0.,0.));
#4371=IFCDIRECTION((0.,0.,1.));
#4372=IFCDIRECTION((1.,0.,0.));
#4373=IFCAXIS2PLACEMENT3D(#4370,#4371,#4372);
#4374=IFCDIRECTION((0.,0.,1.));
#4375=IFCEXTRUDEDAREASOLID(#4369,#4373,#4374,5783.17338491593);
#4376=IFCSHAPEREPRESENTATION(#11,'Body','SweptSolid',(#4375));
#4377=IFCPRODUCTDEFINITIONSHAPE($,$,(#4376));
#4378=IFCCARTESIANPOINT((5486.4,1625.6,3352.8));
#4379=IFCDIRECTION((0.948683298050514,0.,-0.316227766016838));
#4380=IFCDIRECTION((0.,1.,0.));
#4381=IFCAXIS2PLACEMENT3D(#4378,#4379,#4380);
#4382=IFCLOCALPLACEMENT(#161,#4381);
#4383=IFCBEAM('0Lfe6MsVzD$AJsaJxs6LIK',$,'House Roof Joist W-06',$,$,#4399,#4394,$,.JOIST.);
#4384=IFCCARTESIANPOINT((0.,0.));
#4385=IFCAXIS2PLACEMENT2D(#4384,$);
#4386=IFCRECTANGLEPROFILEDEF(.AREA.,$,#4385,0.0381,0.301625);
#4387=IFCCARTESIANPOINT((0.,0.,0.));
#4388=IFCDIRECTION((0.,0.,1.));
#4389=IFCDIRECTION((1.,0.,0.));
#4390=IFCAXIS2PLACEMENT3D(#4387,#4388,#4389);
#4391=IFCDIRECTION((0.,0.,1.));
#4392=IFCEXTRUDEDAREASOLID(#4386,#4390,#4391,5783.17338491593);
#4393=IFCSHAPEREPRESENTATION(#11,'Body','SweptSolid',(#4392));
#4394=IFCPRODUCTDEFINITIONSHAPE($,$,(#4393));
#4395=IFCCARTESIANPOINT((5486.4,2032.,3352.8));
#4396=IFCDIRECTION((-0.948683298050514,0.,-0.316227766016838));
#4397=IFCDIRECTION((0.,1.,0.));
#4398=IFCAXIS2PLACEMENT3D(#4395,#4396,#4397);
#4399=IFCLOCALPLACEMENT(#161,#4398);
#4400=IFCBEAM('2BDKCuMID1HPY8jla$vaCi',$,'House Roof Joist E-06',$,$,#4416,#4411,$,.JOIST.);
#4401=IFCCARTESIANPOINT((0.,0.));
#4402=IFCAXIS2PLACEMENT2D(#4401,$);
#4403=IFCRECTANGLEPROFILEDEF(.AREA.,$,#4402,0.0381,0.301625);
#4404=IFCCARTESIANPOINT((0.,0.,0.));
#4405=IFCDIRECTION((0.,0.,1.));
#4406=IFCDIRECTION((1.,0.,0.));
#4407=IFCAXIS2PLACEMENT3D(#4404,#4405,#4406);
#4408=IFCDIRECTION((0.,0.,1.));
#4409=IFCEXTRUDEDAREASOLID(#4403,#4407,#4408,5783.17338491593);
#4410=IFCSHAPEREPRESENTATION(#11,'Body','SweptSolid',(#4409));
#4411=IFCPRODUCTDEFINITIONSHAPE($,$,(#4410));
#4412=IFCCARTESIANPOINT((5486.4,2032.,3352.8));
#4413=IFCDIRECTION((0.948683298050514,0.,-0.316227766016838));
#4414=IFCDIRECTION((0.,1.,0.));
#4415=IFCAXIS2PLACEMENT3D(#4412,#4413,#4414);
#4416=IFCLOCALPLACEMENT(#161,#4415);
#4417=IFCBEAM('0gBO0uf7j0pu4oOUT_3l$B',$,'House Roof Joist W-07',$,$,#4433,#4428,$,.JOIST.);
#4418=IFCCARTESIANPOINT((0.,0.));
#4419=IFCAXIS2PLACEMENT2D(#4418,$);
#4420=IFCRECTANGLEPROFILEDEF(.AREA.,$,#4419,0.0381,0.301625);
#4421=IFCCARTESIANPOINT((0.,0.,0.));
#4422=IFCDIRECTION((0.,0.,1.));
#4423=IFCDIRECTION((1.,0.,0.));
#4424=IFCAXIS2PLACEMENT3D(#4421,#4422,#4423);
#4425=IFCDIRECTION((0.,0.,1.));
#4426=IFCEXTRUDEDAREASOLID(#4420,#4424,#4425,5783.17338491593);
#4427=IFCSHAPEREPRESENTATION(#11,'Body','SweptSolid',(#4426));
#4428=IFCPRODUCTDEFINITIONSHAPE($,$,(#4427));
#4429=IFCCARTESIANPOINT((5486.4,2438.4,3352.8));
#4430=IFCDIRECTION((-0.948683298050514,0.,-0.316227766016838));
#4431=IFCDIRECTION((0.,1.,0.));
#4432=IFCAXIS2PLACEMENT3D(#4429,#4430,#4431);
#4433=IFCLOCALPLACEMENT(#161,#4432);
#4434=IFCBEAM('3z6U1KwC53GuhcEuvteSFf',$,'House Roof Joist E-07',$,$,#4450,#4445,$,.JOIST.);
#4435=IFCCARTESIANPOINT((0.,0.));
#4436=IFCAXIS2PLACEMENT2D(#4435,$);
#4437=IFCRECTANGLEPROFILEDEF(.AREA.,$,#4436,0.0381,0.301625);
#4438=IFCCARTESIANPOINT((0.,0.,0.));
#4439=IFCDIRECTION((0.,0.,1.));
#4440=IFCDIRECTION((1.,0.,0.));
#4441=IFCAXIS2PLACEMENT3D(#4438,#4439,#4440);
#4442=IFCDIRECTION((0.,0.,1.));
#4443=IFCEXTRUDEDAREASOLID(#4437,#4441,#4442,5783.17338491593);
#4444=IFCSHAPEREPRESENTATION(#11,'Body','SweptSolid',(#4443));
#4445=IFCPRODUCTDEFINITIONSHAPE($,$,(#4444));
#4446=IFCCARTESIANPOINT((5486.4,2438.4,3352.8));
#4447=IFCDIRECTION((0.948683298050514,0.,-0.316227766016838));
#4448=IFCDIRECTION((0.,1.,0.));
#4449=IFCAXIS2PLACEMENT3D(#4446,#4447,#4448);
#4450=IFCLOCALPLACEMENT(#161,#4449);
#4451=IFCBEAM('1XNiOMfv5EluPHrPLvAEwl',$,'House Roof Joist W-08',$,$,#4467,#4462,$,.JOIST.);
#4452=IFCCARTESIANPOINT((0.,0.));
#4453=IFCAXIS2PLACEMENT2D(#4452,$);
#4454=IFCRECTANGLEPROFILEDEF(.AREA.,$,#4453,0.0381,0.301625);
#4455=IFCCARTESIANPOINT((0.,0.,0.));
#4456=IFCDIRECTION((0.,0.,1.));
#4457=IFCDIRECTION((1.,0.,0.));
#4458=IFCAXIS2PLACEMENT3D(#4455,#4456,#4457);
#4459=IFCDIRECTION((0.,0.,1.));
#4460=IFCEXTRUDEDAREASOLID(#4454,#4458,#4459,5783.17338491593);
#4461=IFCSHAPEREPRESENTATION(#11,'Body','SweptSolid',(#4460));
#4462=IFCPRODUCTDEFINITIONSHAPE($,$,(#4461));
#4463=IFCCARTESIANPOINT((5486.4,2844.8,3352.8));
#4464=IFCDIRECTION((-0.948683298050514,0.,-0.316227766016838));
#4465=IFCDIRECTION((0.,1.,0.));
#4466=IFCAXIS2PLACEMENT3D(#4463,#4464,#4465);
#4467=IFCLOCALPLACEMENT(#161,#4466);
#4468=IFCBEAM('3GCEnc4hzDpRWqsB79570b',$,'House Roof Joist E-08',$,$,#4484,#4479,$,.JOIST.);
#4469=IFCCARTESIANPOINT((0.,0.));
#4470=IFCAXIS2PLACEMENT2D(#4469,$);
#4471=IFCRECTANGLEPROFILEDEF(.AREA.,$,#4470,0.0381,0.301625);
#4472=IFCCARTESIANPOINT((0.,0.,0.));
#4473=IFCDIRECTION((0.,0.,1.));
#4474=IFCDIRECTION((1.,0.,0.));
#4475=IFCAXIS2PLACEMENT3D(#4472,#4473,#4474);
#4476=IFCDIRECTION((0.,0.,1.));
#4477=IFCEXTRUDEDAREASOLID(#4471,#4475,#4476,5783.17338491593);
#4478=IFCSHAPEREPRESENTATION(#11,'Body','SweptSolid',(#4477));
#4479=IFCPRODUCTDEFINITIONSHAPE($,$,(#4478));
#4480=IFCCARTESIANPOINT((5486.4,2844.8,3352.8));
#4481=IFCDIRECTION((0.948683298050514,0.,-0.316227766016838));
#4482=IFCDIRECTION((0.,1.,0.));
#4483=IFCAXIS2PLACEMENT3D(#4480,#4481,#4482);
#4484=IFCLOCALPLACEMENT(#161,#4483);
#4485=IFCBEAM('0u7Cm1BT54OwgOSEy2aw3y',$,'House Roof Joist W-09',$,$,#4501,#4496,$,.JOIST.);
#4486=IFCCARTESIANPOINT((0.,0.));
#4487=IFCAXIS2PLACEMENT2D(#4486,$);
#4488=IFCRECTANGLEPROFILEDEF(.AREA.,$,#4487,0.0381,0.301625);
#4489=IFCCARTESIANPOINT((0.,0.,0.));
#4490=IFCDIRECTION((0.,0.,1.));
#4491=IFCDIRECTION((1.,0.,0.));
#4492=IFCAXIS2PLACEMENT3D(#4489,#4490,#4491);
#4493=IFCDIRECTION((0.,0.,1.));
#4494=IFCEXTRUDEDAREASOLID(#4488,#4492,#4493,5783.17338491593);
#4495=IFCSHAPEREPRESENTATION(#11,'Body','SweptSolid',(#4494));
#4496=IFCPRODUCTDEFINITIONSHAPE($,$,(#4495));
#4497=IFCCARTESIANPOINT((5486.4,3251.2,3352.8));
#4498=IFCDIRECTION((-0.948683298050514,0.,-0.316227766016838));
#4499=IFCDIRECTION((0.,1.,0.));
#4500=IFCAXIS2PLACEMENT3D(#4497,#4498,#4499);
#4501=IFCLOCALPLACEMENT(#161,#4500);
#4502=IFCBEAM('2WDqiwRMXExPOLU4I3MsO3',$,'House Roof Joist E-09',$,$,#4518,#4513,$,.JOIST.);
#4503=IFCCARTESIANPOINT((0.,0.));
#4504=IFCAXIS2PLACEMENT2D(#4503,$);
#4505=IFCRECTANGLEPROFILEDEF(.AREA.,$,#4504,0.0381,0.301625);
#4506=IFCCARTESIANPOINT((0.,0.,0.));
#4507=IFCDIRECTION((0.,0.,1.));
#4508=IFCDIRECTION((1.,0.,0.));
#4509=IFCAXIS2PLACEMENT3D(#4506,#4507,#4508);
#4510=IFCDIRECTION((0.,0.,1.));
#4511=IFCEXTRUDEDAREASOLID(#4505,#4509,#4510,5783.17338491593);
#4512=IFCSHAPEREPRESENTATION(#11,'Body','SweptSolid',(#4511));
#4513=IFCPRODUCTDEFINITIONSHAPE($,$,(#4512));
#4514=IFCCARTESIANPOINT((5486.4,3251.2,3352.8));
#4515=IFCDIRECTION((0.948683298050514,0.,-0.316227766016838));
#4516=IFCDIRECTION((0.,1.,0.));
#4517=IFCAXIS2PLACEMENT3D(#4514,#4515,#4516);
#4518=IFCLOCALPLACEMENT(#161,#4517);
#4519=IFCBEAM('16InFnZwP6hBdnswtx6nCz',$,'House Roof Joist W-10',$,$,#4535,#4530,$,.JOIST.);
#4520=IFCCARTESIANPOINT((0.,0.));
#4521=IFCAXIS2PLACEMENT2D(#4520,$);
#4522=IFCRECTANGLEPROFILEDEF(.AREA.,$,#4521,0.0381,0.301625);
#4523=IFCCARTESIANPOINT((0.,0.,0.));
#4524=IFCDIRECTION((0.,0.,1.));
#4525=IFCDIRECTION((1.,0.,0.));
#4526=IFCAXIS2PLACEMENT3D(#4523,#4524,#4525);
#4527=IFCDIRECTION((0.,0.,1.));
#4528=IFCEXTRUDEDAREASOLID(#4522,#4526,#4527,5783.17338491593);
#4529=IFCSHAPEREPRESENTATION(#11,'Body','SweptSolid',(#4528));
#4530=IFCPRODUCTDEFINITIONSHAPE($,$,(#4529));
#4531=IFCCARTESIANPOINT((5486.4,3657.6,3352.8));
#4532=IFCDIRECTION((-0.948683298050514,0.,-0.316227766016838));
#4533=IFCDIRECTION((0.,1.,0.));
#4534=IFCAXIS2PLACEMENT3D(#4531,#4532,#4533);
#4535=IFCLOCALPLACEMENT(#161,#4534);
#4536=IFCBEAM('0CLMh2gjj8LPKLZSq3cb5N',$,'House Roof Joist E-10',$,$,#4552,#4547,$,.JOIST.);
#4537=IFCCARTESIANPOINT((0.,0.));
#4538=IFCAXIS2PLACEMENT2D(#4537,$);
#4539=IFCRECTANGLEPROFILEDEF(.AREA.,$,#4538,0.0381,0.301625);
#4540=IFCCARTESIANPOINT((0.,0.,0.));
#4541=IFCDIRECTION((0.,0.,1.));
#4542=IFCDIRECTION((1.,0.,0.));
#4543=IFCAXIS2PLACEMENT3D(#4540,#4541,#4542);
#4544=IFCDIRECTION((0.,0.,1.));
#4545=IFCEXTRUDEDAREASOLID(#4539,#4543,#4544,5783.17338491593);
#4546=IFCSHAPEREPRESENTATION(#11,'Body','SweptSolid',(#4545));
#4547=IFCPRODUCTDEFINITIONSHAPE($,$,(#4546));
#4548=IFCCARTESIANPOINT((5486.4,3657.6,3352.8));
#4549=IFCDIRECTION((0.948683298050514,0.,-0.316227766016838));
#4550=IFCDIRECTION((0.,1.,0.));
#4551=IFCAXIS2PLACEMENT3D(#4548,#4549,#4550);
#4552=IFCLOCALPLACEMENT(#161,#4551);
#4553=IFCBEAM('0htEyBDPjFkQ_ovf2JEP7h',$,'House Roof Joist W-11',$,$,#4569,#4564,$,.JOIST.);
#4554=IFCCARTESIANPOINT((0.,0.));
#4555=IFCAXIS2PLACEMENT2D(#4554,$);
#4556=IFCRECTANGLEPROFILEDEF(.AREA.,$,#4555,0.0381,0.301625);
#4557=IFCCARTESIANPOINT((0.,0.,0.));
#4558=IFCDIRECTION((0.,0.,1.));
#4559=IFCDIRECTION((1.,0.,0.));
#4560=IFCAXIS2PLACEMENT3D(#4557,#4558,#4559);
#4561=IFCDIRECTION((0.,0.,1.));
#4562=IFCEXTRUDEDAREASOLID(#4556,#4560,#4561,5783.17338491593);
#4563=IFCSHAPEREPRESENTATION(#11,'Body','SweptSolid',(#4562));
#4564=IFCPRODUCTDEFINITIONSHAPE($,$,(#4563));
#4565=IFCCARTESIANPOINT((5486.4,4064.,3352.8));
#4566=IFCDIRECTION((-0.948683298050514,0.,-0.316227766016838));
#4567=IFCDIRECTION((0.,1.,0.));
#4568=IFCAXIS2PLACEMENT3D(#4565,#4566,#4567);
#4569=IFCLOCALPLACEMENT(#161,#4568);
#4570=IFCBEAM('2OfZOThsHCAOMFlK6RlCTa',$,'House Roof Joist E-11',$,$,#4586,#4581,$,.JOIST.);
#4571=IFCCARTESIANPOINT((0.,0.));
#4572=IFCAXIS2PLACEMENT2D(#4571,$);
#4573=IFCRECTANGLEPROFILEDEF(.AREA.,$,#4572,0.0381,0.301625);
#4574=IFCCARTESIANPOINT((0.,0.,0.));
#4575=IFCDIRECTION((0.,0.,1.));
#4576=IFCDIRECTION((1.,0.,0.));
#4577=IFCAXIS2PLACEMENT3D(#4574,#4575,#4576);
#4578=IFCDIRECTION((0.,0.,1.));
#4579=IFCEXTRUDEDAREASOLID(#4573,#4577,#4578,5783.17338491593);
#4580=IFCSHAPEREPRESENTATION(#11,'Body','SweptSolid',(#4579));
#4581=IFCPRODUCTDEFINITIONSHAPE($,$,(#4580));
#4582=IFCCARTESIANPOINT((5486.4,4064.,3352.8));
#4583=IFCDIRECTION((0.948683298050514,0.,-0.316227766016838));
#4584=IFCDIRECTION((0.,1.,0.));
#4585=IFCAXIS2PLACEMENT3D(#4582,#4583,#4584);
#4586=IFCLOCALPLACEMENT(#161,#4585);
#4587=IFCBEAM('0s4cnHDd1B1xOyJGYActho',$,'House Roof Joist W-12',$,$,#4603,#4598,$,.JOIST.);
#4588=IFCCARTESIANPOINT((0.,0.));
#4589=IFCAXIS2PLACEMENT2D(#4588,$);
#4590=IFCRECTANGLEPROFILEDEF(.AREA.,$,#4589,0.0381,0.301625);
#4591=IFCCARTESIANPOINT((0.,0.,0.));
#4592=IFCDIRECTION((0.,0.,1.));
#4593=IFCDIRECTION((1.,0.,0.));
#4594=IFCAXIS2PLACEMENT3D(#4591,#4592,#4593);
#4595=IFCDIRECTION((0.,0.,1.));
#4596=IFCEXTRUDEDAREASOLID(#4590,#4594,#4595,5783.17338491593);
#4597=IFCSHAPEREPRESENTATION(#11,'Body','SweptSolid',(#4596));
#4598=IFCPRODUCTDEFINITIONSHAPE($,$,(#4597));
#4599=IFCCARTESIANPOINT((5486.4,4470.4,3352.8));
#4600=IFCDIRECTION((-0.948683298050514,0.,-0.316227766016838));
#4601=IFCDIRECTION((0.,1.,0.));
#4602=IFCAXIS2PLACEMENT3D(#4599,#4600,#4601);
#4603=IFCLOCALPLACEMENT(#161,#4602);
#4604=IFCBEAM('2AnVHbVdn1eAnpempN1xF8',$,'House Roof Joist E-12',$,$,#4620,#4615,$,.JOIST.);
#4605=IFCCARTESIANPOINT((0.,0.));
#4606=IFCAXIS2PLACEMENT2D(#4605,$);
#4607=IFCRECTANGLEPROFILEDEF(.AREA.,$,#4606,0.0381,0.301625);
#4608=IFCCARTESIANPOINT((0.,0.,0.));
#4609=IFCDIRECTION((0.,0.,1.));
#4610=IFCDIRECTION((1.,0.,0.));
#4611=IFCAXIS2PLACEMENT3D(#4608,#4609,#4610);
#4612=IFCDIRECTION((0.,0.,1.));
#4613=IFCEXTRUDEDAREASOLID(#4607,#4611,#4612,5783.17338491593);
#4614=IFCSHAPEREPRESENTATION(#11,'Body','SweptSolid',(#4613));
#4615=IFCPRODUCTDEFINITIONSHAPE($,$,(#4614));
#4616=IFCCARTESIANPOINT((5486.4,4470.4,3352.8));
#4617=IFCDIRECTION((0.948683298050514,0.,-0.316227766016838));
#4618=IFCDIRECTION((0.,1.,0.));
#4619=IFCAXIS2PLACEMENT3D(#4616,#4617,#4618);
#4620=IFCLOCALPLACEMENT(#161,#4619);
#4621=IFCBEAM('1KInAg7dXF4f4h39P6mxmA',$,'House Roof Joist W-13',$,$,#4637,#4632,$,.JOIST.);
#4622=IFCCARTESIANPOINT((0.,0.));
#4623=IFCAXIS2PLACEMENT2D(#4622,$);
#4624=IFCRECTANGLEPROFILEDEF(.AREA.,$,#4623,0.0381,0.301625);
#4625=IFCCARTESIANPOINT((0.,0.,0.));
#4626=IFCDIRECTION((0.,0.,1.));
#4627=IFCDIRECTION((1.,0.,0.));
#4628=IFCAXIS2PLACEMENT3D(#4625,#4626,#4627);
#4629=IFCDIRECTION((0.,0.,1.));
#4630=IFCEXTRUDEDAREASOLID(#4624,#4628,#4629,5783.17338491593);
#4631=IFCSHAPEREPRESENTATION(#11,'Body','SweptSolid',(#4630));
#4632=IFCPRODUCTDEFINITIONSHAPE($,$,(#4631));
#4633=IFCCARTESIANPOINT((5486.4,4876.8,3352.8));
#4634=IFCDIRECTION((-0.948683298050514,0.,-0.316227766016838));
#4635=IFCDIRECTION((0.,1.,0.));
#4636=IFCAXIS2PLACEMENT3D(#4633,#4634,#4635);
#4637=IFCLOCALPLACEMENT(#161,#4636);
#4638=IFCBEAM('1HMzdVtNX4RQpi0byORVNT',$,'House Roof Joist E-13',$,$,#4654,#4649,$,.JOIST.);
#4639=IFCCARTESIANPOINT((0.,0.));
#4640=IFCAXIS2PLACEMENT2D(#4639,$);
#4641=IFCRECTANGLEPROFILEDEF(.AREA.,$,#4640,0.0381,0.301625);
#4642=IFCCARTESIANPOINT((0.,0.,0.));
#4643=IFCDIRECTION((0.,0.,1.));
#4644=IFCDIRECTION((1.,0.,0.));
#4645=IFCAXIS2PLACEMENT3D(#4642,#4643,#4644);
#4646=IFCDIRECTION((0.,0.,1.));
#4647=IFCEXTRUDEDAREASOLID(#4641,#4645,#4646,5783.17338491593);
#4648=IFCSHAPEREPRESENTATION(#11,'Body','SweptSolid',(#4647));
#4649=IFCPRODUCTDEFINITIONSHAPE($,$,(#4648));
#4650=IFCCARTESIANPOINT((5486.4,4876.8,3352.8));
#4651=IFCDIRECTION((0.948683298050514,0.,-0.316227766016838));
#4652=IFCDIRECTION((0.,1.,0.));
#4653=IFCAXIS2PLACEMENT3D(#4650,#4651,#4652);
#4654=IFCLOCALPLACEMENT(#161,#4653);
#4655=IFCBEAM('0WgGo8gOT8neDkJayj_38r',$,'House Roof Joist W-14',$,$,#4671,#4666,$,.JOIST.);
#4656=IFCCARTESIANPOINT((0.,0.));
#4657=IFCAXIS2PLACEMENT2D(#4656,$);
#4658=IFCRECTANGLEPROFILEDEF(.AREA.,$,#4657,0.0381,0.301625);
#4659=IFCCARTESIANPOINT((0.,0.,0.));
#4660=IFCDIRECTION((0.,0.,1.));
#4661=IFCDIRECTION((1.,0.,0.));
#4662=IFCAXIS2PLACEMENT3D(#4659,#4660,#4661);
#4663=IFCDIRECTION((0.,0.,1.));
#4664=IFCEXTRUDEDAREASOLID(#4658,#4662,#4663,5783.17338491593);
#4665=IFCSHAPEREPRESENTATION(#11,'Body','SweptSolid',(#4664));
#4666=IFCPRODUCTDEFINITIONSHAPE($,$,(#4665));
#4667=IFCCARTESIANPOINT((5486.4,5283.2,3352.8));
#4668=IFCDIRECTION((-0.948683298050514,0.,-0.316227766016838));
#4669=IFCDIRECTION((0.,1.,0.));
#4670=IFCAXIS2PLACEMENT3D(#4667,#4668,#4669);
#4671=IFCLOCALPLACEMENT(#161,#4670);
#4672=IFCBEAM('1At1rcFeDB5A0XKSD7IsmH',$,'House Roof Joist E-14',$,$,#4688,#4683,$,.JOIST.);
#4673=IFCCARTESIANPOINT((0.,0.));
#4674=IFCAXIS2PLACEMENT2D(#4673,$);
#4675=IFCRECTANGLEPROFILEDEF(.AREA.,$,#4674,0.0381,0.301625);
#4676=IFCCARTESIANPOINT((0.,0.,0.));
#4677=IFCDIRECTION((0.,0.,1.));
#4678=IFCDIRECTION((1.,0.,0.));
#4679=IFCAXIS2PLACEMENT3D(#4676,#4677,#4678);
#4680=IFCDIRECTION((0.,0.,1.));
#4681=IFCEXTRUDEDAREASOLID(#4675,#4679,#4680,5783.17338491593);
#4682=IFCSHAPEREPRESENTATION(#11,'Body','SweptSolid',(#4681));
#4683=IFCPRODUCTDEFINITIONSHAPE($,$,(#4682));
#4684=IFCCARTESIANPOINT((5486.4,5283.2,3352.8));
#4685=IFCDIRECTION((0.948683298050514,0.,-0.316227766016838));
#4686=IFCDIRECTION((0.,1.,0.));
#4687=IFCAXIS2PLACEMENT3D(#4684,#4685,#4686);
#4688=IFCLOCALPLACEMENT(#161,#4687);
#4689=IFCBEAM('3hxuTYb6DDzejuW$qRovPs',$,'House Roof Joist W-15',$,$,#4705,#4700,$,.JOIST.);
#4690=IFCCARTESIANPOINT((0.,0.));
#4691=IFCAXIS2PLACEMENT2D(#4690,$);
#4692=IFCRECTANGLEPROFILEDEF(.AREA.,$,#4691,0.0381,0.301625);
#4693=IFCCARTESIANPOINT((0.,0.,0.));
#4694=IFCDIRECTION((0.,0.,1.));
#4695=IFCDIRECTION((1.,0.,0.));
#4696=IFCAXIS2PLACEMENT3D(#4693,#4694,#4695);
#4697=IFCDIRECTION((0.,0.,1.));
#4698=IFCEXTRUDEDAREASOLID(#4692,#4696,#4697,5783.17338491593);
#4699=IFCSHAPEREPRESENTATION(#11,'Body','SweptSolid',(#4698));
#4700=IFCPRODUCTDEFINITIONSHAPE($,$,(#4699));
#4701=IFCCARTESIANPOINT((5486.4,5689.6,3352.8));
#4702=IFCDIRECTION((-0.948683298050514,0.,-0.316227766016838));
#4703=IFCDIRECTION((0.,1.,0.));
#4704=IFCAXIS2PLACEMENT3D(#4701,#4702,#4703);
#4705=IFCLOCALPLACEMENT(#161,#4704);
#4706=IFCBEAM('20kNKfpZn4u8YI4_fuiLfq',$,'House Roof Joist E-15',$,$,#4722,#4717,$,.JOIST.);
#4707=IFCCARTESIANPOINT((0.,0.));
#4708=IFCAXIS2PLACEMENT2D(#4707,$);
#4709=IFCRECTANGLEPROFILEDEF(.AREA.,$,#4708,0.0381,0.301625);
#4710=IFCCARTESIANPOINT((0.,0.,0.));
#4711=IFCDIRECTION((0.,0.,1.));
#4712=IFCDIRECTION((1.,0.,0.));
#4713=IFCAXIS2PLACEMENT3D(#4710,#4711,#4712);
#4714=IFCDIRECTION((0.,0.,1.));
#4715=IFCEXTRUDEDAREASOLID(#4709,#4713,#4714,5783.17338491593);
#4716=IFCSHAPEREPRESENTATION(#11,'Body','SweptSolid',(#4715));
#4717=IFCPRODUCTDEFINITIONSHAPE($,$,(#4716));
#4718=IFCCARTESIANPOINT((5486.4,5689.6,3352.8));
#4719=IFCDIRECTION((0.948683298050514,0.,-0.316227766016838));
#4720=IFCDIRECTION((0.,1.,0.));
#4721=IFCAXIS2PLACEMENT3D(#4718,#4719,#4720);
#4722=IFCLOCALPLACEMENT(#161,#4721);
#4723=IFCBEAM('2wL8c2rkfCoOvq4U5aOIVT',$,'House Roof Joist W-16',$,$,#4739,#4734,$,.JOIST.);
#4724=IFCCARTESIANPOINT((0.,0.));
#4725=IFCAXIS2PLACEMENT2D(#4724,$);
#4726=IFCRECTANGLEPROFILEDEF(.AREA.,$,#4725,0.0381,0.301625);
#4727=IFCCARTESIANPOINT((0.,0.,0.));
#4728=IFCDIRECTION((0.,0.,1.));
#4729=IFCDIRECTION((1.,0.,0.));
#4730=IFCAXIS2PLACEMENT3D(#4727,#4728,#4729);
#4731=IFCDIRECTION((0.,0.,1.));
#4732=IFCEXTRUDEDAREASOLID(#4726,#4730,#4731,5783.17338491593);
#4733=IFCSHAPEREPRESENTATION(#11,'Body','SweptSolid',(#4732));
#4734=IFCPRODUCTDEFINITIONSHAPE($,$,(#4733));
#4735=IFCCARTESIANPOINT((5486.4,6096.,3352.8));
#4736=IFCDIRECTION((-0.948683298050514,0.,-0.316227766016838));
#4737=IFCDIRECTION((0.,1.,0.));
#4738=IFCAXIS2PLACEMENT3D(#4735,#4736,#4737);
#4739=IFCLOCALPLACEMENT(#161,#4738);
#4740=IFCBEAM('3GqqF_bBbBoRV1alYzYsON',$,'House Roof Joist E-16',$,$,#4756,#4751,$,.JOIST.);
#4741=IFCCARTESIANPOINT((0.,0.));
#4742=IFCAXIS2PLACEMENT2D(#4741,$);
#4743=IFCRECTANGLEPROFILEDEF(.AREA.,$,#4742,0.0381,0.301625);
#4744=IFCCARTESIANPOINT((0.,0.,0.));
#4745=IFCDIRECTION((0.,0.,1.));
#4746=IFCDIRECTION((1.,0.,0.));
#4747=IFCAXIS2PLACEMENT3D(#4744,#4745,#4746);
#4748=IFCDIRECTION((0.,0.,1.));
#4749=IFCEXTRUDEDAREASOLID(#4743,#4747,#4748,5783.17338491593);
#4750=IFCSHAPEREPRESENTATION(#11,'Body','SweptSolid',(#4749));
#4751=IFCPRODUCTDEFINITIONSHAPE($,$,(#4750));
#4752=IFCCARTESIANPOINT((5486.4,6096.,3352.8));
#4753=IFCDIRECTION((0.948683298050514,0.,-0.316227766016838));
#4754=IFCDIRECTION((0.,1.,0.));
#4755=IFCAXIS2PLACEMENT3D(#4752,#4753,#4754);
#4756=IFCLOCALPLACEMENT(#161,#4755);
#4757=IFCBEAM('3v2Q3cR210cudq9vS98kkD',$,'House Roof Joist W-17',$,$,#4773,#4768,$,.JOIST.);
#4758=IFCCARTESIANPOINT((0.,0.));
#4759=IFCAXIS2PLACEMENT2D(#4758,$);
#4760=IFCRECTANGLEPROFILEDEF(.AREA.,$,#4759,0.0381,0.301625);
#4761=IFCCARTESIANPOINT((0.,0.,0.));
#4762=IFCDIRECTION((0.,0.,1.));
#4763=IFCDIRECTION((1.,0.,0.));
#4764=IFCAXIS2PLACEMENT3D(#4761,#4762,#4763);
#4765=IFCDIRECTION((0.,0.,1.));
#4766=IFCEXTRUDEDAREASOLID(#4760,#4764,#4765,5783.17338491593);
#4767=IFCSHAPEREPRESENTATION(#11,'Body','SweptSolid',(#4766));
#4768=IFCPRODUCTDEFINITIONSHAPE($,$,(#4767));
#4769=IFCCARTESIANPOINT((5486.4,6502.4,3352.8));
#4770=IFCDIRECTION((-0.948683298050514,0.,-0.316227766016838));
#4771=IFCDIRECTION((0.,1.,0.));
#4772=IFCAXIS2PLACEMENT3D(#4769,#4770,#4771);
#4773=IFCLOCALPLACEMENT(#161,#4772);
#4774=IFCBEAM('3x4LNAKsnC0QJ2vDK0x7xu',$,'House Roof Joist E-17',$,$,#4790,#4785,$,.JOIST.);
#4775=IFCCARTESIANPOINT((0.,0.));
#4776=IFCAXIS2PLACEMENT2D(#4775,$);
#4777=IFCRECTANGLEPROFILEDEF(.AREA.,$,#4776,0.0381,0.301625);
#4778=IFCCARTESIANPOINT((0.,0.,0.));
#4779=IFCDIRECTION((0.,0.,1.));
#4780=IFCDIRECTION((1.,0.,0.));
#4781=IFCAXIS2PLACEMENT3D(#4778,#4779,#4780);
#4782=IFCDIRECTION((0.,0.,1.));
#4783=IFCEXTRUDEDAREASOLID(#4777,#4781,#4782,5783.17338491593);
#4784=IFCSHAPEREPRESENTATION(#11,'Body','SweptSolid',(#4783));
#4785=IFCPRODUCTDEFINITIONSHAPE($,$,(#4784));
#4786=IFCCARTESIANPOINT((5486.4,6502.4,3352.8));
#4787=IFCDIRECTION((0.948683298050514,0.,-0.316227766016838));
#4788=IFCDIRECTION((0.,1.,0.));
#4789=IFCAXIS2PLACEMENT3D(#4786,#4787,#4788);
#4790=IFCLOCALPLACEMENT(#161,#4789);
#4791=IFCBEAM('2MOYzhGAXDigbOf47y3MSp',$,'House Roof Joist W-18',$,$,#4807,#4802,$,.JOIST.);
#4792=IFCCARTESIANPOINT((0.,0.));
#4793=IFCAXIS2PLACEMENT2D(#4792,$);
#4794=IFCRECTANGLEPROFILEDEF(.AREA.,$,#4793,0.0381,0.301625);
#4795=IFCCARTESIANPOINT((0.,0.,0.));
#4796=IFCDIRECTION((0.,0.,1.));
#4797=IFCDIRECTION((1.,0.,0.));
#4798=IFCAXIS2PLACEMENT3D(#4795,#4796,#4797);
#4799=IFCDIRECTION((0.,0.,1.));
#4800=IFCEXTRUDEDAREASOLID(#4794,#4798,#4799,5783.17338491593);
#4801=IFCSHAPEREPRESENTATION(#11,'Body','SweptSolid',(#4800));
#4802=IFCPRODUCTDEFINITIONSHAPE($,$,(#4801));
#4803=IFCCARTESIANPOINT((5486.4,6908.8,3352.8));
#4804=IFCDIRECTION((-0.948683298050514,0.,-0.316227766016838));
#4805=IFCDIRECTION((0.,1.,0.));
#4806=IFCAXIS2PLACEMENT3D(#4803,#4804,#4805);
#4807=IFCLOCALPLACEMENT(#161,#4806);
#4808=IFCBEAM('1YwC_ISRP4CBs_W1vu8MHP',$,'House Roof Joist E-18',$,$,#4824,#4819,$,.JOIST.);
#4809=IFCCARTESIANPOINT((0.,0.));
#4810=IFCAXIS2PLACEMENT2D(#4809,$);
#4811=IFCRECTANGLEPROFILEDEF(.AREA.,$,#4810,0.0381,0.301625);
#4812=IFCCARTESIANPOINT((0.,0.,0.));
#4813=IFCDIRECTION((0.,0.,1.));
#4814=IFCDIRECTION((1.,0.,0.));
#4815=IFCAXIS2PLACEMENT3D(#4812,#4813,#4814);
#4816=IFCDIRECTION((0.,0.,1.));
#4817=IFCEXTRUDEDAREASOLID(#4811,#4815,#4816,5783.17338491593);
#4818=IFCSHAPEREPRESENTATION(#11,'Body','SweptSolid',(#4817));
#4819=IFCPRODUCTDEFINITIONSHAPE($,$,(#4818));
#4820=IFCCARTESIANPOINT((5486.4,6908.8,3352.8));
#4821=IFCDIRECTION((0.948683298050514,0.,-0.316227766016838));
#4822=IFCDIRECTION((0.,1.,0.));
#4823=IFCAXIS2PLACEMENT3D(#4820,#4821,#4822);
#4824=IFCLOCALPLACEMENT(#161,#4823);
#4825=IFCBEAM('1tKDiADX5FHuqdraLtjBG4',$,'House Roof Joist W-19',$,$,#4841,#4836,$,.JOIST.);
#4826=IFCCARTESIANPOINT((0.,0.));
#4827=IFCAXIS2PLACEMENT2D(#4826,$);
#4828=IFCRECTANGLEPROFILEDEF(.AREA.,$,#4827,0.0381,0.301625);
#4829=IFCCARTESIANPOINT((0.,0.,0.));
#4830=IFCDIRECTION((0.,0.,1.));
#4831=IFCDIRECTION((1.,0.,0.));
#4832=IFCAXIS2PLACEMENT3D(#4829,#4830,#4831);
#4833=IFCDIRECTION((0.,0.,1.));
#4834=IFCEXTRUDEDAREASOLID(#4828,#4832,#4833,5783.17338491593);
#4835=IFCSHAPEREPRESENTATION(#11,'Body','SweptSolid',(#4834));
#4836=IFCPRODUCTDEFINITIONSHAPE($,$,(#4835));
#4837=IFCCARTESIANPOINT((5486.4,7315.2,3352.8));
#4838=IFCDIRECTION((-0.948683298050514,0.,-0.316227766016838));
#4839=IFCDIRECTION((0.,1.,0.));
#4840=IFCAXIS2PLACEMENT3D(#4837,#4838,#4839);
#4841=IFCLOCALPLACEMENT(#161,#4840);
#4842=IFCBEAM('24DhuWMMD7R8bs3KuC0itJ',$,'House Roof Joist E-19',$,$,#4858,#4853,$,.JOIST.);
#4843=IFCCARTESIANPOINT((0.,0.));
#4844=IFCAXIS2PLACEMENT2D(#4843,$);
#4845=IFCRECTANGLEPROFILEDEF(.AREA.,$,#4844,0.0381,0.301625);
#4846=IFCCARTESIANPOINT((0.,0.,0.));
#4847=IFCDIRECTION((0.,0.,1.));
#4848=IFCDIRECTION((1.,0.,0.));
#4849=IFCAXIS2PLACEMENT3D(#4846,#4847,#4848);
#4850=IFCDIRECTION((0.,0.,1.));
#4851=IFCEXTRUDEDAREASOLID(#4845,#4849,#4850,5783.17338491593);
#4852=IFCSHAPEREPRESENTATION(#11,'Body','SweptSolid',(#4851));
#4853=IFCPRODUCTDEFINITIONSHAPE($,$,(#4852));
#4854=IFCCARTESIANPOINT((5486.4,7315.2,3352.8));
#4855=IFCDIRECTION((0.948683298050514,0.,-0.316227766016838));
#4856=IFCDIRECTION((0.,1.,0.));
#4857=IFCAXIS2PLACEMENT3D(#4854,#4855,#4856);
#4858=IFCLOCALPLACEMENT(#161,#4857);
#4859=IFCBEAM('0_zRzFbj13LBNTXSd3a2yK',$,'House Roof Joist W-20',$,$,#4875,#4870,$,.JOIST.);
#4860=IFCCARTESIANPOINT((0.,0.));
#4861=IFCAXIS2PLACEMENT2D(#4860,$);
#4862=IFCRECTANGLEPROFILEDEF(.AREA.,$,#4861,0.0381,0.301625);
#4863=IFCCARTESIANPOINT((0.,0.,0.));
#4864=IFCDIRECTION((0.,0.,1.));
#4865=IFCDIRECTION((1.,0.,0.));
#4866=IFCAXIS2PLACEMENT3D(#4863,#4864,#4865);
#4867=IFCDIRECTION((0.,0.,1.));
#4868=IFCEXTRUDEDAREASOLID(#4862,#4866,#4867,5783.17338491593);
#4869=IFCSHAPEREPRESENTATION(#11,'Body','SweptSolid',(#4868));
#4870=IFCPRODUCTDEFINITIONSHAPE($,$,(#4869));
#4871=IFCCARTESIANPOINT((5486.4,7721.6,3352.8));
#4872=IFCDIRECTION((-0.948683298050514,0.,-0.316227766016838));
#4873=IFCDIRECTION((0.,1.,0.));
#4874=IFCAXIS2PLACEMENT3D(#4871,#4872,#4873);
#4875=IFCLOCALPLACEMENT(#161,#4874);
#4876=IFCBEAM('3EhxHAuQ1FqPxqE60MxVzh',$,'House Roof Joist E-20',$,$,#4892,#4887,$,.JOIST.);
#4877=IFCCARTESIANPOINT((0.,0.));
#4878=IFCAXIS2PLACEMENT2D(#4877,$);
#4879=IFCRECTANGLEPROFILEDEF(.AREA.,$,#4878,0.0381,0.301625);
#4880=IFCCARTESIANPOINT((0.,0.,0.));
#4881=IFCDIRECTION((0.,0.,1.));
#4882=IFCDIRECTION((1.,0.,0.));
#4883=IFCAXIS2PLACEMENT3D(#4880,#4881,#4882);
#4884=IFCDIRECTION((0.,0.,1.));
#4885=IFCEXTRUDEDAREASOLID(#4879,#4883,#4884,5783.17338491593);
#4886=IFCSHAPEREPRESENTATION(#11,'Body','SweptSolid',(#4885));
#4887=IFCPRODUCTDEFINITIONSHAPE($,$,(#4886));
#4888=IFCCARTESIANPOINT((5486.4,7721.6,3352.8));
#4889=IFCDIRECTION((0.948683298050514,0.,-0.316227766016838));
#4890=IFCDIRECTION((0.,1.,0.));
#4891=IFCAXIS2PLACEMENT3D(#4888,#4889,#4890);
#4892=IFCLOCALPLACEMENT(#161,#4891);
#4893=IFCBEAM('1poF5JDDHFtwX_V5uny_e7',$,'House Roof Joist W-21',$,$,#4909,#4904,$,.JOIST.);
#4894=IFCCARTESIANPOINT((0.,0.));
#4895=IFCAXIS2PLACEMENT2D(#4894,$);
#4896=IFCRECTANGLEPROFILEDEF(.AREA.,$,#4895,0.0381,0.301625);
#4897=IFCCARTESIANPOINT((0.,0.,0.));
#4898=IFCDIRECTION((0.,0.,1.));
#4899=IFCDIRECTION((1.,0.,0.));
#4900=IFCAXIS2PLACEMENT3D(#4897,#4898,#4899);
#4901=IFCDIRECTION((0.,0.,1.));
#4902=IFCEXTRUDEDAREASOLID(#4896,#4900,#4901,5783.17338491593);
#4903=IFCSHAPEREPRESENTATION(#11,'Body','SweptSolid',(#4902));
#4904=IFCPRODUCTDEFINITIONSHAPE($,$,(#4903));
#4905=IFCCARTESIANPOINT((5486.4,8128.,3352.8));
#4906=IFCDIRECTION((-0.948683298050514,0.,-0.316227766016838));
#4907=IFCDIRECTION((0.,1.,0.));
#4908=IFCAXIS2PLACEMENT3D(#4905,#4906,#4907);
#4909=IFCLOCALPLACEMENT(#161,#4908);
#4910=IFCBEAM('11X9fBNIHEKPCxMeilN$NU',$,'House Roof Joist E-21',$,$,#4926,#4921,$,.JOIST.);
#4911=IFCCARTESIANPOINT((0.,0.));
#4912=IFCAXIS2PLACEMENT2D(#4911,$);
#4913=IFCRECTANGLEPROFILEDEF(.AREA.,$,#4912,0.0381,0.301625);
#4914=IFCCARTESIANPOINT((0.,0.,0.));
#4915=IFCDIRECTION((0.,0.,1.));
#4916=IFCDIRECTION((1.,0.,0.));
#4917=IFCAXIS2PLACEMENT3D(#4914,#4915,#4916);
#4918=IFCDIRECTION((0.,0.,1.));
#4919=IFCEXTRUDEDAREASOLID(#4913,#4917,#4918,5783.17338491593);
#4920=IFCSHAPEREPRESENTATION(#11,'Body','SweptSolid',(#4919));
#4921=IFCPRODUCTDEFINITIONSHAPE($,$,(#4920));
#4922=IFCCARTESIANPOINT((5486.4,8128.,3352.8));
#4923=IFCDIRECTION((0.948683298050514,0.,-0.316227766016838));
#4924=IFCDIRECTION((0.,1.,0.));
#4925=IFCAXIS2PLACEMENT3D(#4922,#4923,#4924);
#4926=IFCLOCALPLACEMENT(#161,#4925);
#4927=IFCBEAM('0uK2vnbUjDhB8cjM41Y1ma',$,'House Roof Joist W-22',$,$,#4943,#4938,$,.JOIST.);
#4928=IFCCARTESIANPOINT((0.,0.));
#4929=IFCAXIS2PLACEMENT2D(#4928,$);
#4930=IFCRECTANGLEPROFILEDEF(.AREA.,$,#4929,0.0381,0.301625);
#4931=IFCCARTESIANPOINT((0.,0.,0.));
#4932=IFCDIRECTION((0.,0.,1.));
#4933=IFCDIRECTION((1.,0.,0.));
#4934=IFCAXIS2PLACEMENT3D(#4931,#4932,#4933);
#4935=IFCDIRECTION((0.,0.,1.));
#4936=IFCEXTRUDEDAREASOLID(#4930,#4934,#4935,5783.17338491593);
#4937=IFCSHAPEREPRESENTATION(#11,'Body','SweptSolid',(#4936));
#4938=IFCPRODUCTDEFINITIONSHAPE($,$,(#4937));
#4939=IFCCARTESIANPOINT((5486.4,8534.4,3352.8));
#4940=IFCDIRECTION((-0.948683298050514,0.,-0.316227766016838));
#4941=IFCDIRECTION((0.,1.,0.));
#4942=IFCAXIS2PLACEMENT3D(#4939,#4940,#4941);
#4943=IFCLOCALPLACEMENT(#161,#4942);
#4944=IFCBEAM('0IdedJvF93MAUamFwM0Pbv',$,'House Roof Joist E-22',$,$,#4960,#4955,$,.JOIST.);
#4945=IFCCARTESIANPOINT((0.,0.));
#4946=IFCAXIS2PLACEMENT2D(#4945,$);
#4947=IFCRECTANGLEPROFILEDEF(.AREA.,$,#4946,0.0381,0.301625);
#4948=IFCCARTESIANPOINT((0.,0.,0.));
#4949=IFCDIRECTION((0.,0.,1.));
#4950=IFCDIRECTION((1.,0.,0.));
#4951=IFCAXIS2PLACEMENT3D(#4948,#4949,#4950);
#4952=IFCDIRECTION((0.,0.,1.));
#4953=IFCEXTRUDEDAREASOLID(#4947,#4951,#4952,5783.17338491593);
#4954=IFCSHAPEREPRESENTATION(#11,'Body','SweptSolid',(#4953));
#4955=IFCPRODUCTDEFINITIONSHAPE($,$,(#4954));
#4956=IFCCARTESIANPOINT((5486.4,8534.4,3352.8));
#4957=IFCDIRECTION((0.948683298050514,0.,-0.316227766016838));
#4958=IFCDIRECTION((0.,1.,0.));
#4959=IFCAXIS2PLACEMENT3D(#4956,#4957,#4958);
#4960=IFCLOCALPLACEMENT(#161,#4959);
#4961=IFCBEAM('1oWJs$frHABPFiSyEiLPR_',$,'House Roof Joist W-23',$,$,#4977,#4972,$,.JOIST.);
#4962=IFCCARTESIANPOINT((0.,0.));
#4963=IFCAXIS2PLACEMENT2D(#4962,$);
#4964=IFCRECTANGLEPROFILEDEF(.AREA.,$,#4963,0.0381,0.301625);
#4965=IFCCARTESIANPOINT((0.,0.,0.));
#4966=IFCDIRECTION((0.,0.,1.));
#4967=IFCDIRECTION((1.,0.,0.));
#4968=IFCAXIS2PLACEMENT3D(#4965,#4966,#4967);
#4969=IFCDIRECTION((0.,0.,1.));
#4970=IFCEXTRUDEDAREASOLID(#4964,#4968,#4969,5783.17338491593);
#4971=IFCSHAPEREPRESENTATION(#11,'Body','SweptSolid',(#4970));
#4972=IFCPRODUCTDEFINITIONSHAPE($,$,(#4971));
#4973=IFCCARTESIANPOINT((5486.4,8940.8,3352.8));
#4974=IFCDIRECTION((-0.948683298050514,0.,-0.316227766016838));
#4975=IFCDIRECTION((0.,1.,0.));
#4976=IFCAXIS2PLACEMENT3D(#4973,#4974,#4975);
#4977=IFCLOCALPLACEMENT(#161,#4976);
#4978=IFCBEAM('3hUGemUabCjQEfqobPKadv',$,'House Roof Joist E-23',$,$,#4994,#4989,$,.JOIST.);
#4979=IFCCARTESIANPOINT((0.,0.));
#4980=IFCAXIS2PLACEMENT2D(#4979,$);
#4981=IFCRECTANGLEPROFILEDEF(.AREA.,$,#4980,0.0381,0.301625);
#4982=IFCCARTESIANPOINT((0.,0.,0.));
#4983=IFCDIRECTION((0.,0.,1.));
#4984=IFCDIRECTION((1.,0.,0.));
#4985=IFCAXIS2PLACEMENT3D(#4982,#4983,#4984);
#4986=IFCDIRECTION((0.,0.,1.));
#4987=IFCEXTRUDEDAREASOLID(#4981,#4985,#4986,5783.17338491593);
#4988=IFCSHAPEREPRESENTATION(#11,'Body','SweptSolid',(#4987));
#4989=IFCPRODUCTDEFINITIONSHAPE($,$,(#4988));
#4990=IFCCARTESIANPOINT((5486.4,8940.8,3352.8));
#4991=IFCDIRECTION((0.948683298050514,0.,-0.316227766016838));
#4992=IFCDIRECTION((0.,1.,0.));
#4993=IFCAXIS2PLACEMENT3D(#4990,#4991,#4992);
#4994=IFCLOCALPLACEMENT(#161,#4993);
#4995=IFCBEAM('0g8EuJFQz53OLq2hFJWUqy',$,'House Roof Joist W-24',$,$,#5011,#5006,$,.JOIST.);
#4996=IFCCARTESIANPOINT((0.,0.));
#4997=IFCAXIS2PLACEMENT2D(#4996,$);
#4998=IFCRECTANGLEPROFILEDEF(.AREA.,$,#4997,0.0381,0.301625);
#4999=IFCCARTESIANPOINT((0.,0.,0.));
#5000=IFCDIRECTION((0.,0.,1.));
#5001=IFCDIRECTION((1.,0.,0.));
#5002=IFCAXIS2PLACEMENT3D(#4999,#5000,#5001);
#5003=IFCDIRECTION((0.,0.,1.));
#5004=IFCEXTRUDEDAREASOLID(#4998,#5002,#5003,5783.17338491593);
#5005=IFCSHAPEREPRESENTATION(#11,'Body','SweptSolid',(#5004));
#5006=IFCPRODUCTDEFINITIONSHAPE($,$,(#5005));
#5007=IFCCARTESIANPOINT((5486.4,9347.2,3352.8));
#5008=IFCDIRECTION((-0.948683298050514,0.,-0.316227766016838));
#5009=IFCDIRECTION((0.,1.,0.));
#5010=IFCAXIS2PLACEMENT3D(#5007,#5008,#5009);
#5011=IFCLOCALPLACEMENT(#161,#5010);
#5012=IFCBEAM('2H9HeVKWX0efG7IonYKRul',$,'House Roof Joist E-24',$,$,#5028,#5023,$,.JOIST.);
#5013=IFCCARTESIANPOINT((0.,0.));
#5014=IFCAXIS2PLACEMENT2D(#5013,$);
#5015=IFCRECTANGLEPROFILEDEF(.AREA.,$,#5014,0.0381,0.301625);
#5016=IFCCARTESIANPOINT((0.,0.,0.));
#5017=IFCDIRECTION((0.,0.,1.));
#5018=IFCDIRECTION((1.,0.,0.));
#5019=IFCAXIS2PLACEMENT3D(#5016,#5017,#5018);
#5020=IFCDIRECTION((0.,0.,1.));
#5021=IFCEXTRUDEDAREASOLID(#5015,#5019,#5020,5783.17338491593);
#5022=IFCSHAPEREPRESENTATION(#11,'Body','SweptSolid',(#5021));
#5023=IFCPRODUCTDEFINITIONSHAPE($,$,(#5022));
#5024=IFCCARTESIANPOINT((5486.4,9347.2,3352.8));
#5025=IFCDIRECTION((0.948683298050514,0.,-0.316227766016838));
#5026=IFCDIRECTION((0.,1.,0.));
#5027=IFCAXIS2PLACEMENT3D(#5024,#5025,#5026);
#5028=IFCLOCALPLACEMENT(#161,#5027);
#5029=IFCBEAM('1lvJowvhnFkPVsI9x8CR3P',$,'House Roof Joist W-25',$,$,#5045,#5040,$,.JOIST.);
#5030=IFCCARTESIANPOINT((0.,0.));
#5031=IFCAXIS2PLACEMENT2D(#5030,$);
#5032=IFCRECTANGLEPROFILEDEF(.AREA.,$,#5031,0.0381,0.301625);
#5033=IFCCARTESIANPOINT((0.,0.,0.));
#5034=IFCDIRECTION((0.,0.,1.));
#5035=IFCDIRECTION((1.,0.,0.));
#5036=IFCAXIS2PLACEMENT3D(#5033,#5034,#5035);
#5037=IFCDIRECTION((0.,0.,1.));
#5038=IFCEXTRUDEDAREASOLID(#5032,#5036,#5037,5783.17338491593);
#5039=IFCSHAPEREPRESENTATION(#11,'Body','SweptSolid',(#5038));
#5040=IFCPRODUCTDEFINITIONSHAPE($,$,(#5039));
#5041=IFCCARTESIANPOINT((5486.4,9753.59999999999,3352.8));
#5042=IFCDIRECTION((-0.948683298050514,0.,-0.316227766016838));
#5043=IFCDIRECTION((0.,1.,0.));
#5044=IFCAXIS2PLACEMENT3D(#5041,#5042,#5043);
#5045=IFCLOCALPLACEMENT(#161,#5044);
#5046=IFCBEAM('26wAnSXif4NRaiai9yaAcV',$,'House Roof Joist E-25',$,$,#5062,#5057,$,.JOIST.);
#5047=IFCCARTESIANPOINT((0.,0.));
#5048=IFCAXIS2PLACEMENT2D(#5047,$);
#5049=IFCRECTANGLEPROFILEDEF(.AREA.,$,#5048,0.0381,0.301625);
#5050=IFCCARTESIANPOINT((0.,0.,0.));
#5051=IFCDIRECTION((0.,0.,1.));
#5052=IFCDIRECTION((1.,0.,0.));
#5053=IFCAXIS2PLACEMENT3D(#5050,#5051,#5052);
#5054=IFCDIRECTION((0.,0.,1.));
#5055=IFCEXTRUDEDAREASOLID(#5049,#5053,#5054,5783.17338491593);
#5056=IFCSHAPEREPRESENTATION(#11,'Body','SweptSolid',(#5055));
#5057=IFCPRODUCTDEFINITIONSHAPE($,$,(#5056));
#5058=IFCCARTESIANPOINT((5486.4,9753.59999999999,3352.8));
#5059=IFCDIRECTION((0.948683298050514,0.,-0.316227766016838));
#5060=IFCDIRECTION((0.,1.,0.));
#5061=IFCAXIS2PLACEMENT3D(#5058,#5059,#5060);
#5062=IFCLOCALPLACEMENT(#161,#5061);
#5063=IFCBEAM('0se$Ugy_5F3AgGthNbKWq7',$,'House Roof Joist W-26',$,$,#5079,#5074,$,.JOIST.);
#5064=IFCCARTESIANPOINT((0.,0.));
#5065=IFCAXIS2PLACEMENT2D(#5064,$);
#5066=IFCRECTANGLEPROFILEDEF(.AREA.,$,#5065,0.0381,0.301625);
#5067=IFCCARTESIANPOINT((0.,0.,0.));
#5068=IFCDIRECTION((0.,0.,1.));
#5069=IFCDIRECTION((1.,0.,0.));
#5070=IFCAXIS2PLACEMENT3D(#5067,#5068,#5069);
#5071=IFCDIRECTION((0.,0.,1.));
#5072=IFCEXTRUDEDAREASOLID(#5066,#5070,#5071,5783.17338491593);
#5073=IFCSHAPEREPRESENTATION(#11,'Body','SweptSolid',(#5072));
#5074=IFCPRODUCTDEFINITIONSHAPE($,$,(#5073));
#5075=IFCCARTESIANPOINT((5486.4,10160.,3352.8));
#5076=IFCDIRECTION((-0.948683298050514,0.,-0.316227766016838));
#5077=IFCDIRECTION((0.,1.,0.));
#5078=IFCAXIS2PLACEMENT3D(#5075,#5076,#5077);
#5079=IFCLOCALPLACEMENT(#161,#5078);
#5080=IFCBEAM('0ASeNRSS5AuQPia8JOiM1l',$,'House Roof Joist E-26',$,$,#5096,#5091,$,.JOIST.);
#5081=IFCCARTESIANPOINT((0.,0.));
#5082=IFCAXIS2PLACEMENT2D(#5081,$);
#5083=IFCRECTANGLEPROFILEDEF(.AREA.,$,#5082,0.0381,0.301625);
#5084=IFCCARTESIANPOINT((0.,0.,0.));
#5085=IFCDIRECTION((0.,0.,1.));
#5086=IFCDIRECTION((1.,0.,0.));
#5087=IFCAXIS2PLACEMENT3D(#5084,#5085,#5086);
#5088=IFCDIRECTION((0.,0.,1.));
#5089=IFCEXTRUDEDAREASOLID(#5083,#5087,#5088,5783.17338491593);
#5090=IFCSHAPEREPRESENTATION(#11,'Body','SweptSolid',(#5089));
#5091=IFCPRODUCTDEFINITIONSHAPE($,$,(#5090));
#5092=IFCCARTESIANPOINT((5486.4,10160.,3352.8));
#5093=IFCDIRECTION((0.948683298050514,0.,-0.316227766016838));
#5094=IFCDIRECTION((0.,1.,0.));
#5095=IFCAXIS2PLACEMENT3D(#5092,#5093,#5094);
#5096=IFCLOCALPLACEMENT(#161,#5095);
#5097=IFCBEAM('0LGEz5FPD5TwWRmL1KOV9r',$,'House Roof Joist W-27',$,$,#5113,#5108,$,.JOIST.);
#5098=IFCCARTESIANPOINT((0.,0.));
#5099=IFCAXIS2PLACEMENT2D(#5098,$);
#5100=IFCRECTANGLEPROFILEDEF(.AREA.,$,#5099,0.0381,0.301625);
#5101=IFCCARTESIANPOINT((0.,0.,0.));
#5102=IFCDIRECTION((0.,0.,1.));
#5103=IFCDIRECTION((1.,0.,0.));
#5104=IFCAXIS2PLACEMENT3D(#5101,#5102,#5103);
#5105=IFCDIRECTION((0.,0.,1.));
#5106=IFCEXTRUDEDAREASOLID(#5100,#5104,#5105,5783.17338491593);
#5107=IFCSHAPEREPRESENTATION(#11,'Body','SweptSolid',(#5106));
#5108=IFCPRODUCTDEFINITIONSHAPE($,$,(#5107));
#5109=IFCCARTESIANPOINT((5486.4,10566.4,3352.8));
#5110=IFCDIRECTION((-0.948683298050514,0.,-0.316227766016838));
#5111=IFCDIRECTION((0.,1.,0.));
#5112=IFCAXIS2PLACEMENT3D(#5109,#5110,#5111);
#5113=IFCLOCALPLACEMENT(#161,#5112);
#5114=IFCBEAM('3lYtokWuf7DhCxOOI68YxY',$,'House Roof Joist E-27',$,$,#5130,#5125,$,.JOIST.);
#5115=IFCCARTESIANPOINT((0.,0.));
#5116=IFCAXIS2PLACEMENT2D(#5115,$);
#5117=IFCRECTANGLEPROFILEDEF(.AREA.,$,#5116,0.0381,0.301625);
#5118=IFCCARTESIANPOINT((0.,0.,0.));
#5119=IFCDIRECTION((0.,0.,1.));
#5120=IFCDIRECTION((1.,0.,0.));
#5121=IFCAXIS2PLACEMENT3D(#5118,#5119,#5120);
#5122=IFCDIRECTION((0.,0.,1.));
#5123=IFCEXTRUDEDAREASOLID(#5117,#5121,#5122,5783.17338491593);
#5124=IFCSHAPEREPRESENTATION(#11,'Body','SweptSolid',(#5123));
#5125=IFCPRODUCTDEFINITIONSHAPE($,$,(#5124));
#5126=IFCCARTESIANPOINT((5486.4,10566.4,3352.8));
#5127=IFCDIRECTION((0.948683298050514,0.,-0.316227766016838));
#5128=IFCDIRECTION((0.,1.,0.));
#5129=IFCAXIS2PLACEMENT3D(#5126,#5127,#5128);
#5130=IFCLOCALPLACEMENT(#161,#5129);
#5131=IFCBEAM('3CFoKW5JL6$AgFfdaIRUUI',$,'House Roof Joist W-28',$,$,#5147,#5142,$,.JOIST.);
#5132=IFCCARTESIANPOINT((0.,0.));
#5133=IFCAXIS2PLACEMENT2D(#5132,$);
#5134=IFCRECTANGLEPROFILEDEF(.AREA.,$,#5133,0.0381,0.301625);
#5135=IFCCARTESIANPOINT((0.,0.,0.));
#5136=IFCDIRECTION((0.,0.,1.));
#5137=IFCDIRECTION((1.,0.,0.));
#5138=IFCAXIS2PLACEMENT3D(#5135,#5136,#5137);
#5139=IFCDIRECTION((0.,0.,1.));
#5140=IFCEXTRUDEDAREASOLID(#5134,#5138,#5139,5783.17338491593);
#5141=IFCSHAPEREPRESENTATION(#11,'Body','SweptSolid',(#5140));
#5142=IFCPRODUCTDEFINITIONSHAPE($,$,(#5141));
#5143=IFCCARTESIANPOINT((5486.4,10972.8,3352.8));
#5144=IFCDIRECTION((-0.948683298050514,0.,-0.316227766016838));
#5145=IFCDIRECTION((0.,1.,0.));
#5146=IFCAXIS2PLACEMENT3D(#5143,#5144,#5145);
#5147=IFCLOCALPLACEMENT(#161,#5146);
#5148=IFCBEAM('0ZPJV59bDDxu$c$mPQGNLB',$,'House Roof Joist E-28',$,$,#5164,#5159,$,.JOIST.);
#5149=IFCCARTESIANPOINT((0.,0.));
#5150=IFCAXIS2PLACEMENT2D(#5149,$);
#5151=IFCRECTANGLEPROFILEDEF(.AREA.,$,#5150,0.0381,0.301625);
#5152=IFCCARTESIANPOINT((0.,0.,0.));
#5153=IFCDIRECTION((0.,0.,1.));
#5154=IFCDIRECTION((1.,0.,0.));
#5155=IFCAXIS2PLACEMENT3D(#5152,#5153,#5154);
#5156=IFCDIRECTION((0.,0.,1.));
#5157=IFCEXTRUDEDAREASOLID(#5151,#5155,#5156,5783.17338491593);
#5158=IFCSHAPEREPRESENTATION(#11,'Body','SweptSolid',(#5157));
#5159=IFCPRODUCTDEFINITIONSHAPE($,$,(#5158));
#5160=IFCCARTESIANPOINT((5486.4,10972.8,3352.8));
#5161=IFCDIRECTION((0.948683298050514,0.,-0.316227766016838));
#5162=IFCDIRECTION((0.,1.,0.));
#5163=IFCAXIS2PLACEMENT3D(#5160,#5161,#5162);
#5164=IFCLOCALPLACEMENT(#161,#5163);
#5165=IFCSTYLEDITEM(#4222,(#74),$);
#5166=IFCSTYLEDITEM(#4239,(#74),$);
#5167=IFCSTYLEDITEM(#4256,(#74),$);
#5168=IFCSTYLEDITEM(#4273,(#74),$);
#5169=IFCSTYLEDITEM(#4290,(#74),$);
#5170=IFCSTYLEDITEM(#4307,(#74),$);
#5171=IFCSTYLEDITEM(#4324,(#74),$);
#5172=IFCSTYLEDITEM(#4341,(#74),$);
#5173=IFCSTYLEDITEM(#4358,(#74),$);
#5174=IFCSTYLEDITEM(#4375,(#74),$);
#5175=IFCSTYLEDITEM(#4392,(#74),$);
#5176=IFCSTYLEDITEM(#4409,(#74),$);
#5177=IFCSTYLEDITEM(#4426,(#74),$);
#5178=IFCSTYLEDITEM(#4443,(#74),$);
#5179=IFCSTYLEDITEM(#4460,(#74),$);
#5180=IFCSTYLEDITEM(#4477,(#74),$);
#5181=IFCSTYLEDITEM(#4494,(#74),$);
#5182=IFCSTYLEDITEM(#4511,(#74),$);
#5183=IFCSTYLEDITEM(#4528,(#74),$);
#5184=IFCSTYLEDITEM(#4545,(#74),$);
#5185=IFCSTYLEDITEM(#4562,(#74),$);
#5186=IFCSTYLEDITEM(#4579,(#74),$);
#5187=IFCSTYLEDITEM(#4596,(#74),$);
#5188=IFCSTYLEDITEM(#4613,(#74),$);
#5189=IFCSTYLEDITEM(#4630,(#74),$);
#5190=IFCSTYLEDITEM(#4647,(#74),$);
#5191=IFCSTYLEDITEM(#4664,(#74),$);
#5192=IFCSTYLEDITEM(#4681,(#74),$);
#5193=IFCSTYLEDITEM(#4698,(#74),$);
#5194=IFCSTYLEDITEM(#4715,(#74),$);
#5195=IFCSTYLEDITEM(#4732,(#74),$);
#5196=IFCSTYLEDITEM(#4749,(#74),$);
#5197=IFCSTYLEDITEM(#4766,(#74),$);
#5198=IFCSTYLEDITEM(#4783,(#74),$);
#5199=IFCSTYLEDITEM(#4800,(#74),$);
#5200=IFCSTYLEDITEM(#4817,(#74),$);
#5201=IFCSTYLEDITEM(#4834,(#74),$);
#5202=IFCSTYLEDITEM(#4851,(#74),$);
#5203=IFCSTYLEDITEM(#4868,(#74),$);
#5204=IFCSTYLEDITEM(#4885,(#74),$);
#5205=IFCSTYLEDITEM(#4902,(#74),$);
#5206=IFCSTYLEDITEM(#4919,(#74),$);
#5207=IFCSTYLEDITEM(#4936,(#74),$);
#5208=IFCSTYLEDITEM(#4953,(#74),$);
#5209=IFCSTYLEDITEM(#4970,(#74),$);
#5210=IFCSTYLEDITEM(#4987,(#74),$);
#5211=IFCSTYLEDITEM(#5004,(#74),$);
#5212=IFCSTYLEDITEM(#5021,(#74),$);
#5213=IFCSTYLEDITEM(#5038,(#74),$);
#5214=IFCSTYLEDITEM(#5055,(#74),$);
#5215=IFCSTYLEDITEM(#5072,(#74),$);
#5216=IFCSTYLEDITEM(#5089,(#74),$);
#5217=IFCSTYLEDITEM(#5106,(#74),$);
#5218=IFCSTYLEDITEM(#5123,(#74),$);
#5219=IFCSTYLEDITEM(#5140,(#74),$);
#5220=IFCSTYLEDITEM(#5157,(#74),$);
#5221=IFCGROUP('1qtV37rKTEngcNNrMW3URm',$,'House Roof Joists',$,$);
#5222=IFCRELASSIGNSTOGROUP('1z84ohA5D2Px3Z4Daou$CN',$,$,$,(#4213,#4230,#4247,#4264,#4281,#4298,#4315,#4332,#4349,#4366,#4383,#4400,#4417,#4434,#4451,#4468,#4485,#4502,#4519,#4536,#4553,#4570,#4587,#4604,#4621,#4638,#4655,#4672,#4689,#4706,#4723,#4740,#4757,#4774,#4791,#4808,#4825,#4842,#4859,#4876,#4893,#4910,#4927,#4944,#4961,#4978,#4995,#5012,#5029,#5046,#5063,#5080,#5097,#5114,#5131,#5148),$,#5221);
#5223=IFCPROPERTYSET('3iHhtKwuf6Zgfzrjk1nH0E',$,'Pset_ifcPlot_DetailParams',$,(#5225));
#5224=IFCRELDEFINESBYPROPERTIES('2KhooX62L1Bfl9XTHKlY_H',$,$,$,(#3961),#5223);
#5225=IFCPROPERTYSINGLEVALUE('ParamsJSON',$,IFCLABEL('{"roof": {"eps_in": 4.0, "furring_in": 0.75, "ijoist_depth_in": 11.875, "joist_spacing_in": 16.0, "joist_width_in": 1.5, "membrane_in": 0.25, "metal_roof_in": 0.5, "overhang_in": 0.0, "pitch_rise_over_run": 0.3333333333333333, "polyiso_in": 2.0, "sheathing_in": 0.75}, "wall": {"cladding_in": 0.5, "drywall_in": 0.625, "eps_in": 2.0, "furring_in": 0.5, "polyiso_in": 2.0, "sheathing_in": 0.625, "stud_depth_in": 3.5}}'),$);
#5226=IFCPROPERTYSET('2mzY726Ir5rQISMC4h3Ori',$,'Pset_ifcPlot_HouseFraming',$,(#5228));
#5227=IFCRELDEFINESBYPROPERTIES('0aVqM$2sXD1hfot8Q7DOHp',$,$,$,(#112),#5226);
#5228=IFCPROPERTYSINGLEVALUE('ParamsJSON',$,IFCLABEL('{"centerline_wall_thickness_in": 5.5, "floor_joists": {"depth_in": 11.875, "width_in": 1.5}, "roof_joists": {"depth_in": 11.875, "pitch_rise_over_run": 0.3333333333333333, "width_in": 1.5}, "spacing_in": 16.0}'),$);
#5229=IFCPROPERTYSET('0M3toN4gb3EvvwguO6QFeE',$,'Pset_ifcPlot_SunkenGarden',$,(#5231));
#5230=IFCRELDEFINESBYPROPERTIES('3ImO5zj116Ff0H8L8a3FJY',$,$,$,(#125),#5229);
#5231=IFCPROPERTYSINGLEVALUE('ParamsJSON',$,IFCLABEL('{"aggregate_m": {"extra_m": 0.15239999999999998, "thickness_m": 0.4572}, "arches": {"arch_clear_width_m": 2.4384, "arch_opening_height_m": 2.4384, "arch_outer_pier_m": 0.3048, "arches_per_wall": 2}, "clear_length_m": 8.5344, "clear_width_m": 5.486400000000001, "elevations_m": {"deck_floor_m": 2.7432000000000003, "porch_floor_m": 0.0, "t_footing_top_m": -2.6543}, "footing_m": {"heel_house_side_m": 0.127, "heel_m": 0.9144, "thickness_m": 0.30479999999999996, "toe_m": 0.9144}, "gap_to_house_m": 0.127, "porch_clear_depth_m": 2.4384, "wall_thickness_m": 0.30479999999999996}'),$);
#5232=IFCBUILDINGELEMENTPROXY('2vAbhgPBz5TB1gSRcG4CzK',$,'Sunken Garden North Wall Compacted Aggregate',$,$,#5249,#5244,$,$);
#5233=IFCRELCONTAINEDINSPATIALSTRUCTURE('2FnrmrXI985PN00TH$Q9zb',$,$,$,(#5352,#5420,#5250,#5318,#5267,#5335,#5284,#5437,#5301,#5497,#5232,#6187,#5454,#5369,#5386,#5403),#169);
#5234=IFCCARTESIANPOINTLIST2D(((0.,0.),(6400.8,0.),(6400.8,1651.),(0.,1651.),(0.,0.)));
#5235=IFCINDEXEDPOLYCURVE(#5234,$,$);
#5236=IFCARBITRARYCLOSEDPROFILEDEF(.AREA.,'Sunken Garden North Wall Compacted Aggregate',#5235);
#5237=IFCCARTESIANPOINT((0.,0.,0.));
#5238=IFCDIRECTION((0.,0.,1.));
#5239=IFCDIRECTION((1.,0.,0.));
#5240=IFCAXIS2PLACEMENT3D(#5237,#5238,#5239);
#5241=IFCDIRECTION((0.,0.,1.));
#5242=IFCEXTRUDEDAREASOLID(#5236,#5240,#5241,457.2);
#5243=IFCSHAPEREPRESENTATION(#11,'Body','SweptSolid',(#5242));
#5244=IFCPRODUCTDEFINITIONSHAPE($,$,(#5243));
#5245=IFCCARTESIANPOINT((2286.,-1498.6,-762.));
#5246=IFCDIRECTION((0.,0.,1.));
#5247=IFCDIRECTION((1.,0.,0.));
#5248=IFCAXIS2PLACEMENT3D(#5245,#5246,#5247);
#5249=IFCLOCALPLACEMENT(#175,#5248);
#5250=IFCFOOTING('1rlORw9JrDVQk_l8pRyphX',$,'Sunken Garden North Wall Footing',$,$,#5266,#5261,$,.STRIP_FOOTING.);
#5251=IFCCARTESIANPOINTLIST2D(((0.,0.),(6096.,0.),(6096.,1346.2),(0.,1346.2),(0.,0.)));
#5252=IFCINDEXEDPOLYCURVE(#5251,$,$);
#5253=IFCARBITRARYCLOSEDPROFILEDEF(.AREA.,'Sunken Garden North Wall Footing',#5252);
#5254=IFCCARTESIANPOINT((0.,0.,0.));
#5255=IFCDIRECTION((0.,0.,1.));
#5256=IFCDIRECTION((1.,0.,0.));
#5257=IFCAXIS2PLACEMENT3D(#5254,#5255,#5256);
#5258=IFCDIRECTION((0.,0.,1.));
#5259=IFCEXTRUDEDAREASOLID(#5253,#5257,#5258,304.8);
#5260=IFCSHAPEREPRESENTATION(#11,'Body','SweptSolid',(#5259));
#5261=IFCPRODUCTDEFINITIONSHAPE($,$,(#5260));
#5262=IFCCARTESIANPOINT((2438.4,-1346.2,-304.8));
#5263=IFCDIRECTION((0.,0.,1.));
#5264=IFCDIRECTION((1.,0.,0.));
#5265=IFCAXIS2PLACEMENT3D(#5262,#5263,#5264);
#5266=IFCLOCALPLACEMENT(#175,#5265);
#5267=IFCBUILDINGELEMENTPROXY('1OnIa2Udn98RRsyOKpwoQ6',$,'Sunken Garden South Wall Compacted Aggregate',$,$,#5283,#5278,$,$);
#5268=IFCCARTESIANPOINTLIST2D(((0.,0.),(6400.8,0.),(6400.8,2438.4),(0.,2438.4),(0.,0.)));
#5269=IFCINDEXEDPOLYCURVE(#5268,$,$);
#5270=IFCARBITRARYCLOSEDPROFILEDEF(.AREA.,'Sunken Garden South Wall Compacted Aggregate',#5269);
#5271=IFCCARTESIANPOINT((0.,0.,0.));
#5272=IFCDIRECTION((0.,0.,1.));
#5273=IFCDIRECTION((1.,0.,0.));
#5274=IFCAXIS2PLACEMENT3D(#5271,#5272,#5273);
#5275=IFCDIRECTION((0.,0.,1.));
#5276=IFCEXTRUDEDAREASOLID(#5270,#5274,#5275,457.2);
#5277=IFCSHAPEREPRESENTATION(#11,'Body','SweptSolid',(#5276));
#5278=IFCPRODUCTDEFINITIONSHAPE($,$,(#5277));
#5279=IFCCARTESIANPOINT((2286.,-10337.8,-762.));
#5280=IFCDIRECTION((0.,0.,1.));
#5281=IFCDIRECTION((1.,0.,0.));
#5282=IFCAXIS2PLACEMENT3D(#5279,#5280,#5281);
#5283=IFCLOCALPLACEMENT(#175,#5282);
#5284=IFCFOOTING('1XEMSXr1H5PxqJKQFZPfUq',$,'Sunken Garden South Wall Footing',$,$,#5300,#5295,$,.STRIP_FOOTING.);
#5285=IFCCARTESIANPOINTLIST2D(((0.,0.),(6096.,0.),(6096.,2133.6),(0.,2133.6),(0.,0.)));
#5286=IFCINDEXEDPOLYCURVE(#5285,$,$);
#5287=IFCARBITRARYCLOSEDPROFILEDEF(.AREA.,'Sunken Garden South Wall Footing',#5286);
#5288=IFCCARTESIANPOINT((0.,0.,0.));
#5289=IFCDIRECTION((0.,0.,1.));
#5290=IFCDIRECTION((1.,0.,0.));
#5291=IFCAXIS2PLACEMENT3D(#5288,#5289,#5290);
#5292=IFCDIRECTION((0.,0.,1.));
#5293=IFCEXTRUDEDAREASOLID(#5287,#5291,#5292,304.8);
#5294=IFCSHAPEREPRESENTATION(#11,'Body','SweptSolid',(#5293));
#5295=IFCPRODUCTDEFINITIONSHAPE($,$,(#5294));
#5296=IFCCARTESIANPOINT((2438.4,-10185.4,-304.8));
#5297=IFCDIRECTION((0.,0.,1.));
#5298=IFCDIRECTION((1.,0.,0.));
#5299=IFCAXIS2PLACEMENT3D(#5296,#5297,#5298);
#5300=IFCLOCALPLACEMENT(#175,#5299);
#5301=IFCBUILDINGELEMENTPROXY('04T3r57GD3zfJqIj1DUfmh',$,'Sunken Garden West Wall Compacted Aggregate',$,$,#5317,#5312,$,$);
#5302=IFCCARTESIANPOINTLIST2D(((0.,0.),(2438.4,0.),(2438.4,9448.8),(0.,9448.8),(0.,0.)));
#5303=IFCINDEXEDPOLYCURVE(#5302,$,$);
#5304=IFCARBITRARYCLOSEDPROFILEDEF(.AREA.,'Sunken Garden West Wall Compacted Aggregate',#5303);
#5305=IFCCARTESIANPOINT((0.,0.,0.));
#5306=IFCDIRECTION((0.,0.,1.));
#5307=IFCDIRECTION((1.,0.,0.));
#5308=IFCAXIS2PLACEMENT3D(#5305,#5306,#5307);
#5309=IFCDIRECTION((0.,0.,1.));
#5310=IFCEXTRUDEDAREASOLID(#5304,#5308,#5309,457.2);
#5311=IFCSHAPEREPRESENTATION(#11,'Body','SweptSolid',(#5310));
#5312=IFCPRODUCTDEFINITIONSHAPE($,$,(#5311));
#5313=IFCCARTESIANPOINT((1371.6,-9423.4,-762.));
#5314=IFCDIRECTION((0.,0.,1.));
#5315=IFCDIRECTION((1.,0.,0.));
#5316=IFCAXIS2PLACEMENT3D(#5313,#5314,#5315);
#5317=IFCLOCALPLACEMENT(#175,#5316);
#5318=IFCFOOTING('0CgGqb8Wj0SuRnON$etq66',$,'Sunken Garden West Wall Footing',$,$,#5334,#5329,$,.STRIP_FOOTING.);
#5319=IFCCARTESIANPOINTLIST2D(((0.,0.),(2133.6,0.),(2133.6,9144.),(0.,9144.),(0.,0.)));
#5320=IFCINDEXEDPOLYCURVE(#5319,$,$);
#5321=IFCARBITRARYCLOSEDPROFILEDEF(.AREA.,'Sunken Garden West Wall Footing',#5320);
#5322=IFCCARTESIANPOINT((0.,0.,0.));
#5323=IFCDIRECTION((0.,0.,1.));
#5324=IFCDIRECTION((1.,0.,0.));
#5325=IFCAXIS2PLACEMENT3D(#5322,#5323,#5324);
#5326=IFCDIRECTION((0.,0.,1.));
#5327=IFCEXTRUDEDAREASOLID(#5321,#5325,#5326,304.8);
#5328=IFCSHAPEREPRESENTATION(#11,'Body','SweptSolid',(#5327));
#5329=IFCPRODUCTDEFINITIONSHAPE($,$,(#5328));
#5330=IFCCARTESIANPOINT((1524.,-9271.,-304.8));
#5331=IFCDIRECTION((0.,0.,1.));
#5332=IFCDIRECTION((1.,0.,0.));
#5333=IFCAXIS2PLACEMENT3D(#5330,#5331,#5332);
#5334=IFCLOCALPLACEMENT(#175,#5333);
#5335=IFCBUILDINGELEMENTPROXY('3MuHfcIB9BYgaQxyjk5oQf',$,'Sunken Garden East Wall Compacted Aggregate',$,$,#5351,#5346,$,$);
#5336=IFCCARTESIANPOINTLIST2D(((0.,0.),(2438.4,0.),(2438.4,9448.8),(0.,9448.8),(0.,0.)));
#5337=IFCINDEXEDPOLYCURVE(#5336,$,$);
#5338=IFCARBITRARYCLOSEDPROFILEDEF(.AREA.,'Sunken Garden East Wall Compacted Aggregate',#5337);
#5339=IFCCARTESIANPOINT((0.,0.,0.));
#5340=IFCDIRECTION((0.,0.,1.));
#5341=IFCDIRECTION((1.,0.,0.));
#5342=IFCAXIS2PLACEMENT3D(#5339,#5340,#5341);
#5343=IFCDIRECTION((0.,0.,1.));
#5344=IFCEXTRUDEDAREASOLID(#5338,#5342,#5343,457.2);
#5345=IFCSHAPEREPRESENTATION(#11,'Body','SweptSolid',(#5344));
#5346=IFCPRODUCTDEFINITIONSHAPE($,$,(#5345));
#5347=IFCCARTESIANPOINT((7162.8,-9423.4,-762.));
#5348=IFCDIRECTION((0.,0.,1.));
#5349=IFCDIRECTION((1.,0.,0.));
#5350=IFCAXIS2PLACEMENT3D(#5347,#5348,#5349);
#5351=IFCLOCALPLACEMENT(#175,#5350);
#5352=IFCFOOTING('30ISaS_gDEVAvpTov_xvOG',$,'Sunken Garden East Wall Footing',$,$,#5368,#5363,$,.STRIP_FOOTING.);
#5353=IFCCARTESIANPOINTLIST2D(((0.,0.),(2133.6,0.),(2133.6,9144.),(0.,9144.),(0.,0.)));
#5354=IFCINDEXEDPOLYCURVE(#5353,$,$);
#5355=IFCARBITRARYCLOSEDPROFILEDEF(.AREA.,'Sunken Garden East Wall Footing',#5354);
#5356=IFCCARTESIANPOINT((0.,0.,0.));
#5357=IFCDIRECTION((0.,0.,1.));
#5358=IFCDIRECTION((1.,0.,0.));
#5359=IFCAXIS2PLACEMENT3D(#5356,#5357,#5358);
#5360=IFCDIRECTION((0.,0.,1.));
#5361=IFCEXTRUDEDAREASOLID(#5355,#5359,#5360,304.8);
#5362=IFCSHAPEREPRESENTATION(#11,'Body','SweptSolid',(#5361));
#5363=IFCPRODUCTDEFINITIONSHAPE($,$,(#5362));
#5364=IFCCARTESIANPOINT((7315.2,-9271.,-304.8));
#5365=IFCDIRECTION((0.,0.,1.));
#5366=IFCDIRECTION((1.,0.,0.));
#5367=IFCAXIS2PLACEMENT3D(#5364,#5365,#5366);
#5368=IFCLOCALPLACEMENT(#175,#5367);
#5369=IFCWALL('2OpT3hp4vBKP5DwKLS6LPD',$,'Sunken Garden West Wall (Open Zone)',$,$,#5385,#5380,$,$);
#5370=IFCCARTESIANPOINTLIST2D(((0.,0.),(304.8,0.),(304.8,6096.),(0.,6096.),(0.,0.)));
#5371=IFCINDEXEDPOLYCURVE(#5370,$,$);
#5372=IFCARBITRARYCLOSEDPROFILEDEF(.AREA.,'Sunken Garden West Wall (Open Zone)',#5371);
#5373=IFCCARTESIANPOINT((0.,0.,0.));
#5374=IFCDIRECTION((0.,0.,1.));
#5375=IFCDIRECTION((1.,0.,0.));
#5376=IFCAXIS2PLACEMENT3D(#5373,#5374,#5375);
#5377=IFCDIRECTION((0.,0.,1.));
#5378=IFCEXTRUDEDAREASOLID(#5372,#5376,#5377,2654.3);
#5379=IFCSHAPEREPRESENTATION(#11,'Body','SweptSolid',(#5378));
#5380=IFCPRODUCTDEFINITIONSHAPE($,$,(#5379));
#5381=IFCCARTESIANPOINT((2438.4,-9271.,0.));
#5382=IFCDIRECTION((0.,0.,1.));
#5383=IFCDIRECTION((1.,0.,0.));
#5384=IFCAXIS2PLACEMENT3D(#5381,#5382,#5383);
#5385=IFCLOCALPLACEMENT(#175,#5384);
#5386=IFCWALL('0wKISiPMD3$93MbIuqnk5S',$,'Sunken Garden West Wall (Porch Box)',$,$,#5402,#5397,$,$);
#5387=IFCCARTESIANPOINTLIST2D(((0.,0.),(304.8,0.),(304.8,3048.),(0.,3048.),(0.,0.)));
#5388=IFCINDEXEDPOLYCURVE(#5387,$,$);
#5389=IFCARBITRARYCLOSEDPROFILEDEF(.AREA.,'Sunken Garden West Wall (Porch Box)',#5388);
#5390=IFCCARTESIANPOINT((0.,0.,0.));
#5391=IFCDIRECTION((0.,0.,1.));
#5392=IFCDIRECTION((1.,0.,0.));
#5393=IFCAXIS2PLACEMENT3D(#5390,#5391,#5392);
#5394=IFCDIRECTION((0.,0.,1.));
#5395=IFCEXTRUDEDAREASOLID(#5389,#5393,#5394,5397.5);
#5396=IFCSHAPEREPRESENTATION(#11,'Body','SweptSolid',(#5395));
#5397=IFCPRODUCTDEFINITIONSHAPE($,$,(#5396));
#5398=IFCCARTESIANPOINT((2438.4,-3175.,0.));
#5399=IFCDIRECTION((0.,0.,1.));
#5400=IFCDIRECTION((1.,0.,0.));
#5401=IFCAXIS2PLACEMENT3D(#5398,#5399,#5400);
#5402=IFCLOCALPLACEMENT(#175,#5401);
#5403=IFCWALL('2rzc40Y$P4aRPZ41tvzXG4',$,'Sunken Garden East Wall (Open Zone)',$,$,#5419,#5414,$,$);
#5404=IFCCARTESIANPOINTLIST2D(((0.,0.),(304.8,0.),(304.8,6096.),(0.,6096.),(0.,0.)));
#5405=IFCINDEXEDPOLYCURVE(#5404,$,$);
#5406=IFCARBITRARYCLOSEDPROFILEDEF(.AREA.,'Sunken Garden East Wall (Open Zone)',#5405);
#5407=IFCCARTESIANPOINT((0.,0.,0.));
#5408=IFCDIRECTION((0.,0.,1.));
#5409=IFCDIRECTION((1.,0.,0.));
#5410=IFCAXIS2PLACEMENT3D(#5407,#5408,#5409);
#5411=IFCDIRECTION((0.,0.,1.));
#5412=IFCEXTRUDEDAREASOLID(#5406,#5410,#5411,2654.3);
#5413=IFCSHAPEREPRESENTATION(#11,'Body','SweptSolid',(#5412));
#5414=IFCPRODUCTDEFINITIONSHAPE($,$,(#5413));
#5415=IFCCARTESIANPOINT((8229.6,-9271.,0.));
#5416=IFCDIRECTION((0.,0.,1.));
#5417=IFCDIRECTION((1.,0.,0.));
#5418=IFCAXIS2PLACEMENT3D(#5415,#5416,#5417);
#5419=IFCLOCALPLACEMENT(#175,#5418);
#5420=IFCWALL('20i98JMXz2WvgzGQB0LiGY',$,'Sunken Garden East Wall (Porch Box)',$,$,#5436,#5431,$,$);
#5421=IFCCARTESIANPOINTLIST2D(((0.,0.),(304.8,0.),(304.8,3048.),(0.,3048.),(0.,0.)));
#5422=IFCINDEXEDPOLYCURVE(#5421,$,$);
#5423=IFCARBITRARYCLOSEDPROFILEDEF(.AREA.,'Sunken Garden East Wall (Porch Box)',#5422);
#5424=IFCCARTESIANPOINT((0.,0.,0.));
#5425=IFCDIRECTION((0.,0.,1.));
#5426=IFCDIRECTION((1.,0.,0.));
#5427=IFCAXIS2PLACEMENT3D(#5424,#5425,#5426);
#5428=IFCDIRECTION((0.,0.,1.));
#5429=IFCEXTRUDEDAREASOLID(#5423,#5427,#5428,5397.5);
#5430=IFCSHAPEREPRESENTATION(#11,'Body','SweptSolid',(#5429));
#5431=IFCPRODUCTDEFINITIONSHAPE($,$,(#5430));
#5432=IFCCARTESIANPOINT((8229.6,-3175.,0.));
#5433=IFCDIRECTION((0.,0.,1.));
#5434=IFCDIRECTION((1.,0.,0.));
#5435=IFCAXIS2PLACEMENT3D(#5432,#5433,#5434);
#5436=IFCLOCALPLACEMENT(#175,#5435);
#5437=IFCWALL('3PogKKWfz8wfUTlRxYibF1',$,'Sunken Garden South Wall (Retaining)',$,$,#5453,#5448,$,$);
#5438=IFCCARTESIANPOINTLIST2D(((0.,0.),(6096.,0.),(6096.,304.8),(0.,304.8),(0.,0.)));
#5439=IFCINDEXEDPOLYCURVE(#5438,$,$);
#5440=IFCARBITRARYCLOSEDPROFILEDEF(.AREA.,'Sunken Garden South Wall (Retaining)',#5439);
#5441=IFCCARTESIANPOINT((0.,0.,0.));
#5442=IFCDIRECTION((0.,0.,1.));
#5443=IFCDIRECTION((1.,0.,0.));
#5444=IFCAXIS2PLACEMENT3D(#5441,#5442,#5443);
#5445=IFCDIRECTION((0.,0.,1.));
#5446=IFCEXTRUDEDAREASOLID(#5440,#5444,#5445,2654.3);
#5447=IFCSHAPEREPRESENTATION(#11,'Body','SweptSolid',(#5446));
#5448=IFCPRODUCTDEFINITIONSHAPE($,$,(#5447));
#5449=IFCCARTESIANPOINT((2438.4,-9271.,0.));
#5450=IFCDIRECTION((0.,0.,1.));
#5451=IFCDIRECTION((1.,0.,0.));
#5452=IFCAXIS2PLACEMENT3D(#5449,#5450,#5451);
#5453=IFCLOCALPLACEMENT(#175,#5452);
#5454=IFCWALL('2kmU1XXY1BGg4Enef7dKz3',$,'Sunken Garden Porch North Arch Wall (Lower)',$,$,#5474,#5469,$,$);
#5455=IFCCARTESIANPOINTLIST3D(((0.,0.),(6096.,0.),(6096.,-2654.3),(0.,-2654.3),(0.,0.)));
#5456=IFCINDEXEDPOLYCURVE(#5455,$,$);
#5457=IFCCARTESIANPOINTLIST2D(((304.8,0.),(304.8,-1219.2),(304.8,-1219.2),(307.522621582652,-1300.63357906205),(315.678326441692,-1381.70345599171),(329.230689219394,-1462.0475530386),(348.119181773704,-1541.30703396147),(372.259443511626,-1619.127906678),(401.543658164098,-1695.16260427933),(435.841035319633,-1769.07153734827),(474.998394566039,-1840.52461064807),(518.840849631326,-1909.20269740786),(567.172589468257,-1974.79906462033),(619.77775279401,-2037.02074298574),(676.421392179076,-2095.58983538397),(736.850523379508,-2150.24475803051),(800.79525522597,-2200.74140877312),(867.969995023216,-2246.85425731136),(938.074724076395,-2288.37735246957),(1010.79633764737,-2325.12524202491),(1085.8100433565,-2356.93380098192),(1162.78081178424,-2383.66096459467),(1241.36487279383,-2405.18736286233),(1321.21125089225,-2421.41685366464),(1401.9633327719,-2432.2769521559),(1483.26046003224,-2437.71915449993),(1564.73953996776,-2437.71915449993),(1646.0366672281,-2432.2769521559),(1726.78874910775,-2421.41685366464),(1806.63512720617,-2405.18736286233),(1885.21918821577,-2383.66096459467),(1962.1899566435,-2356.93380098192),(2037.20366235263,-2325.12524202491),(2109.92527592361,-2288.37735246957),(2180.03000497678,-2246.85425731136),(2247.20474477403,-2200.74140877312),(2311.14947662049,-2150.24475803051),(2371.57860782092,-2095.58983538397),(2428.22224720599,-2037.02074298574),(2480.82741053174,-1974.79906462033),(2529.15915036867,-1909.20269740786),(2573.00160543396,-1840.52461064807),(2612.15896468037,-1769.07153734827),(2646.4563418359,-1695.16260427933),(2675.74055648837,-1619.127906678),(2699.8808182263,-1541.30703396147),(2718.76931078061,-1462.0475530386),(2732.32167355831,-1381.70345599171),(2740.47737841735,-1300.63357906205),(2743.2,-1219.2),(2743.2,0.),(304.8,0.)));
#5458=IFCINDEXEDPOLYCURVE(#5457,$,$);
#5459=IFCCARTESIANPOINTLIST2D(((3352.8,0.),(3352.8,-1219.2),(3352.8,-1219.2),(3355.52262158265,-1300.63357906205),(3363.67832644169,-1381.70345599171),(3377.23068921939,-1462.0475530386),(3396.1191817737,-1541.30703396147),(3420.25944351163,-1619.127906678),(3449.5436581641,-1695.16260427933),(3483.84103531963,-1769.07153734827),(3522.99839456604,-1840.52461064807),(3566.84084963133,-1909.20269740786),(3615.17258946826,-1974.79906462033),(3667.77775279401,-2037.02074298574),(3724.42139217908,-2095.58983538397),(3784.85052337951,-2150.24475803051),(3848.79525522597,-2200.74140877312),(3915.96999502322,-2246.85425731136),(3986.07472407639,-2288.37735246957),(4058.79633764737,-2325.12524202491),(4133.8100433565,-2356.93380098192),(4210.78081178424,-2383.66096459467),(4289.36487279383,-2405.18736286233),(4369.21125089225,-2421.41685366464),(4449.9633327719,-2432.2769521559),(4531.26046003224,-2437.71915449993),(4612.73953996776,-2437.71915449993),(4694.0366672281,-2432.2769521559),(4774.78874910775,-2421.41685366464),(4854.63512720617,-2405.18736286233),(4933.21918821576,-2383.66096459467),(5010.1899566435,-2356.93380098192),(5085.20366235263,-2325.12524202491),(5157.9252759236,-2288.37735246957),(5228.03000497678,-2246.85425731136),(5295.20474477403,-2200.74140877312),(5359.14947662049,-2150.24475803051),(5419.57860782092,-2095.58983538397),(5476.22224720599,-2037.02074298574),(5528.82741053174,-1974.79906462033),(5577.15915036867,-1909.20269740786),(5621.00160543396,-1840.52461064807),(5660.15896468037,-1769.07153734827),(5694.4563418359,-1695.16260427933),(5723.74055648837,-1619.127906678),(5747.8808182263,-1541.30703396147),(5766.76931078061,-1462.0475530386),(5780.32167355831,-1381.70345599171),(5788.47737841735,-1300.63357906205),(5791.2,-1219.2),(5791.2,0.),(3352.8,0.)));
#5460=IFCINDEXEDPOLYCURVE(#5459,$,$);
#5461=IFCARBITRARYPROFILEDEFWITHVOIDS(.AREA.,'Sunken Garden Porch North Arch Wall (Lower)',#5456,(#5458,#5460));
#5462=IFCCARTESIANPOINT((0.,0.,0.));
#5463=IFCDIRECTION((0.,0.,1.));
#5464=IFCDIRECTION((1.,0.,0.));
#5465=IFCAXIS2PLACEMENT3D(#5462,#5463,#5464);
#5466=IFCDIRECTION((0.,0.,1.));
#5467=IFCEXTRUDEDAREASOLID(#5461,#5465,#5466,304.8);
#5468=IFCSHAPEREPRESENTATION(#11,'Body','SweptSolid',(#5467));
#5469=IFCPRODUCTDEFINITIONSHAPE($,$,(#5468));
#5470=IFCCARTESIANPOINT((8534.4,-127.,0.));
#5471=IFCDIRECTION((0.,-1.,0.));
#5472=IFCDIRECTION((-1.,0.,0.));
#5473=IFCAXIS2PLACEMENT3D(#5470,#5471,#5472);
#5474=IFCLOCALPLACEMENT(#175,#5473);
#5475=IFCWALL('1AnKDm69543wId3SE3cCd5',$,'Sunken Garden Porch North Arch Wall (Upper)',$,$,#5496,#5491,$,$);
#5476=IFCRELCONTAINEDINSPATIALSTRUCTURE('0Pr0HRi712kvee7aka0R2Z',$,$,$,(#5607,#5518,#5760,#5573,#5475,#5675,#5641,#5709,#5743,#5556,#5624,#6050,#5777,#5590,#5726,#5658,#5692,#5539),#176);
#5477=IFCCARTESIANPOINTLIST3D(((0.,0.),(6096.,0.),(6096.,-2743.2),(0.,-2743.2),(0.,0.)));
#5478=IFCINDEXEDPOLYCURVE(#5477,$,$);
#5479=IFCCARTESIANPOINTLIST2D(((304.8,0.),(304.8,-1219.2),(304.8,-1219.2),(307.522621582652,-1300.63357906205),(315.678326441692,-1381.70345599171),(329.230689219394,-1462.0475530386),(348.119181773704,-1541.30703396147),(372.259443511626,-1619.127906678),(401.543658164098,-1695.16260427933),(435.841035319633,-1769.07153734827),(474.998394566039,-1840.52461064807),(518.840849631326,-1909.20269740786),(567.172589468257,-1974.79906462033),(619.77775279401,-2037.02074298574),(676.421392179076,-2095.58983538397),(736.850523379508,-2150.24475803051),(800.79525522597,-2200.74140877312),(867.969995023216,-2246.85425731136),(938.074724076395,-2288.37735246957),(1010.79633764737,-2325.12524202491),(1085.8100433565,-2356.93380098192),(1162.78081178424,-2383.66096459467),(1241.36487279383,-2405.18736286233),(1321.21125089225,-2421.41685366464),(1401.9633327719,-2432.2769521559),(1483.26046003224,-2437.71915449993),(1564.73953996776,-2437.71915449993),(1646.0366672281,-2432.2769521559),(1726.78874910775,-2421.41685366464),(1806.63512720617,-2405.18736286233),(1885.21918821577,-2383.66096459467),(1962.1899566435,-2356.93380098192),(2037.20366235263,-2325.12524202491),(2109.92527592361,-2288.37735246957),(2180.03000497678,-2246.85425731136),(2247.20474477403,-2200.74140877312),(2311.14947662049,-2150.24475803051),(2371.57860782092,-2095.58983538397),(2428.22224720599,-2037.02074298574),(2480.82741053174,-1974.79906462033),(2529.15915036867,-1909.20269740786),(2573.00160543396,-1840.52461064807),(2612.15896468037,-1769.07153734827),(2646.4563418359,-1695.16260427933),(2675.74055648837,-1619.127906678),(2699.8808182263,-1541.30703396147),(2718.76931078061,-1462.0475530386),(2732.32167355831,-1381.70345599171),(2740.47737841735,-1300.63357906205),(2743.2,-1219.2),(2743.2,0.),(304.8,0.)));
#5480=IFCINDEXEDPOLYCURVE(#5479,$,$);
#5481=IFCCARTESIANPOINTLIST2D(((3352.8,0.),(3352.8,-1219.2),(3352.8,-1219.2),(3355.52262158265,-1300.63357906205),(3363.67832644169,-1381.70345599171),(3377.23068921939,-1462.0475530386),(3396.1191817737,-1541.30703396147),(3420.25944351163,-1619.127906678),(3449.5436581641,-1695.16260427933),(3483.84103531963,-1769.07153734827),(3522.99839456604,-1840.52461064807),(3566.84084963133,-1909.20269740786),(3615.17258946826,-1974.79906462033),(3667.77775279401,-2037.02074298574),(3724.42139217908,-2095.58983538397),(3784.85052337951,-2150.24475803051),(3848.79525522597,-2200.74140877312),(3915.96999502322,-2246.85425731136),(3986.07472407639,-2288.37735246957),(4058.79633764737,-2325.12524202491),(4133.8100433565,-2356.93380098192),(4210.78081178424,-2383.66096459467),(4289.36487279383,-2405.18736286233),(4369.21125089225,-2421.41685366464),(4449.9633327719,-2432.2769521559),(4531.26046003224,-2437.71915449993),(4612.73953996776,-2437.71915449993),(4694.0366672281,-2432.2769521559),(4774.78874910775,-2421.41685366464),(4854.63512720617,-2405.18736286233),(4933.21918821576,-2383.66096459467),(5010.1899566435,-2356.93380098192),(5085.20366235263,-2325.12524202491),(5157.9252759236,-2288.37735246957),(5228.03000497678,-2246.85425731136),(5295.20474477403,-2200.74140877312),(5359.14947662049,-2150.24475803051),(5419.57860782092,-2095.58983538397),(5476.22224720599,-2037.02074298574),(5528.82741053174,-1974.79906462033),(5577.15915036867,-1909.20269740786),(5621.00160543396,-1840.52461064807),(5660.15896468037,-1769.07153734827),(5694.4563418359,-1695.16260427933),(5723.74055648837,-1619.127906678),(5747.8808182263,-1541.30703396147),(5766.76931078061,-1462.0475530386),(5780.32167355831,-1381.70345599171),(5788.47737841735,-1300.63357906205),(5791.2,-1219.2),(5791.2,0.),(3352.8,0.)));
#5482=IFCINDEXEDPOLYCURVE(#5481,$,$);
#5483=IFCARBITRARYPROFILEDEFWITHVOIDS(.AREA.,'Sunken Garden Porch North Arch Wall (Upper)',#5478,(#5480,#5482));
#5484=IFCCARTESIANPOINT((0.,0.,0.));
#5485=IFCDIRECTION((0.,0.,1.));
#5486=IFCDIRECTION((1.,0.,0.));
#5487=IFCAXIS2PLACEMENT3D(#5484,#5485,#5486);
#5488=IFCDIRECTION((0.,0.,1.));
#5489=IFCEXTRUDEDAREASOLID(#5483,#5487,#5488,304.8);
#5490=IFCSHAPEREPRESENTATION(#11,'Body','SweptSolid',(#5489));
#5491=IFCPRODUCTDEFINITIONSHAPE($,$,(#5490));
#5492=IFCCARTESIANPOINT((8534.4,-127.,0.));
#5493=IFCDIRECTION((0.,-1.,0.));
#5494=IFCDIRECTION((-1.,0.,0.));
#5495=IFCAXIS2PLACEMENT3D(#5492,#5493,#5494);
#5496=IFCLOCALPLACEMENT(#181,#5495);
#5497=IFCWALL('3ELWDkvyH4dPqfb7O6HCuJ',$,'Sunken Garden Porch South Arch Wall (Lower)',$,$,#5517,#5512,$,$);
#5498=IFCCARTESIANPOINTLIST3D(((0.,0.),(6096.,0.),(6096.,-2654.3),(0.,-2654.3),(0.,0.)));
#5499=IFCINDEXEDPOLYCURVE(#5498,$,$);
#5500=IFCCARTESIANPOINTLIST2D(((304.8,0.),(304.8,-1219.2),(304.8,-1219.2),(307.522621582652,-1300.63357906205),(315.678326441692,-1381.70345599171),(329.230689219394,-1462.0475530386),(348.119181773704,-1541.30703396147),(372.259443511626,-1619.127906678),(401.543658164098,-1695.16260427933),(435.841035319633,-1769.07153734827),(474.998394566039,-1840.52461064807),(518.840849631326,-1909.20269740786),(567.172589468257,-1974.79906462033),(619.77775279401,-2037.02074298574),(676.421392179076,-2095.58983538397),(736.850523379508,-2150.24475803051),(800.79525522597,-2200.74140877312),(867.969995023216,-2246.85425731136),(938.074724076395,-2288.37735246957),(1010.79633764737,-2325.12524202491),(1085.8100433565,-2356.93380098192),(1162.78081178424,-2383.66096459467),(1241.36487279383,-2405.18736286233),(1321.21125089225,-2421.41685366464),(1401.9633327719,-2432.2769521559),(1483.26046003224,-2437.71915449993),(1564.73953996776,-2437.71915449993),(1646.0366672281,-2432.2769521559),(1726.78874910775,-2421.41685366464),(1806.63512720617,-2405.18736286233),(1885.21918821577,-2383.66096459467),(1962.1899566435,-2356.93380098192),(2037.20366235263,-2325.12524202491),(2109.92527592361,-2288.37735246957),(2180.03000497678,-2246.85425731136),(2247.20474477403,-2200.74140877312),(2311.14947662049,-2150.24475803051),(2371.57860782092,-2095.58983538397),(2428.22224720599,-2037.02074298574),(2480.82741053174,-1974.79906462033),(2529.15915036867,-1909.20269740786),(2573.00160543396,-1840.52461064807),(2612.15896468037,-1769.07153734827),(2646.4563418359,-1695.16260427933),(2675.74055648837,-1619.127906678),(2699.8808182263,-1541.30703396147),(2718.76931078061,-1462.0475530386),(2732.32167355831,-1381.70345599171),(2740.47737841735,-1300.63357906205),(2743.2,-1219.2),(2743.2,0.),(304.8,0.)));
#5501=IFCINDEXEDPOLYCURVE(#5500,$,$);
#5502=IFCCARTESIANPOINTLIST2D(((3352.8,0.),(3352.8,-1219.2),(3352.8,-1219.2),(3355.52262158265,-1300.63357906205),(3363.67832644169,-1381.70345599171),(3377.23068921939,-1462.0475530386),(3396.1191817737,-1541.30703396147),(3420.25944351163,-1619.127906678),(3449.5436581641,-1695.16260427933),(3483.84103531963,-1769.07153734827),(3522.99839456604,-1840.52461064807),(3566.84084963133,-1909.20269740786),(3615.17258946826,-1974.79906462033),(3667.77775279401,-2037.02074298574),(3724.42139217908,-2095.58983538397),(3784.85052337951,-2150.24475803051),(3848.79525522597,-2200.74140877312),(3915.96999502322,-2246.85425731136),(3986.07472407639,-2288.37735246957),(4058.79633764737,-2325.12524202491),(4133.8100433565,-2356.93380098192),(4210.78081178424,-2383.66096459467),(4289.36487279383,-2405.18736286233),(4369.21125089225,-2421.41685366464),(4449.9633327719,-2432.2769521559),(4531.26046003224,-2437.71915449993),(4612.73953996776,-2437.71915449993),(4694.0366672281,-2432.2769521559),(4774.78874910775,-2421.41685366464),(4854.63512720617,-2405.18736286233),(4933.21918821576,-2383.66096459467),(5010.1899566435,-2356.93380098192),(5085.20366235263,-2325.12524202491),(5157.9252759236,-2288.37735246957),(5228.03000497678,-2246.85425731136),(5295.20474477403,-2200.74140877312),(5359.14947662049,-2150.24475803051),(5419.57860782092,-2095.58983538397),(5476.22224720599,-2037.02074298574),(5528.82741053174,-1974.79906462033),(5577.15915036867,-1909.20269740786),(5621.00160543396,-1840.52461064807),(5660.15896468037,-1769.07153734827),(5694.4563418359,-1695.16260427933),(5723.74055648837,-1619.127906678),(5747.8808182263,-1541.30703396147),(5766.76931078061,-1462.0475530386),(5780.32167355831,-1381.70345599171),(5788.47737841735,-1300.63357906205),(5791.2,-1219.2),(5791.2,0.),(3352.8,0.)));
#5503=IFCINDEXEDPOLYCURVE(#5502,$,$);
#5504=IFCARBITRARYPROFILEDEFWITHVOIDS(.AREA.,'Sunken Garden Porch South Arch Wall (Lower)',#5499,(#5501,#5503));
#5505=IFCCARTESIANPOINT((0.,0.,0.));
#5506=IFCDIRECTION((0.,0.,1.));
#5507=IFCDIRECTION((1.,0.,0.));
#5508=IFCAXIS2PLACEMENT3D(#5505,#5506,#5507);
#5509=IFCDIRECTION((0.,0.,1.));
#5510=IFCEXTRUDEDAREASOLID(#5504,#5508,#5509,304.8);
#5511=IFCSHAPEREPRESENTATION(#11,'Body','SweptSolid',(#5510));
#5512=IFCPRODUCTDEFINITIONSHAPE($,$,(#5511));
#5513=IFCCARTESIANPOINT((2438.4,-3175.,0.));
#5514=IFCDIRECTION((0.,1.,0.));
#5515=IFCDIRECTION((1.,0.,0.));
#5516=IFCAXIS2PLACEMENT3D(#5513,#5514,#5515);
#5517=IFCLOCALPLACEMENT(#175,#5516);
#5518=IFCWALL('1uu92SVsjCPh7dzzYX51Qk',$,'Sunken Garden Porch South Arch Wall (Upper)',$,$,#5538,#5533,$,$);
#5519=IFCCARTESIANPOINTLIST3D(((0.,0.),(6096.,0.),(6096.,-2743.2),(0.,-2743.2),(0.,0.)));
#5520=IFCINDEXEDPOLYCURVE(#5519,$,$);
#5521=IFCCARTESIANPOINTLIST2D(((304.8,0.),(304.8,-1219.2),(304.8,-1219.2),(307.522621582652,-1300.63357906205),(315.678326441692,-1381.70345599171),(329.230689219394,-1462.0475530386),(348.119181773704,-1541.30703396147),(372.259443511626,-1619.127906678),(401.543658164098,-1695.16260427933),(435.841035319633,-1769.07153734827),(474.998394566039,-1840.52461064807),(518.840849631326,-1909.20269740786),(567.172589468257,-1974.79906462033),(619.77775279401,-2037.02074298574),(676.421392179076,-2095.58983538397),(736.850523379508,-2150.24475803051),(800.79525522597,-2200.74140877312),(867.969995023216,-2246.85425731136),(938.074724076395,-2288.37735246957),(1010.79633764737,-2325.12524202491),(1085.8100433565,-2356.93380098192),(1162.78081178424,-2383.66096459467),(1241.36487279383,-2405.18736286233),(1321.21125089225,-2421.41685366464),(1401.9633327719,-2432.2769521559),(1483.26046003224,-2437.71915449993),(1564.73953996776,-2437.71915449993),(1646.0366672281,-2432.2769521559),(1726.78874910775,-2421.41685366464),(1806.63512720617,-2405.18736286233),(1885.21918821577,-2383.66096459467),(1962.1899566435,-2356.93380098192),(2037.20366235263,-2325.12524202491),(2109.92527592361,-2288.37735246957),(2180.03000497678,-2246.85425731136),(2247.20474477403,-2200.74140877312),(2311.14947662049,-2150.24475803051),(2371.57860782092,-2095.58983538397),(2428.22224720599,-2037.02074298574),(2480.82741053174,-1974.79906462033),(2529.15915036867,-1909.20269740786),(2573.00160543396,-1840.52461064807),(2612.15896468037,-1769.07153734827),(2646.4563418359,-1695.16260427933),(2675.74055648837,-1619.127906678),(2699.8808182263,-1541.30703396147),(2718.76931078061,-1462.0475530386),(2732.32167355831,-1381.70345599171),(2740.47737841735,-1300.63357906205),(2743.2,-1219.2),(2743.2,0.),(304.8,0.)));
#5522=IFCINDEXEDPOLYCURVE(#5521,$,$);
#5523=IFCCARTESIANPOINTLIST2D(((3352.8,0.),(3352.8,-1219.2),(3352.8,-1219.2),(3355.52262158265,-1300.63357906205),(3363.67832644169,-1381.70345599171),(3377.23068921939,-1462.0475530386),(3396.1191817737,-1541.30703396147),(3420.25944351163,-1619.127906678),(3449.5436581641,-1695.16260427933),(3483.84103531963,-1769.07153734827),(3522.99839456604,-1840.52461064807),(3566.84084963133,-1909.20269740786),(3615.17258946826,-1974.79906462033),(3667.77775279401,-2037.02074298574),(3724.42139217908,-2095.58983538397),(3784.85052337951,-2150.24475803051),(3848.79525522597,-2200.74140877312),(3915.96999502322,-2246.85425731136),(3986.07472407639,-2288.37735246957),(4058.79633764737,-2325.12524202491),(4133.8100433565,-2356.93380098192),(4210.78081178424,-2383.66096459467),(4289.36487279383,-2405.18736286233),(4369.21125089225,-2421.41685366464),(4449.9633327719,-2432.2769521559),(4531.26046003224,-2437.71915449993),(4612.73953996776,-2437.71915449993),(4694.0366672281,-2432.2769521559),(4774.78874910775,-2421.41685366464),(4854.63512720617,-2405.18736286233),(4933.21918821576,-2383.66096459467),(5010.1899566435,-2356.93380098192),(5085.20366235263,-2325.12524202491),(5157.9252759236,-2288.37735246957),(5228.03000497678,-2246.85425731136),(5295.20474477403,-2200.74140877312),(5359.14947662049,-2150.24475803051),(5419.57860782092,-2095.58983538397),(5476.22224720599,-2037.02074298574),(5528.82741053174,-1974.79906462033),(5577.15915036867,-1909.20269740786),(5621.00160543396,-1840.52461064807),(5660.15896468037,-1769.07153734827),(5694.4563418359,-1695.16260427933),(5723.74055648837,-1619.127906678),(5747.8808182263,-1541.30703396147),(5766.76931078061,-1462.0475530386),(5780.32167355831,-1381.70345599171),(5788.47737841735,-1300.63357906205),(5791.2,-1219.2),(5791.2,0.),(3352.8,0.)));
#5524=IFCINDEXEDPOLYCURVE(#5523,$,$);
#5525=IFCARBITRARYPROFILEDEFWITHVOIDS(.AREA.,'Sunken Garden Porch South Arch Wall (Upper)',#5520,(#5522,#5524));
#5526=IFCCARTESIANPOINT((0.,0.,0.));
#5527=IFCDIRECTION((0.,0.,1.));
#5528=IFCDIRECTION((1.,0.,0.));
#5529=IFCAXIS2PLACEMENT3D(#5526,#5527,#5528);
#5530=IFCDIRECTION((0.,0.,1.));
#5531=IFCEXTRUDEDAREASOLID(#5525,#5529,#5530,304.8);
#5532=IFCSHAPEREPRESENTATION(#11,'Body','SweptSolid',(#5531));
#5533=IFCPRODUCTDEFINITIONSHAPE($,$,(#5532));
#5534=IFCCARTESIANPOINT((2438.4,-3175.,0.));
#5535=IFCDIRECTION((0.,1.,0.));
#5536=IFCDIRECTION((1.,0.,0.));
#5537=IFCAXIS2PLACEMENT3D(#5534,#5535,#5536);
#5538=IFCLOCALPLACEMENT(#181,#5537);
#5539=IFCBEAM('3t5qPzLdjDGRwKBC3vYISV',$,'Porch Joist 01',$,$,#5555,#5550,$,.JOIST.);
#5540=IFCCARTESIANPOINT((0.,0.));
#5541=IFCAXIS2PLACEMENT2D(#5540,$);
#5542=IFCRECTANGLEPROFILEDEF(.AREA.,$,#5541,0.0381,0.18415);
#5543=IFCCARTESIANPOINT((0.,0.,0.));
#5544=IFCDIRECTION((0.,0.,1.));
#5545=IFCDIRECTION((1.,0.,0.));
#5546=IFCAXIS2PLACEMENT3D(#5543,#5544,#5545);
#5547=IFCDIRECTION((0.,0.,1.));
#5548=IFCEXTRUDEDAREASOLID(#5542,#5546,#5547,2438.4);
#5549=IFCSHAPEREPRESENTATION(#11,'Body','SweptSolid',(#5548));
#5550=IFCPRODUCTDEFINITIONSHAPE($,$,(#5549));
#5551=IFCCARTESIANPOINT((2743.2,-431.8,-130.175));
#5552=IFCDIRECTION((0.,-1.,0.));
#5553=IFCDIRECTION((1.,0.,0.));
#5554=IFCAXIS2PLACEMENT3D(#5551,#5552,#5553);
#5555=IFCLOCALPLACEMENT(#181,#5554);
#5556=IFCBEAM('3GJ$Z$$DP76wYhw7vLGB8Q',$,'Porch Joist 02',$,$,#5572,#5567,$,.JOIST.);
#5557=IFCCARTESIANPOINT((0.,0.));
#5558=IFCAXIS2PLACEMENT2D(#5557,$);
#5559=IFCRECTANGLEPROFILEDEF(.AREA.,$,#5558,0.0381,0.18415);
#5560=IFCCARTESIANPOINT((0.,0.,0.));
#5561=IFCDIRECTION((0.,0.,1.));
#5562=IFCDIRECTION((1.,0.,0.));
#5563=IFCAXIS2PLACEMENT3D(#5560,#5561,#5562);
#5564=IFCDIRECTION((0.,0.,1.));
#5565=IFCEXTRUDEDAREASOLID(#5559,#5563,#5564,2438.4);
#5566=IFCSHAPEREPRESENTATION(#11,'Body','SweptSolid',(#5565));
#5567=IFCPRODUCTDEFINITIONSHAPE($,$,(#5566));
#5568=IFCCARTESIANPOINT((3149.6,-431.8,-130.175));
#5569=IFCDIRECTION((0.,-1.,0.));
#5570=IFCDIRECTION((1.,0.,0.));
#5571=IFCAXIS2PLACEMENT3D(#5568,#5569,#5570);
#5572=IFCLOCALPLACEMENT(#181,#5571);
#5573=IFCBEAM('2rRH9F7Vn9ohK1EVBM8emP',$,'Porch Joist 03',$,$,#5589,#5584,$,.JOIST.);
#5574=IFCCARTESIANPOINT((0.,0.));
#5575=IFCAXIS2PLACEMENT2D(#5574,$);
#5576=IFCRECTANGLEPROFILEDEF(.AREA.,$,#5575,0.0381,0.18415);
#5577=IFCCARTESIANPOINT((0.,0.,0.));
#5578=IFCDIRECTION((0.,0.,1.));
#5579=IFCDIRECTION((1.,0.,0.));
#5580=IFCAXIS2PLACEMENT3D(#5577,#5578,#5579);
#5581=IFCDIRECTION((0.,0.,1.));
#5582=IFCEXTRUDEDAREASOLID(#5576,#5580,#5581,2438.4);
#5583=IFCSHAPEREPRESENTATION(#11,'Body','SweptSolid',(#5582));
#5584=IFCPRODUCTDEFINITIONSHAPE($,$,(#5583));
#5585=IFCCARTESIANPOINT((3556.,-431.8,-130.175));
#5586=IFCDIRECTION((0.,-1.,0.));
#5587=IFCDIRECTION((1.,0.,0.));
#5588=IFCAXIS2PLACEMENT3D(#5585,#5586,#5587);
#5589=IFCLOCALPLACEMENT(#181,#5588);
#5590=IFCBEAM('2h38BZlPH4XQn6xEoLPqmh',$,'Porch Joist 04',$,$,#5606,#5601,$,.JOIST.);
#5591=IFCCARTESIANPOINT((0.,0.));
#5592=IFCAXIS2PLACEMENT2D(#5591,$);
#5593=IFCRECTANGLEPROFILEDEF(.AREA.,$,#5592,0.0381,0.18415);
#5594=IFCCARTESIANPOINT((0.,0.,0.));
#5595=IFCDIRECTION((0.,0.,1.));
#5596=IFCDIRECTION((1.,0.,0.));
#5597=IFCAXIS2PLACEMENT3D(#5594,#5595,#5596);
#5598=IFCDIRECTION((0.,0.,1.));
#5599=IFCEXTRUDEDAREASOLID(#5593,#5597,#5598,2438.4);
#5600=IFCSHAPEREPRESENTATION(#11,'Body','SweptSolid',(#5599));
#5601=IFCPRODUCTDEFINITIONSHAPE($,$,(#5600));
#5602=IFCCARTESIANPOINT((3962.4,-431.8,-130.175));
#5603=IFCDIRECTION((0.,-1.,0.));
#5604=IFCDIRECTION((1.,0.,0.));
#5605=IFCAXIS2PLACEMENT3D(#5602,#5603,#5604);
#5606=IFCLOCALPLACEMENT(#181,#5605);
#5607=IFCBEAM('18MuecgBbAYPQa1tpFxZyt',$,'Porch Joist 05',$,$,#5623,#5618,$,.JOIST.);
#5608=IFCCARTESIANPOINT((0.,0.));
#5609=IFCAXIS2PLACEMENT2D(#5608,$);
#5610=IFCRECTANGLEPROFILEDEF(.AREA.,$,#5609,0.0381,0.18415);
#5611=IFCCARTESIANPOINT((0.,0.,0.));
#5612=IFCDIRECTION((0.,0.,1.));
#5613=IFCDIRECTION((1.,0.,0.));
#5614=IFCAXIS2PLACEMENT3D(#5611,#5612,#5613);
#5615=IFCDIRECTION((0.,0.,1.));
#5616=IFCEXTRUDEDAREASOLID(#5610,#5614,#5615,2438.4);
#5617=IFCSHAPEREPRESENTATION(#11,'Body','SweptSolid',(#5616));
#5618=IFCPRODUCTDEFINITIONSHAPE($,$,(#5617));
#5619=IFCCARTESIANPOINT((4368.8,-431.8,-130.175));
#5620=IFCDIRECTION((0.,-1.,0.));
#5621=IFCDIRECTION((1.,0.,0.));
#5622=IFCAXIS2PLACEMENT3D(#5619,#5620,#5621);
#5623=IFCLOCALPLACEMENT(#181,#5622);
#5624=IFCBEAM('12gPSpsrfErQAOZilQsmw4',$,'Porch Joist 06',$,$,#5640,#5635,$,.JOIST.);
#5625=IFCCARTESIANPOINT((0.,0.));
#5626=IFCAXIS2PLACEMENT2D(#5625,$);
#5627=IFCRECTANGLEPROFILEDEF(.AREA.,$,#5626,0.0381,0.18415);
#5628=IFCCARTESIANPOINT((0.,0.,0.));
#5629=IFCDIRECTION((0.,0.,1.));
#5630=IFCDIRECTION((1.,0.,0.));
#5631=IFCAXIS2PLACEMENT3D(#5628,#5629,#5630);
#5632=IFCDIRECTION((0.,0.,1.));
#5633=IFCEXTRUDEDAREASOLID(#5627,#5631,#5632,2438.4);
#5634=IFCSHAPEREPRESENTATION(#11,'Body','SweptSolid',(#5633));
#5635=IFCPRODUCTDEFINITIONSHAPE($,$,(#5634));
#5636=IFCCARTESIANPOINT((4775.2,-431.8,-130.175));
#5637=IFCDIRECTION((0.,-1.,0.));
#5638=IFCDIRECTION((1.,0.,0.));
#5639=IFCAXIS2PLACEMENT3D(#5636,#5637,#5638);
#5640=IFCLOCALPLACEMENT(#181,#5639);
#5641=IFCBEAM('1pH6vBWmP8V9814aDxxitn',$,'Porch Joist 07',$,$,#5657,#5652,$,.JOIST.);
#5642=IFCCARTESIANPOINT((0.,0.));
#5643=IFCAXIS2PLACEMENT2D(#5642,$);
#5644=IFCRECTANGLEPROFILEDEF(.AREA.,$,#5643,0.0381,0.18415);
#5645=IFCCARTESIANPOINT((0.,0.,0.));
#5646=IFCDIRECTION((0.,0.,1.));
#5647=IFCDIRECTION((1.,0.,0.));
#5648=IFCAXIS2PLACEMENT3D(#5645,#5646,#5647);
#5649=IFCDIRECTION((0.,0.,1.));
#5650=IFCEXTRUDEDAREASOLID(#5644,#5648,#5649,2438.4);
#5651=IFCSHAPEREPRESENTATION(#11,'Body','SweptSolid',(#5650));
#5652=IFCPRODUCTDEFINITIONSHAPE($,$,(#5651));
#5653=IFCCARTESIANPOINT((5181.6,-431.8,-130.175));
#5654=IFCDIRECTION((0.,-1.,0.));
#5655=IFCDIRECTION((1.,0.,0.));
#5656=IFCAXIS2PLACEMENT3D(#5653,#5654,#5655);
#5657=IFCLOCALPLACEMENT(#181,#5656);
#5658=IFCBEAM('0kAUH08qPBRRjNxvDNHut3',$,'Porch Joist 08',$,$,#5674,#5669,$,.JOIST.);
#5659=IFCCARTESIANPOINT((0.,0.));
#5660=IFCAXIS2PLACEMENT2D(#5659,$);
#5661=IFCRECTANGLEPROFILEDEF(.AREA.,$,#5660,0.0381,0.18415);
#5662=IFCCARTESIANPOINT((0.,0.,0.));
#5663=IFCDIRECTION((0.,0.,1.));
#5664=IFCDIRECTION((1.,0.,0.));
#5665=IFCAXIS2PLACEMENT3D(#5662,#5663,#5664);
#5666=IFCDIRECTION((0.,0.,1.));
#5667=IFCEXTRUDEDAREASOLID(#5661,#5665,#5666,2438.4);
#5668=IFCSHAPEREPRESENTATION(#11,'Body','SweptSolid',(#5667));
#5669=IFCPRODUCTDEFINITIONSHAPE($,$,(#5668));
#5670=IFCCARTESIANPOINT((5588.,-431.8,-130.175));
#5671=IFCDIRECTION((0.,-1.,0.));
#5672=IFCDIRECTION((1.,0.,0.));
#5673=IFCAXIS2PLACEMENT3D(#5670,#5671,#5672);
#5674=IFCLOCALPLACEMENT(#181,#5673);
#5675=IFCBEAM('2BKiINwAT0e84skHAmsW5F',$,'Porch Joist 09',$,$,#5691,#5686,$,.JOIST.);
#5676=IFCCARTESIANPOINT((0.,0.));
#5677=IFCAXIS2PLACEMENT2D(#5676,$);
#5678=IFCRECTANGLEPROFILEDEF(.AREA.,$,#5677,0.0381,0.18415);
#5679=IFCCARTESIANPOINT((0.,0.,0.));
#5680=IFCDIRECTION((0.,0.,1.));
#5681=IFCDIRECTION((1.,0.,0.));
#5682=IFCAXIS2PLACEMENT3D(#5679,#5680,#5681);
#5683=IFCDIRECTION((0.,0.,1.));
#5684=IFCEXTRUDEDAREASOLID(#5678,#5682,#5683,2438.4);
#5685=IFCSHAPEREPRESENTATION(#11,'Body','SweptSolid',(#5684));
#5686=IFCPRODUCTDEFINITIONSHAPE($,$,(#5685));
#5687=IFCCARTESIANPOINT((5994.4,-431.8,-130.175));
#5688=IFCDIRECTION((0.,-1.,0.));
#5689=IFCDIRECTION((1.,0.,0.));
#5690=IFCAXIS2PLACEMENT3D(#5687,#5688,#5689);
#5691=IFCLOCALPLACEMENT(#181,#5690);
#5692=IFCBEAM('2kvr2t_BP6LRZEYqg5i0LY',$,'Porch Joist 10',$,$,#5708,#5703,$,.JOIST.);
#5693=IFCCARTESIANPOINT((0.,0.));
#5694=IFCAXIS2PLACEMENT2D(#5693,$);
#5695=IFCRECTANGLEPROFILEDEF(.AREA.,$,#5694,0.0381,0.18415);
#5696=IFCCARTESIANPOINT((0.,0.,0.));
#5697=IFCDIRECTION((0.,0.,1.));
#5698=IFCDIRECTION((1.,0.,0.));
#5699=IFCAXIS2PLACEMENT3D(#5696,#5697,#5698);
#5700=IFCDIRECTION((0.,0.,1.));
#5701=IFCEXTRUDEDAREASOLID(#5695,#5699,#5700,2438.4);
#5702=IFCSHAPEREPRESENTATION(#11,'Body','SweptSolid',(#5701));
#5703=IFCPRODUCTDEFINITIONSHAPE($,$,(#5702));
#5704=IFCCARTESIANPOINT((6400.8,-431.8,-130.175));
#5705=IFCDIRECTION((0.,-1.,0.));
#5706=IFCDIRECTION((1.,0.,0.));
#5707=IFCAXIS2PLACEMENT3D(#5704,#5705,#5706);
#5708=IFCLOCALPLACEMENT(#181,#5707);
#5709=IFCBEAM('1r$tDeh9HFHO_fBtdJ6CFY',$,'Porch Joist 11',$,$,#5725,#5720,$,.JOIST.);
#5710=IFCCARTESIANPOINT((0.,0.));
#5711=IFCAXIS2PLACEMENT2D(#5710,$);
#5712=IFCRECTANGLEPROFILEDEF(.AREA.,$,#5711,0.0381,0.18415);
#5713=IFCCARTESIANPOINT((0.,0.,0.));
#5714=IFCDIRECTION((0.,0.,1.));
#5715=IFCDIRECTION((1.,0.,0.));
#5716=IFCAXIS2PLACEMENT3D(#5713,#5714,#5715);
#5717=IFCDIRECTION((0.,0.,1.));
#5718=IFCEXTRUDEDAREASOLID(#5712,#5716,#5717,2438.4);
#5719=IFCSHAPEREPRESENTATION(#11,'Body','SweptSolid',(#5718));
#5720=IFCPRODUCTDEFINITIONSHAPE($,$,(#5719));
#5721=IFCCARTESIANPOINT((6807.2,-431.8,-130.175));
#5722=IFCDIRECTION((0.,-1.,0.));
#5723=IFCDIRECTION((1.,0.,0.));
#5724=IFCAXIS2PLACEMENT3D(#5721,#5722,#5723);
#5725=IFCLOCALPLACEMENT(#181,#5724);
#5726=IFCBEAM('1pjiXr6vX45AsTHfKY9Vqu',$,'Porch Joist 12',$,$,#5742,#5737,$,.JOIST.);
#5727=IFCCARTESIANPOINT((0.,0.));
#5728=IFCAXIS2PLACEMENT2D(#5727,$);
#5729=IFCRECTANGLEPROFILEDEF(.AREA.,$,#5728,0.0381,0.18415);
#5730=IFCCARTESIANPOINT((0.,0.,0.));
#5731=IFCDIRECTION((0.,0.,1.));
#5732=IFCDIRECTION((1.,0.,0.));
#5733=IFCAXIS2PLACEMENT3D(#5730,#5731,#5732);
#5734=IFCDIRECTION((0.,0.,1.));
#5735=IFCEXTRUDEDAREASOLID(#5729,#5733,#5734,2438.4);
#5736=IFCSHAPEREPRESENTATION(#11,'Body','SweptSolid',(#5735));
#5737=IFCPRODUCTDEFINITIONSHAPE($,$,(#5736));
#5738=IFCCARTESIANPOINT((7213.6,-431.8,-130.175));
#5739=IFCDIRECTION((0.,-1.,0.));
#5740=IFCDIRECTION((1.,0.,0.));
#5741=IFCAXIS2PLACEMENT3D(#5738,#5739,#5740);
#5742=IFCLOCALPLACEMENT(#181,#5741);
#5743=IFCBEAM('3ertAUQ0b4Z9KGQDtolp6T',$,'Porch Joist 13',$,$,#5759,#5754,$,.JOIST.);
#5744=IFCCARTESIANPOINT((0.,0.));
#5745=IFCAXIS2PLACEMENT2D(#5744,$);
#5746=IFCRECTANGLEPROFILEDEF(.AREA.,$,#5745,0.0381,0.18415);
#5747=IFCCARTESIANPOINT((0.,0.,0.));
#5748=IFCDIRECTION((0.,0.,1.));
#5749=IFCDIRECTION((1.,0.,0.));
#5750=IFCAXIS2PLACEMENT3D(#5747,#5748,#5749);
#5751=IFCDIRECTION((0.,0.,1.));
#5752=IFCEXTRUDEDAREASOLID(#5746,#5750,#5751,2438.4);
#5753=IFCSHAPEREPRESENTATION(#11,'Body','SweptSolid',(#5752));
#5754=IFCPRODUCTDEFINITIONSHAPE($,$,(#5753));
#5755=IFCCARTESIANPOINT((7620.,-431.8,-130.175));
#5756=IFCDIRECTION((0.,-1.,0.));
#5757=IFCDIRECTION((1.,0.,0.));
#5758=IFCAXIS2PLACEMENT3D(#5755,#5756,#5757);
#5759=IFCLOCALPLACEMENT(#181,#5758);
#5760=IFCBEAM('33wYVrPA5CBBd863zpqCZx',$,'Porch Joist 14',$,$,#5776,#5771,$,.JOIST.);
#5761=IFCCARTESIANPOINT((0.,0.));
#5762=IFCAXIS2PLACEMENT2D(#5761,$);
#5763=IFCRECTANGLEPROFILEDEF(.AREA.,$,#5762,0.0381,0.18415);
#5764=IFCCARTESIANPOINT((0.,0.,0.));
#5765=IFCDIRECTION((0.,0.,1.));
#5766=IFCDIRECTION((1.,0.,0.));
#5767=IFCAXIS2PLACEMENT3D(#5764,#5765,#5766);
#5768=IFCDIRECTION((0.,0.,1.));
#5769=IFCEXTRUDEDAREASOLID(#5763,#5767,#5768,2438.4);
#5770=IFCSHAPEREPRESENTATION(#11,'Body','SweptSolid',(#5769));
#5771=IFCPRODUCTDEFINITIONSHAPE($,$,(#5770));
#5772=IFCCARTESIANPOINT((8026.4,-431.8,-130.175));
#5773=IFCDIRECTION((0.,-1.,0.));
#5774=IFCDIRECTION((1.,0.,0.));
#5775=IFCAXIS2PLACEMENT3D(#5772,#5773,#5774);
#5776=IFCLOCALPLACEMENT(#181,#5775);
#5777=IFCBEAM('0IuEatx4r0eg1_MHorI1fi',$,'Porch Joist 15',$,$,#5793,#5788,$,.JOIST.);
#5778=IFCCARTESIANPOINT((0.,0.));
#5779=IFCAXIS2PLACEMENT2D(#5778,$);
#5780=IFCRECTANGLEPROFILEDEF(.AREA.,$,#5779,0.0381,0.18415);
#5781=IFCCARTESIANPOINT((0.,0.,0.));
#5782=IFCDIRECTION((0.,0.,1.));
#5783=IFCDIRECTION((1.,0.,0.));
#5784=IFCAXIS2PLACEMENT3D(#5781,#5782,#5783);
#5785=IFCDIRECTION((0.,0.,1.));
#5786=IFCEXTRUDEDAREASOLID(#5780,#5784,#5785,2438.4);
#5787=IFCSHAPEREPRESENTATION(#11,'Body','SweptSolid',(#5786));
#5788=IFCPRODUCTDEFINITIONSHAPE($,$,(#5787));
#5789=IFCCARTESIANPOINT((8229.6,-431.8,-130.175));
#5790=IFCDIRECTION((0.,-1.,0.));
#5791=IFCDIRECTION((1.,0.,0.));
#5792=IFCAXIS2PLACEMENT3D(#5789,#5790,#5791);
#5793=IFCLOCALPLACEMENT(#181,#5792);
#5794=IFCBEAM('1toDD8fpf8ehG0Oyi3fiZw',$,'Deck Joist 01',$,$,#5811,#5806,$,.JOIST.);
#5795=IFCRELCONTAINEDINSPATIALSTRUCTURE('2aU1bofE50afknA7R08GTc',$,$,$,(#5846,#5914,#6067,#5948,#5794,#5880,#6101,#5982,#6016,#5829,#5863,#5931,#5965,#6084,#5897,#6118,#5999,#5812,#6033),#182);
#5796=IFCCARTESIANPOINT((0.,0.));
#5797=IFCAXIS2PLACEMENT2D(#5796,$);
#5798=IFCRECTANGLEPROFILEDEF(.AREA.,$,#5797,0.0381,0.18415);
#5799=IFCCARTESIANPOINT((0.,0.,0.));
#5800=IFCDIRECTION((0.,0.,1.));
#5801=IFCDIRECTION((1.,0.,0.));
#5802=IFCAXIS2PLACEMENT3D(#5799,#5800,#5801);
#5803=IFCDIRECTION((0.,0.,1.));
#5804=IFCEXTRUDEDAREASOLID(#5798,#5802,#5803,2438.4);
#5805=IFCSHAPEREPRESENTATION(#11,'Body','SweptSolid',(#5804));
#5806=IFCPRODUCTDEFINITIONSHAPE($,$,(#5805));
#5807=IFCCARTESIANPOINT((2743.2,-431.8,-130.175));
#5808=IFCDIRECTION((0.,-1.,0.));
#5809=IFCDIRECTION((1.,0.,0.));
#5810=IFCAXIS2PLACEMENT3D(#5807,#5808,#5809);
#5811=IFCLOCALPLACEMENT(#187,#5810);
#5812=IFCBEAM('3LKY8arEv3$xIYNQQeq8Ph',$,'Deck Joist 02',$,$,#5828,#5823,$,.JOIST.);
#5813=IFCCARTESIANPOINT((0.,0.));
#5814=IFCAXIS2PLACEMENT2D(#5813,$);
#5815=IFCRECTANGLEPROFILEDEF(.AREA.,$,#5814,0.0381,0.18415);
#5816=IFCCARTESIANPOINT((0.,0.,0.));
#5817=IFCDIRECTION((0.,0.,1.));
#5818=IFCDIRECTION((1.,0.,0.));
#5819=IFCAXIS2PLACEMENT3D(#5816,#5817,#5818);
#5820=IFCDIRECTION((0.,0.,1.));
#5821=IFCEXTRUDEDAREASOLID(#5815,#5819,#5820,2438.4);
#5822=IFCSHAPEREPRESENTATION(#11,'Body','SweptSolid',(#5821));
#5823=IFCPRODUCTDEFINITIONSHAPE($,$,(#5822));
#5824=IFCCARTESIANPOINT((3149.6,-431.8,-130.175));
#5825=IFCDIRECTION((0.,-1.,0.));
#5826=IFCDIRECTION((1.,0.,0.));
#5827=IFCAXIS2PLACEMENT3D(#5824,#5825,#5826);
#5828=IFCLOCALPLACEMENT(#187,#5827);
#5829=IFCBEAM('3IMUc3WJzFgxRgvb_dTqvq',$,'Deck Joist 03',$,$,#5845,#5840,$,.JOIST.);
#5830=IFCCARTESIANPOINT((0.,0.));
#5831=IFCAXIS2PLACEMENT2D(#5830,$);
#5832=IFCRECTANGLEPROFILEDEF(.AREA.,$,#5831,0.0381,0.18415);
#5833=IFCCARTESIANPOINT((0.,0.,0.));
#5834=IFCDIRECTION((0.,0.,1.));
#5835=IFCDIRECTION((1.,0.,0.));
#5836=IFCAXIS2PLACEMENT3D(#5833,#5834,#5835);
#5837=IFCDIRECTION((0.,0.,1.));
#5838=IFCEXTRUDEDAREASOLID(#5832,#5836,#5837,2438.4);
#5839=IFCSHAPEREPRESENTATION(#11,'Body','SweptSolid',(#5838));
#5840=IFCPRODUCTDEFINITIONSHAPE($,$,(#5839));
#5841=IFCCARTESIANPOINT((3556.,-431.8,-130.175));
#5842=IFCDIRECTION((0.,-1.,0.));
#5843=IFCDIRECTION((1.,0.,0.));
#5844=IFCAXIS2PLACEMENT3D(#5841,#5842,#5843);
#5845=IFCLOCALPLACEMENT(#187,#5844);
#5846=IFCBEAM('0efkT7zfz3UAchUyFd$DBS',$,'Deck Joist 04',$,$,#5862,#5857,$,.JOIST.);
#5847=IFCCARTESIANPOINT((0.,0.));
#5848=IFCAXIS2PLACEMENT2D(#5847,$);
#5849=IFCRECTANGLEPROFILEDEF(.AREA.,$,#5848,0.0381,0.18415);
#5850=IFCCARTESIANPOINT((0.,0.,0.));
#5851=IFCDIRECTION((0.,0.,1.));
#5852=IFCDIRECTION((1.,0.,0.));
#5853=IFCAXIS2PLACEMENT3D(#5850,#5851,#5852);
#5854=IFCDIRECTION((0.,0.,1.));
#5855=IFCEXTRUDEDAREASOLID(#5849,#5853,#5854,2438.4);
#5856=IFCSHAPEREPRESENTATION(#11,'Body','SweptSolid',(#5855));
#5857=IFCPRODUCTDEFINITIONSHAPE($,$,(#5856));
#5858=IFCCARTESIANPOINT((3962.4,-431.8,-130.175));
#5859=IFCDIRECTION((0.,-1.,0.));
#5860=IFCDIRECTION((1.,0.,0.));
#5861=IFCAXIS2PLACEMENT3D(#5858,#5859,#5860);
#5862=IFCLOCALPLACEMENT(#187,#5861);
#5863=IFCBEAM('1B3gfD2$L0FheLQt1l7TBB',$,'Deck Joist 05',$,$,#5879,#5874,$,.JOIST.);
#5864=IFCCARTESIANPOINT((0.,0.));
#5865=IFCAXIS2PLACEMENT2D(#5864,$);
#5866=IFCRECTANGLEPROFILEDEF(.AREA.,$,#5865,0.0381,0.18415);
#5867=IFCCARTESIANPOINT((0.,0.,0.));
#5868=IFCDIRECTION((0.,0.,1.));
#5869=IFCDIRECTION((1.,0.,0.));
#5870=IFCAXIS2PLACEMENT3D(#5867,#5868,#5869);
#5871=IFCDIRECTION((0.,0.,1.));
#5872=IFCEXTRUDEDAREASOLID(#5866,#5870,#5871,2438.4);
#5873=IFCSHAPEREPRESENTATION(#11,'Body','SweptSolid',(#5872));
#5874=IFCPRODUCTDEFINITIONSHAPE($,$,(#5873));
#5875=IFCCARTESIANPOINT((4368.8,-431.8,-130.175));
#5876=IFCDIRECTION((0.,-1.,0.));
#5877=IFCDIRECTION((1.,0.,0.));
#5878=IFCAXIS2PLACEMENT3D(#5875,#5876,#5877);
#5879=IFCLOCALPLACEMENT(#187,#5878);
#5880=IFCBEAM('0uaFLYo597qgYEQq3r0_v8',$,'Deck Joist 06',$,$,#5896,#5891,$,.JOIST.);
#5881=IFCCARTESIANPOINT((0.,0.));
#5882=IFCAXIS2PLACEMENT2D(#5881,$);
#5883=IFCRECTANGLEPROFILEDEF(.AREA.,$,#5882,0.0381,0.18415);
#5884=IFCCARTESIANPOINT((0.,0.,0.));
#5885=IFCDIRECTION((0.,0.,1.));
#5886=IFCDIRECTION((1.,0.,0.));
#5887=IFCAXIS2PLACEMENT3D(#5884,#5885,#5886);
#5888=IFCDIRECTION((0.,0.,1.));
#5889=IFCEXTRUDEDAREASOLID(#5883,#5887,#5888,2438.4);
#5890=IFCSHAPEREPRESENTATION(#11,'Body','SweptSolid',(#5889));
#5891=IFCPRODUCTDEFINITIONSHAPE($,$,(#5890));
#5892=IFCCARTESIANPOINT((4775.2,-431.8,-130.175));
#5893=IFCDIRECTION((0.,-1.,0.));
#5894=IFCDIRECTION((1.,0.,0.));
#5895=IFCAXIS2PLACEMENT3D(#5892,#5893,#5894);
#5896=IFCLOCALPLACEMENT(#187,#5895);
#5897=IFCBEAM('0NrDfpaIz0UB514L_k1jxO',$,'Deck Joist 07',$,$,#5913,#5908,$,.JOIST.);
#5898=IFCCARTESIANPOINT((0.,0.));
#5899=IFCAXIS2PLACEMENT2D(#5898,$);
#5900=IFCRECTANGLEPROFILEDEF(.AREA.,$,#5899,0.0381,0.18415);
#5901=IFCCARTESIANPOINT((0.,0.,0.));
#5902=IFCDIRECTION((0.,0.,1.));
#5903=IFCDIRECTION((1.,0.,0.));
#5904=IFCAXIS2PLACEMENT3D(#5901,#5902,#5903);
#5905=IFCDIRECTION((0.,0.,1.));
#5906=IFCEXTRUDEDAREASOLID(#5900,#5904,#5905,2438.4);
#5907=IFCSHAPEREPRESENTATION(#11,'Body','SweptSolid',(#5906));
#5908=IFCPRODUCTDEFINITIONSHAPE($,$,(#5907));
#5909=IFCCARTESIANPOINT((5181.6,-431.8,-130.175));
#5910=IFCDIRECTION((0.,-1.,0.));
#5911=IFCDIRECTION((1.,0.,0.));
#5912=IFCAXIS2PLACEMENT3D(#5909,#5910,#5911);
#5913=IFCLOCALPLACEMENT(#187,#5912);
#5914=IFCBEAM('2eB1d$Pq5A7evJqj2sFmHG',$,'Deck Joist 08',$,$,#5930,#5925,$,.JOIST.);
#5915=IFCCARTESIANPOINT((0.,0.));
#5916=IFCAXIS2PLACEMENT2D(#5915,$);
#5917=IFCRECTANGLEPROFILEDEF(.AREA.,$,#5916,0.0381,0.18415);
#5918=IFCCARTESIANPOINT((0.,0.,0.));
#5919=IFCDIRECTION((0.,0.,1.));
#5920=IFCDIRECTION((1.,0.,0.));
#5921=IFCAXIS2PLACEMENT3D(#5918,#5919,#5920);
#5922=IFCDIRECTION((0.,0.,1.));
#5923=IFCEXTRUDEDAREASOLID(#5917,#5921,#5922,2438.4);
#5924=IFCSHAPEREPRESENTATION(#11,'Body','SweptSolid',(#5923));
#5925=IFCPRODUCTDEFINITIONSHAPE($,$,(#5924));
#5926=IFCCARTESIANPOINT((5588.,-431.8,-130.175));
#5927=IFCDIRECTION((0.,-1.,0.));
#5928=IFCDIRECTION((1.,0.,0.));
#5929=IFCAXIS2PLACEMENT3D(#5926,#5927,#5928);
#5930=IFCLOCALPLACEMENT(#187,#5929);
#5931=IFCBEAM('3s5CE$O7f86RR6SYegjzoN',$,'Deck Joist 09',$,$,#5947,#5942,$,.JOIST.);
#5932=IFCCARTESIANPOINT((0.,0.));
#5933=IFCAXIS2PLACEMENT2D(#5932,$);
#5934=IFCRECTANGLEPROFILEDEF(.AREA.,$,#5933,0.0381,0.18415);
#5935=IFCCARTESIANPOINT((0.,0.,0.));
#5936=IFCDIRECTION((0.,0.,1.));
#5937=IFCDIRECTION((1.,0.,0.));
#5938=IFCAXIS2PLACEMENT3D(#5935,#5936,#5937);
#5939=IFCDIRECTION((0.,0.,1.));
#5940=IFCEXTRUDEDAREASOLID(#5934,#5938,#5939,2438.4);
#5941=IFCSHAPEREPRESENTATION(#11,'Body','SweptSolid',(#5940));
#5942=IFCPRODUCTDEFINITIONSHAPE($,$,(#5941));
#5943=IFCCARTESIANPOINT((5994.4,-431.8,-130.175));
#5944=IFCDIRECTION((0.,-1.,0.));
#5945=IFCDIRECTION((1.,0.,0.));
#5946=IFCAXIS2PLACEMENT3D(#5943,#5944,#5945);
#5947=IFCLOCALPLACEMENT(#187,#5946);
#5948=IFCBEAM('10Jba$t0v0yPcDe9_ENfJc',$,'Deck Joist 10',$,$,#5964,#5959,$,.JOIST.);
#5949=IFCCARTESIANPOINT((0.,0.));
#5950=IFCAXIS2PLACEMENT2D(#5949,$);
#5951=IFCRECTANGLEPROFILEDEF(.AREA.,$,#5950,0.0381,0.18415);
#5952=IFCCARTESIANPOINT((0.,0.,0.));
#5953=IFCDIRECTION((0.,0.,1.));
#5954=IFCDIRECTION((1.,0.,0.));
#5955=IFCAXIS2PLACEMENT3D(#5952,#5953,#5954);
#5956=IFCDIRECTION((0.,0.,1.));
#5957=IFCEXTRUDEDAREASOLID(#5951,#5955,#5956,2438.4);
#5958=IFCSHAPEREPRESENTATION(#11,'Body','SweptSolid',(#5957));
#5959=IFCPRODUCTDEFINITIONSHAPE($,$,(#5958));
#5960=IFCCARTESIANPOINT((6400.8,-431.8,-130.175));
#5961=IFCDIRECTION((0.,-1.,0.));
#5962=IFCDIRECTION((1.,0.,0.));
#5963=IFCAXIS2PLACEMENT3D(#5960,#5961,#5962);
#5964=IFCLOCALPLACEMENT(#187,#5963);
#5965=IFCBEAM('1jkTDn1d95bR4Gpn6VyOvy',$,'Deck Joist 11',$,$,#5981,#5976,$,.JOIST.);
#5966=IFCCARTESIANPOINT((0.,0.));
#5967=IFCAXIS2PLACEMENT2D(#5966,$);
#5968=IFCRECTANGLEPROFILEDEF(.AREA.,$,#5967,0.0381,0.18415);
#5969=IFCCARTESIANPOINT((0.,0.,0.));
#5970=IFCDIRECTION((0.,0.,1.));
#5971=IFCDIRECTION((1.,0.,0.));
#5972=IFCAXIS2PLACEMENT3D(#5969,#5970,#5971);
#5973=IFCDIRECTION((0.,0.,1.));
#5974=IFCEXTRUDEDAREASOLID(#5968,#5972,#5973,2438.4);
#5975=IFCSHAPEREPRESENTATION(#11,'Body','SweptSolid',(#5974));
#5976=IFCPRODUCTDEFINITIONSHAPE($,$,(#5975));
#5977=IFCCARTESIANPOINT((6807.2,-431.8,-130.175));
#5978=IFCDIRECTION((0.,-1.,0.));
#5979=IFCDIRECTION((1.,0.,0.));
#5980=IFCAXIS2PLACEMENT3D(#5977,#5978,#5979);
#5981=IFCLOCALPLACEMENT(#187,#5980);
#5982=IFCBEAM('3EUBIbxsn7wAN225Mv5tp_',$,'Deck Joist 12',$,$,#5998,#5993,$,.JOIST.);
#5983=IFCCARTESIANPOINT((0.,0.));
#5984=IFCAXIS2PLACEMENT2D(#5983,$);
#5985=IFCRECTANGLEPROFILEDEF(.AREA.,$,#5984,0.0381,0.18415);
#5986=IFCCARTESIANPOINT((0.,0.,0.));
#5987=IFCDIRECTION((0.,0.,1.));
#5988=IFCDIRECTION((1.,0.,0.));
#5989=IFCAXIS2PLACEMENT3D(#5986,#5987,#5988);
#5990=IFCDIRECTION((0.,0.,1.));
#5991=IFCEXTRUDEDAREASOLID(#5985,#5989,#5990,2438.4);
#5992=IFCSHAPEREPRESENTATION(#11,'Body','SweptSolid',(#5991));
#5993=IFCPRODUCTDEFINITIONSHAPE($,$,(#5992));
#5994=IFCCARTESIANPOINT((7213.6,-431.8,-130.175));
#5995=IFCDIRECTION((0.,-1.,0.));
#5996=IFCDIRECTION((1.,0.,0.));
#5997=IFCAXIS2PLACEMENT3D(#5994,#5995,#5996);
#5998=IFCLOCALPLACEMENT(#187,#5997);
#5999=IFCBEAM('01krprm9zBLuvaP6nq6PLa',$,'Deck Joist 13',$,$,#6015,#6010,$,.JOIST.);
#6000=IFCCARTESIANPOINT((0.,0.));
#6001=IFCAXIS2PLACEMENT2D(#6000,$);
#6002=IFCRECTANGLEPROFILEDEF(.AREA.,$,#6001,0.0381,0.18415);
#6003=IFCCARTESIANPOINT((0.,0.,0.));
#6004=IFCDIRECTION((0.,0.,1.));
#6005=IFCDIRECTION((1.,0.,0.));
#6006=IFCAXIS2PLACEMENT3D(#6003,#6004,#6005);
#6007=IFCDIRECTION((0.,0.,1.));
#6008=IFCEXTRUDEDAREASOLID(#6002,#6006,#6007,2438.4);
#6009=IFCSHAPEREPRESENTATION(#11,'Body','SweptSolid',(#6008));
#6010=IFCPRODUCTDEFINITIONSHAPE($,$,(#6009));
#6011=IFCCARTESIANPOINT((7620.,-431.8,-130.175));
#6012=IFCDIRECTION((0.,-1.,0.));
#6013=IFCDIRECTION((1.,0.,0.));
#6014=IFCAXIS2PLACEMENT3D(#6011,#6012,#6013);
#6015=IFCLOCALPLACEMENT(#187,#6014);
#6016=IFCBEAM('1iwCRspkT5_hYkGGUqgCL_',$,'Deck Joist 14',$,$,#6032,#6027,$,.JOIST.);
#6017=IFCCARTESIANPOINT((0.,0.));
#6018=IFCAXIS2PLACEMENT2D(#6017,$);
#6019=IFCRECTANGLEPROFILEDEF(.AREA.,$,#6018,0.0381,0.18415);
#6020=IFCCARTESIANPOINT((0.,0.,0.));
#6021=IFCDIRECTION((0.,0.,1.));
#6022=IFCDIRECTION((1.,0.,0.));
#6023=IFCAXIS2PLACEMENT3D(#6020,#6021,#6022);
#6024=IFCDIRECTION((0.,0.,1.));
#6025=IFCEXTRUDEDAREASOLID(#6019,#6023,#6024,2438.4);
#6026=IFCSHAPEREPRESENTATION(#11,'Body','SweptSolid',(#6025));
#6027=IFCPRODUCTDEFINITIONSHAPE($,$,(#6026));
#6028=IFCCARTESIANPOINT((8026.4,-431.8,-130.175));
#6029=IFCDIRECTION((0.,-1.,0.));
#6030=IFCDIRECTION((1.,0.,0.));
#6031=IFCAXIS2PLACEMENT3D(#6028,#6029,#6030);
#6032=IFCLOCALPLACEMENT(#187,#6031);
#6033=IFCBEAM('2LtqYDKKD1evTZnbTwO7TX',$,'Deck Joist 15',$,$,#6049,#6044,$,.JOIST.);
#6034=IFCCARTESIANPOINT((0.,0.));
#6035=IFCAXIS2PLACEMENT2D(#6034,$);
#6036=IFCRECTANGLEPROFILEDEF(.AREA.,$,#6035,0.0381,0.18415);
#6037=IFCCARTESIANPOINT((0.,0.,0.));
#6038=IFCDIRECTION((0.,0.,1.));
#6039=IFCDIRECTION((1.,0.,0.));
#6040=IFCAXIS2PLACEMENT3D(#6037,#6038,#6039);
#6041=IFCDIRECTION((0.,0.,1.));
#6042=IFCEXTRUDEDAREASOLID(#6036,#6040,#6041,2438.4);
#6043=IFCSHAPEREPRESENTATION(#11,'Body','SweptSolid',(#6042));
#6044=IFCPRODUCTDEFINITIONSHAPE($,$,(#6043));
#6045=IFCCARTESIANPOINT((8229.6,-431.8,-130.175));
#6046=IFCDIRECTION((0.,-1.,0.));
#6047=IFCDIRECTION((1.,0.,0.));
#6048=IFCAXIS2PLACEMENT3D(#6045,#6046,#6047);
#6049=IFCLOCALPLACEMENT(#187,#6048);
#6050=IFCSLAB('096jr5V912huDbOfXMwOBA',$,'Porch Floor Deck (placeholder)',$,$,#6066,#6061,$,.FLOOR.);
#6051=IFCCARTESIANPOINTLIST2D(((0.,0.),(5486.4,0.),(5486.4,2438.4),(0.,2438.4),(0.,0.)));
#6052=IFCINDEXEDPOLYCURVE(#6051,$,$);
#6053=IFCARBITRARYCLOSEDPROFILEDEF(.AREA.,'Porch Floor Deck (placeholder)',#6052);
#6054=IFCCARTESIANPOINT((0.,0.,0.));
#6055=IFCDIRECTION((0.,0.,1.));
#6056=IFCDIRECTION((1.,0.,0.));
#6057=IFCAXIS2PLACEMENT3D(#6054,#6055,#6056);
#6058=IFCDIRECTION((0.,0.,1.));
#6059=IFCEXTRUDEDAREASOLID(#6053,#6057,#6058,38.1);
#6060=IFCSHAPEREPRESENTATION(#11,'Body','SweptSolid',(#6059));
#6061=IFCPRODUCTDEFINITIONSHAPE($,$,(#6060));
#6062=IFCCARTESIANPOINT((2743.2,-2870.2,-38.1));
#6063=IFCDIRECTION((0.,0.,1.));
#6064=IFCDIRECTION((1.,0.,0.));
#6065=IFCAXIS2PLACEMENT3D(#6062,#6063,#6064);
#6066=IFCLOCALPLACEMENT(#181,#6065);
#6067=IFCSLAB('3wqZsA6ITB6QMtr7rMy6Um',$,'Porch Roof / Deck Slab (placeholder)',$,$,#6083,#6078,$,.ROOF.);
#6068=IFCCARTESIANPOINTLIST2D(((0.,0.),(6096.,0.),(6096.,3048.),(0.,3048.),(0.,0.)));
#6069=IFCINDEXEDPOLYCURVE(#6068,$,$);
#6070=IFCARBITRARYCLOSEDPROFILEDEF(.AREA.,'Porch Roof / Deck Slab (placeholder)',#6069);
#6071=IFCCARTESIANPOINT((0.,0.,0.));
#6072=IFCDIRECTION((0.,0.,1.));
#6073=IFCDIRECTION((1.,0.,0.));
#6074=IFCAXIS2PLACEMENT3D(#6071,#6072,#6073);
#6075=IFCDIRECTION((0.,0.,1.));
#6076=IFCEXTRUDEDAREASOLID(#6070,#6074,#6075,38.1);
#6077=IFCSHAPEREPRESENTATION(#11,'Body','SweptSolid',(#6076));
#6078=IFCPRODUCTDEFINITIONSHAPE($,$,(#6077));
#6079=IFCCARTESIANPOINT((2438.4,-3175.,-38.1));
#6080=IFCDIRECTION((0.,0.,1.));
#6081=IFCDIRECTION((1.,0.,0.));
#6082=IFCAXIS2PLACEMENT3D(#6079,#6080,#6081);
#6083=IFCLOCALPLACEMENT(#187,#6082);
#6084=IFCWALL('3jsdh2b99FG9gEqFROgRuf',$,'Deck Railing South',$,$,#6099,#6100,$,$);
#6085=IFCCARTESIANPOINTLIST2D(((0.,0.),(0.,50.8),(6096.,50.8),(6096.,0.),(0.,0.)));
#6086=IFCINDEXEDPOLYCURVE(#6085,$,.F.);
#6087=IFCDIRECTION((0.,0.,1.));
#6088=IFCARBITRARYCLOSEDPROFILEDEF(.AREA.,$,#6086);
#6089=IFCCARTESIANPOINT((0.,0.,0.));
#6090=IFCDIRECTION((0.,0.,1.));
#6091=IFCDIRECTION((1.,0.,0.));
#6092=IFCAXIS2PLACEMENT3D(#6089,#6090,#6091);
#6093=IFCEXTRUDEDAREASOLID(#6088,#6092,#6087,914.4);
#6094=IFCSHAPEREPRESENTATION(#11,'Body','SweptSolid',(#6093));
#6095=IFCCARTESIANPOINT((2438.4,-3175.,0.));
#6096=IFCDIRECTION((0.,0.,1.));
#6097=IFCDIRECTION((1.,0.,0.));
#6098=IFCAXIS2PLACEMENT3D(#6095,#6096,#6097);
#6099=IFCLOCALPLACEMENT(#187,#6098);
#6100=IFCPRODUCTDEFINITIONSHAPE($,$,(#6094));
#6101=IFCWALL('3yaOfdxD1DDRg3Rkl2likG',$,'Deck Railing East',$,$,#6116,#6117,$,$);
#6102=IFCCARTESIANPOINTLIST2D(((0.,0.),(0.,50.8),(3048.,50.8),(3048.,0.),(0.,0.)));
#6103=IFCINDEXEDPOLYCURVE(#6102,$,.F.);
#6104=IFCDIRECTION((0.,0.,1.));
#6105=IFCARBITRARYCLOSEDPROFILEDEF(.AREA.,$,#6103);
#6106=IFCCARTESIANPOINT((0.,0.,0.));
#6107=IFCDIRECTION((0.,0.,1.));
#6108=IFCDIRECTION((1.,0.,0.));
#6109=IFCAXIS2PLACEMENT3D(#6106,#6107,#6108);
#6110=IFCEXTRUDEDAREASOLID(#6105,#6109,#6104,914.4);
#6111=IFCSHAPEREPRESENTATION(#11,'Body','SweptSolid',(#6110));
#6112=IFCCARTESIANPOINT((8534.4,-3175.,0.));
#6113=IFCDIRECTION((0.,0.,1.));
#6114=IFCDIRECTION((0.,1.,0.));
#6115=IFCAXIS2PLACEMENT3D(#6112,#6113,#6114);
#6116=IFCLOCALPLACEMENT(#187,#6115);
#6117=IFCPRODUCTDEFINITIONSHAPE($,$,(#6111));
#6118=IFCWALL('3RP6DJLkL26xTVrdjGlz_6',$,'Deck Railing West',$,$,#6133,#6134,$,$);
#6119=IFCCARTESIANPOINTLIST2D(((0.,0.),(0.,50.8),(3048.,50.8),(3048.,0.),(0.,0.)));
#6120=IFCINDEXEDPOLYCURVE(#6119,$,.F.);
#6121=IFCDIRECTION((0.,0.,1.));
#6122=IFCARBITRARYCLOSEDPROFILEDEF(.AREA.,$,#6120);
#6123=IFCCARTESIANPOINT((0.,0.,0.));
#6124=IFCDIRECTION((0.,0.,1.));
#6125=IFCDIRECTION((1.,0.,0.));
#6126=IFCAXIS2PLACEMENT3D(#6123,#6124,#6125);
#6127=IFCEXTRUDEDAREASOLID(#6122,#6126,#6121,914.4);
#6128=IFCSHAPEREPRESENTATION(#11,'Body','SweptSolid',(#6127));
#6129=IFCCARTESIANPOINT((2438.4,-127.,0.));
#6130=IFCDIRECTION((0.,0.,1.));
#6131=IFCDIRECTION((0.,-1.,0.));
#6132=IFCAXIS2PLACEMENT3D(#6129,#6130,#6131);
#6133=IFCLOCALPLACEMENT(#187,#6132);
#6134=IFCPRODUCTDEFINITIONSHAPE($,$,(#6128));
#6135=IFCSTYLEDITEM(#5259,(#26),$);
#6136=IFCSTYLEDITEM(#5293,(#26),$);
#6137=IFCSTYLEDITEM(#5327,(#26),$);
#6138=IFCSTYLEDITEM(#5361,(#26),$);
#6139=IFCSTYLEDITEM(#5378,(#26),$);
#6140=IFCSTYLEDITEM(#5395,(#26),$);
#6141=IFCSTYLEDITEM(#5412,(#26),$);
#6142=IFCSTYLEDITEM(#5429,(#26),$);
#6143=IFCSTYLEDITEM(#5446,(#26),$);
#6144=IFCSTYLEDITEM(#5467,(#26),$);
#6145=IFCSTYLEDITEM(#5489,(#26),$);
#6146=IFCSTYLEDITEM(#5510,(#26),$);
#6147=IFCSTYLEDITEM(#5531,(#26),$);
#6148=IFCSTYLEDITEM(#5242,(#32),$);
#6149=IFCSTYLEDITEM(#5276,(#32),$);
#6150=IFCSTYLEDITEM(#5310,(#32),$);
#6151=IFCSTYLEDITEM(#5344,(#32),$);
#6152=IFCSTYLEDITEM(#5548,(#74),$);
#6153=IFCSTYLEDITEM(#5565,(#74),$);
#6154=IFCSTYLEDITEM(#5582,(#74),$);
#6155=IFCSTYLEDITEM(#5599,(#74),$);
#6156=IFCSTYLEDITEM(#5616,(#74),$);
#6157=IFCSTYLEDITEM(#5633,(#74),$);
#6158=IFCSTYLEDITEM(#5650,(#74),$);
#6159=IFCSTYLEDITEM(#5667,(#74),$);
#6160=IFCSTYLEDITEM(#5684,(#74),$);
#6161=IFCSTYLEDITEM(#5701,(#74),$);
#6162=IFCSTYLEDITEM(#5718,(#74),$);
#6163=IFCSTYLEDITEM(#5735,(#74),$);
#6164=IFCSTYLEDITEM(#5752,(#74),$);
#6165=IFCSTYLEDITEM(#5769,(#74),$);
#6166=IFCSTYLEDITEM(#5786,(#74),$);
#6167=IFCSTYLEDITEM(#5804,(#74),$);
#6168=IFCSTYLEDITEM(#5821,(#74),$);
#6169=IFCSTYLEDITEM(#5838,(#74),$);
#6170=IFCSTYLEDITEM(#5855,(#74),$);
#6171=IFCSTYLEDITEM(#5872,(#74),$);
#6172=IFCSTYLEDITEM(#5889,(#74),$);
#6173=IFCSTYLEDITEM(#5906,(#74),$);
#6174=IFCSTYLEDITEM(#5923,(#74),$);
#6175=IFCSTYLEDITEM(#5940,(#74),$);
#6176=IFCSTYLEDITEM(#5957,(#74),$);
#6177=IFCSTYLEDITEM(#5974,(#74),$);
#6178=IFCSTYLEDITEM(#5991,(#74),$);
#6179=IFCSTYLEDITEM(#6008,(#74),$);
#6180=IFCSTYLEDITEM(#6025,(#74),$);
#6181=IFCSTYLEDITEM(#6042,(#74),$);
#6182=IFCSTYLEDITEM(#6059,(#74),$);
#6183=IFCSTYLEDITEM(#6076,(#74),$);
#6184=IFCSTYLEDITEM(#6093,(#74),$);
#6185=IFCSTYLEDITEM(#6110,(#74),$);
#6186=IFCSTYLEDITEM(#6127,(#74),$);
#6187=IFCBUILDINGELEMENTPROXY('3h0wX3pwvCV8w4EwZnzbcD',$,'Scale Figure (1.75m)',$,$,#6203,#6198,$,$);
#6188=IFCCARTESIANPOINTLIST2D(((0.,0.),(550.,0.),(550.,250.),(0.,250.),(0.,0.)));
#6189=IFCINDEXEDPOLYCURVE(#6188,$,$);
#6190=IFCARBITRARYCLOSEDPROFILEDEF(.AREA.,'Scale Figure (1.75m)',#6189);
#6191=IFCCARTESIANPOINT((0.,0.,0.));
#6192=IFCDIRECTION((0.,0.,1.));
#6193=IFCDIRECTION((1.,0.,0.));
#6194=IFCAXIS2PLACEMENT3D(#6191,#6192,#6193);
#6195=IFCDIRECTION((0.,0.,1.));
#6196=IFCEXTRUDEDAREASOLID(#6190,#6194,#6195,1750.);
#6197=IFCSHAPEREPRESENTATION(#11,'Body','SweptSolid',(#6196));
#6198=IFCPRODUCTDEFINITIONSHAPE($,$,(#6197));
#6199=IFCCARTESIANPOINT((7211.4,-4324.,0.));
#6200=IFCDIRECTION((0.,0.,1.));
#6201=IFCDIRECTION((1.,0.,0.));
#6202=IFCAXIS2PLACEMENT3D(#6199,#6200,#6201);
#6203=IFCLOCALPLACEMENT(#175,#6202);
#6204=IFCRELASSIGNSTOGROUP('0d0EGLoBn0ZOoY86EiRRcD',$,$,$,(#6187),$,#25);
#6205=IFCSTYLEDITEM(#6196,(#86),$);
#6206=IFCWALL('0AJzYtW9582gs5NZ_u3zeg',$,'Garage ICF EPS (Ext) 1',$,$,#6222,#6223,$,$);
#6207=IFCRELCONTAINEDINSPATIALSTRUCTURE('0e2mfXoo95_BDdC$wXfUgU',$,$,$,(#6429,#6297,#6515,#6605,#6497,#6759,#6279,#6741,#6587,#6411,#6479,#6261,#6849,#6831,#6569,#6393,#6461,#6206,#6723,#6813,#6243,#6551,#6375,#6703,#6683,#6355,#6225,#6443,#6533,#6663,#6315,#6335,#6643,#6795,#6777,#6623),#162);
#6208=IFCCARTESIANPOINTLIST2D(((0.,0.),(0.,63.5),(7315.2,63.5),(7315.2,0.),(0.,0.)));
#6209=IFCINDEXEDPOLYCURVE(#6208,$,.F.);
#6210=IFCDIRECTION((0.,0.,1.));
#6211=IFCARBITRARYCLOSEDPROFILEDEF(.AREA.,$,#6209);
#6212=IFCCARTESIANPOINT((0.,0.,0.));
#6213=IFCDIRECTION((0.,0.,1.));
#6214=IFCDIRECTION((1.,0.,0.));
#6215=IFCAXIS2PLACEMENT3D(#6212,#6213,#6214);
#6216=IFCEXTRUDEDAREASOLID(#6211,#6215,#6210,1625.6);
#6217=IFCSHAPEREPRESENTATION(#11,'Body','SweptSolid',(#6216));
#6218=IFCCARTESIANPOINT((7315.2,0.,-1066.8));
#6219=IFCDIRECTION((0.,0.,1.));
#6220=IFCDIRECTION((0.,1.,0.));
#6221=IFCAXIS2PLACEMENT3D(#6218,#6219,#6220);
#6222=IFCLOCALPLACEMENT(#168,#6221);
#6223=IFCPRODUCTDEFINITIONSHAPE($,$,(#6217));
#6224=IFCSTYLEDITEM(#6216,(#56),$);
#6225=IFCWALL('2FqI7sgT9F$gnSUZuFeedU',$,'Garage ICF Concrete Core 1',$,$,#6240,#6241,$,$);
#6226=IFCCARTESIANPOINTLIST2D(((0.,0.),(0.,203.2),(7315.2,203.2),(7315.2,0.),(0.,0.)));
#6227=IFCINDEXEDPOLYCURVE(#6226,$,.F.);
#6228=IFCDIRECTION((0.,0.,1.));
#6229=IFCARBITRARYCLOSEDPROFILEDEF(.AREA.,$,#6227);
#6230=IFCCARTESIANPOINT((0.,63.5,0.));
#6231=IFCDIRECTION((0.,0.,1.));
#6232=IFCDIRECTION((1.,0.,0.));
#6233=IFCAXIS2PLACEMENT3D(#6230,#6231,#6232);
#6234=IFCEXTRUDEDAREASOLID(#6229,#6233,#6228,1625.6);
#6235=IFCSHAPEREPRESENTATION(#11,'Body','SweptSolid',(#6234));
#6236=IFCCARTESIANPOINT((7315.2,0.,-1066.8));
#6237=IFCDIRECTION((0.,0.,1.));
#6238=IFCDIRECTION((0.,1.,0.));
#6239=IFCAXIS2PLACEMENT3D(#6236,#6237,#6238);
#6240=IFCLOCALPLACEMENT(#168,#6239);
#6241=IFCPRODUCTDEFINITIONSHAPE($,$,(#6235));
#6242=IFCSTYLEDITEM(#6234,(#26),$);
#6243=IFCWALL('1o3VkXOEXDPvXGF6esr9Vo',$,'Garage ICF EPS (Int) 1',$,$,#6258,#6259,$,$);
#6244=IFCCARTESIANPOINTLIST2D(((0.,0.),(0.,63.5),(7315.2,63.5),(7315.2,0.),(0.,0.)));
#6245=IFCINDEXEDPOLYCURVE(#6244,$,.F.);
#6246=IFCDIRECTION((0.,0.,1.));
#6247=IFCARBITRARYCLOSEDPROFILEDEF(.AREA.,$,#6245);
#6248=IFCCARTESIANPOINT((0.,266.7,0.));
#6249=IFCDIRECTION((0.,0.,1.));
#6250=IFCDIRECTION((1.,0.,0.));
#6251=IFCAXIS2PLACEMENT3D(#6248,#6249,#6250);
#6252=IFCEXTRUDEDAREASOLID(#6247,#6251,#6246,1625.6);
#6253=IFCSHAPEREPRESENTATION(#11,'Body','SweptSolid',(#6252));
#6254=IFCCARTESIANPOINT((7315.2,0.,-1066.8));
#6255=IFCDIRECTION((0.,0.,1.));
#6256=IFCDIRECTION((0.,1.,0.));
#6257=IFCAXIS2PLACEMENT3D(#6254,#6255,#6256);
#6258=IFCLOCALPLACEMENT(#168,#6257);
#6259=IFCPRODUCTDEFINITIONSHAPE($,$,(#6253));
#6260=IFCSTYLEDITEM(#6252,(#56),$);
#6261=IFCWALL('160twk9Cv4Ou6QqKJKbx9v',$,'Garage ICF EPS (Ext) 2',$,$,#6276,#6277,$,$);
#6262=IFCCARTESIANPOINTLIST2D(((0.,0.),(0.,63.5),(7315.2,63.5),(7315.2,0.),(0.,0.)));
#6263=IFCINDEXEDPOLYCURVE(#6262,$,.F.);
#6264=IFCDIRECTION((0.,0.,1.));
#6265=IFCARBITRARYCLOSEDPROFILEDEF(.AREA.,$,#6263);
#6266=IFCCARTESIANPOINT((0.,0.,0.));
#6267=IFCDIRECTION((0.,0.,1.));
#6268=IFCDIRECTION((1.,0.,0.));
#6269=IFCAXIS2PLACEMENT3D(#6266,#6267,#6268);
#6270=IFCEXTRUDEDAREASOLID(#6265,#6269,#6264,1625.6);
#6271=IFCSHAPEREPRESENTATION(#11,'Body','SweptSolid',(#6270));
#6272=IFCCARTESIANPOINT((7315.2,7315.2,-1066.8));
#6273=IFCDIRECTION((0.,0.,1.));
#6274=IFCDIRECTION((-1.,0.,0.));
#6275=IFCAXIS2PLACEMENT3D(#6272,#6273,#6274);
#6276=IFCLOCALPLACEMENT(#168,#6275);
#6277=IFCPRODUCTDEFINITIONSHAPE($,$,(#6271));
#6278=IFCSTYLEDITEM(#6270,(#56),$);
#6279=IFCWALL('0WzyuKeZX7LuRDfaNtzLIy',$,'Garage ICF Concrete Core 2',$,$,#6294,#6295,$,$);
#6280=IFCCARTESIANPOINTLIST2D(((0.,0.),(0.,203.2),(7315.2,203.2),(7315.2,0.),(0.,0.)));
#6281=IFCINDEXEDPOLYCURVE(#6280,$,.F.);
#6282=IFCDIRECTION((0.,0.,1.));
#6283=IFCARBITRARYCLOSEDPROFILEDEF(.AREA.,$,#6281);
#6284=IFCCARTESIANPOINT((0.,63.5,0.));
#6285=IFCDIRECTION((0.,0.,1.));
#6286=IFCDIRECTION((1.,0.,0.));
#6287=IFCAXIS2PLACEMENT3D(#6284,#6285,#6286);
#6288=IFCEXTRUDEDAREASOLID(#6283,#6287,#6282,1625.6);
#6289=IFCSHAPEREPRESENTATION(#11,'Body','SweptSolid',(#6288));
#6290=IFCCARTESIANPOINT((7315.2,7315.2,-1066.8));
#6291=IFCDIRECTION((0.,0.,1.));
#6292=IFCDIRECTION((-1.,0.,0.));
#6293=IFCAXIS2PLACEMENT3D(#6290,#6291,#6292);
#6294=IFCLOCALPLACEMENT(#168,#6293);
#6295=IFCPRODUCTDEFINITIONSHAPE($,$,(#6289));
#6296=IFCSTYLEDITEM(#6288,(#26),$);
#6297=IFCWALL('3xklcmlvzFOOolz_TmUPlR',$,'Garage ICF EPS (Int) 2',$,$,#6312,#6313,$,$);
#6298=IFCCARTESIANPOINTLIST2D(((0.,0.),(0.,63.5),(7315.2,63.5),(7315.2,0.),(0.,0.)));
#6299=IFCINDEXEDPOLYCURVE(#6298,$,.F.);
#6300=IFCDIRECTION((0.,0.,1.));
#6301=IFCARBITRARYCLOSEDPROFILEDEF(.AREA.,$,#6299);
#6302=IFCCARTESIANPOINT((0.,266.7,0.));
#6303=IFCDIRECTION((0.,0.,1.));
#6304=IFCDIRECTION((1.,0.,0.));
#6305=IFCAXIS2PLACEMENT3D(#6302,#6303,#6304);
#6306=IFCEXTRUDEDAREASOLID(#6301,#6305,#6300,1625.6);
#6307=IFCSHAPEREPRESENTATION(#11,'Body','SweptSolid',(#6306));
#6308=IFCCARTESIANPOINT((7315.2,7315.2,-1066.8));
#6309=IFCDIRECTION((0.,0.,1.));
#6310=IFCDIRECTION((-1.,0.,0.));
#6311=IFCAXIS2PLACEMENT3D(#6308,#6309,#6310);
#6312=IFCLOCALPLACEMENT(#168,#6311);
#6313=IFCPRODUCTDEFINITIONSHAPE($,$,(#6307));
#6314=IFCSTYLEDITEM(#6306,(#56),$);
#6315=IFCWALL('1hwAZoLv12mREzOS2xwR_j',$,'Garage ICF EPS (Ext) 3',$,$,#6333,#6328,$,$);
#6316=IFCCARTESIANPOINTLIST3D(((0.,1066.8),(7315.2,1066.8),(7315.2,-558.8),(0.,-558.8),(0.,1066.8)));
#6317=IFCINDEXEDPOLYCURVE(#6316,$,$);
#6318=IFCCARTESIANPOINTLIST2D(((1217.2,2.),(6098.,2.),(6098.,-2135.6),(1217.2,-2135.6),(1217.2,2.)));
#6319=IFCINDEXEDPOLYCURVE(#6318,$,$);
#6320=IFCARBITRARYPROFILEDEFWITHVOIDS(.AREA.,'Garage ICF EPS (Ext) 3',#6317,(#6319));
#6321=IFCCARTESIANPOINT((0.,0.,0.));
#6322=IFCDIRECTION((0.,0.,1.));
#6323=IFCDIRECTION((1.,0.,0.));
#6324=IFCAXIS2PLACEMENT3D(#6321,#6322,#6323);
#6325=IFCDIRECTION((0.,0.,1.));
#6326=IFCEXTRUDEDAREASOLID(#6320,#6324,#6325,63.5);
#6327=IFCSHAPEREPRESENTATION(#11,'Body','SweptSolid',(#6326));
#6328=IFCPRODUCTDEFINITIONSHAPE($,$,(#6327));
#6329=IFCCARTESIANPOINT((0.,7315.2,0.));
#6330=IFCDIRECTION((1.,0.,0.));
#6331=IFCDIRECTION((0.,-1.,0.));
#6332=IFCAXIS2PLACEMENT3D(#6329,#6330,#6331);
#6333=IFCLOCALPLACEMENT(#168,#6332);
#6334=IFCSTYLEDITEM(#6326,(#56),$);
#6335=IFCWALL('1AOwYvidH8of$3VZF1mBQr',$,'Garage ICF Concrete Core 3',$,$,#6353,#6348,$,$);
#6336=IFCCARTESIANPOINTLIST3D(((0.,1066.8),(7315.2,1066.8),(7315.2,-558.8),(0.,-558.8),(0.,1066.8)));
#6337=IFCINDEXEDPOLYCURVE(#6336,$,$);
#6338=IFCCARTESIANPOINTLIST2D(((1217.2,2.),(6098.,2.),(6098.,-2135.6),(1217.2,-2135.6),(1217.2,2.)));
#6339=IFCINDEXEDPOLYCURVE(#6338,$,$);
#6340=IFCARBITRARYPROFILEDEFWITHVOIDS(.AREA.,'Garage ICF Concrete Core 3',#6337,(#6339));
#6341=IFCCARTESIANPOINT((0.,0.,0.));
#6342=IFCDIRECTION((0.,0.,1.));
#6343=IFCDIRECTION((1.,0.,0.));
#6344=IFCAXIS2PLACEMENT3D(#6341,#6342,#6343);
#6345=IFCDIRECTION((0.,0.,1.));
#6346=IFCEXTRUDEDAREASOLID(#6340,#6344,#6345,203.2);
#6347=IFCSHAPEREPRESENTATION(#11,'Body','SweptSolid',(#6346));
#6348=IFCPRODUCTDEFINITIONSHAPE($,$,(#6347));
#6349=IFCCARTESIANPOINT((63.5,7315.2,0.));
#6350=IFCDIRECTION((1.,0.,0.));
#6351=IFCDIRECTION((0.,-1.,0.));
#6352=IFCAXIS2PLACEMENT3D(#6349,#6350,#6351);
#6353=IFCLOCALPLACEMENT(#168,#6352);
#6354=IFCSTYLEDITEM(#6346,(#26),$);
#6355=IFCWALL('3Pp8k8PyD6aAxcEhSF_DwM',$,'Garage ICF EPS (Int) 3',$,$,#6373,#6368,$,$);
#6356=IFCCARTESIANPOINTLIST3D(((0.,1066.8),(7315.2,1066.8),(7315.2,-558.8),(0.,-558.8),(0.,1066.8)));
#6357=IFCINDEXEDPOLYCURVE(#6356,$,$);
#6358=IFCCARTESIANPOINTLIST2D(((1217.2,2.),(6098.,2.),(6098.,-2135.6),(1217.2,-2135.6),(1217.2,2.)));
#6359=IFCINDEXEDPOLYCURVE(#6358,$,$);
#6360=IFCARBITRARYPROFILEDEFWITHVOIDS(.AREA.,'Garage ICF EPS (Int) 3',#6357,(#6359));
#6361=IFCCARTESIANPOINT((0.,0.,0.));
#6362=IFCDIRECTION((0.,0.,1.));
#6363=IFCDIRECTION((1.,0.,0.));
#6364=IFCAXIS2PLACEMENT3D(#6361,#6362,#6363);
#6365=IFCDIRECTION((0.,0.,1.));
#6366=IFCEXTRUDEDAREASOLID(#6360,#6364,#6365,63.5);
#6367=IFCSHAPEREPRESENTATION(#11,'Body','SweptSolid',(#6366));
#6368=IFCPRODUCTDEFINITIONSHAPE($,$,(#6367));
#6369=IFCCARTESIANPOINT((266.7,7315.2,0.));
#6370=IFCDIRECTION((1.,0.,0.));
#6371=IFCDIRECTION((0.,-1.,0.));
#6372=IFCAXIS2PLACEMENT3D(#6369,#6370,#6371);
#6373=IFCLOCALPLACEMENT(#168,#6372);
#6374=IFCSTYLEDITEM(#6366,(#56),$);
#6375=IFCWALL('0Vv0r2Non2iBA3mdXHQ$Q4',$,'Garage ICF EPS (Ext) 4',$,$,#6390,#6391,$,$);
#6376=IFCCARTESIANPOINTLIST2D(((0.,0.),(0.,63.5),(7315.2,63.5),(7315.2,0.),(0.,0.)));
#6377=IFCINDEXEDPOLYCURVE(#6376,$,.F.);
#6378=IFCDIRECTION((0.,0.,1.));
#6379=IFCARBITRARYCLOSEDPROFILEDEF(.AREA.,$,#6377);
#6380=IFCCARTESIANPOINT((0.,0.,0.));
#6381=IFCDIRECTION((0.,0.,1.));
#6382=IFCDIRECTION((1.,0.,0.));
#6383=IFCAXIS2PLACEMENT3D(#6380,#6381,#6382);
#6384=IFCEXTRUDEDAREASOLID(#6379,#6383,#6378,1625.6);
#6385=IFCSHAPEREPRESENTATION(#11,'Body','SweptSolid',(#6384));
#6386=IFCCARTESIANPOINT((0.,0.,-1066.8));
#6387=IFCDIRECTION((0.,0.,1.));
#6388=IFCDIRECTION((1.,0.,0.));
#6389=IFCAXIS2PLACEMENT3D(#6386,#6387,#6388);
#6390=IFCLOCALPLACEMENT(#168,#6389);
#6391=IFCPRODUCTDEFINITIONSHAPE($,$,(#6385));
#6392=IFCSTYLEDITEM(#6384,(#56),$);
#6393=IFCWALL('08WvSI6MPFL8s9nbDYNtsK',$,'Garage ICF Concrete Core 4',$,$,#6408,#6409,$,$);
#6394=IFCCARTESIANPOINTLIST2D(((0.,0.),(0.,203.2),(7315.2,203.2),(7315.2,0.),(0.,0.)));
#6395=IFCINDEXEDPOLYCURVE(#6394,$,.F.);
#6396=IFCDIRECTION((0.,0.,1.));
#6397=IFCARBITRARYCLOSEDPROFILEDEF(.AREA.,$,#6395);
#6398=IFCCARTESIANPOINT((0.,63.5,0.));
#6399=IFCDIRECTION((0.,0.,1.));
#6400=IFCDIRECTION((1.,0.,0.));
#6401=IFCAXIS2PLACEMENT3D(#6398,#6399,#6400);
#6402=IFCEXTRUDEDAREASOLID(#6397,#6401,#6396,1625.6);
#6403=IFCSHAPEREPRESENTATION(#11,'Body','SweptSolid',(#6402));
#6404=IFCCARTESIANPOINT((0.,0.,-1066.8));
#6405=IFCDIRECTION((0.,0.,1.));
#6406=IFCDIRECTION((1.,0.,0.));
#6407=IFCAXIS2PLACEMENT3D(#6404,#6405,#6406);
#6408=IFCLOCALPLACEMENT(#168,#6407);
#6409=IFCPRODUCTDEFINITIONSHAPE($,$,(#6403));
#6410=IFCSTYLEDITEM(#6402,(#26),$);
#6411=IFCWALL('2l8uWU0$LEax0bdbMNGyB4',$,'Garage ICF EPS (Int) 4',$,$,#6426,#6427,$,$);
#6412=IFCCARTESIANPOINTLIST2D(((0.,0.),(0.,63.5),(7315.2,63.5),(7315.2,0.),(0.,0.)));
#6413=IFCINDEXEDPOLYCURVE(#6412,$,.F.);
#6414=IFCDIRECTION((0.,0.,1.));
#6415=IFCARBITRARYCLOSEDPROFILEDEF(.AREA.,$,#6413);
#6416=IFCCARTESIANPOINT((0.,266.7,0.));
#6417=IFCDIRECTION((0.,0.,1.));
#6418=IFCDIRECTION((1.,0.,0.));
#6419=IFCAXIS2PLACEMENT3D(#6416,#6417,#6418);
#6420=IFCEXTRUDEDAREASOLID(#6415,#6419,#6414,1625.6);
#6421=IFCSHAPEREPRESENTATION(#11,'Body','SweptSolid',(#6420));
#6422=IFCCARTESIANPOINT((0.,0.,-1066.8));
#6423=IFCDIRECTION((0.,0.,1.));
#6424=IFCDIRECTION((1.,0.,0.));
#6425=IFCAXIS2PLACEMENT3D(#6422,#6423,#6424);
#6426=IFCLOCALPLACEMENT(#168,#6425);
#6427=IFCPRODUCTDEFINITIONSHAPE($,$,(#6421));
#6428=IFCSTYLEDITEM(#6420,(#56),$);
#6429=IFCSLAB('1g099eF3bCXPoNKmtC1BaQ',$,'Garage Floor Slab',$,$,#6441,#6436,$,.FLOOR.);
#6430=IFCCARTESIANPOINTLIST2D(((6985.,14960.6),(6985.,21615.4),(330.200000000001,21615.4),(330.200000000001,14960.6),(6985.,14960.6)));
#6431=IFCINDEXEDPOLYCURVE(#6430,$,$);
#6432=IFCDIRECTION((0.,0.,1.));
#6433=IFCARBITRARYCLOSEDPROFILEDEF(.AREA.,$,#6431);
#6434=IFCEXTRUDEDAREASOLID(#6433,$,#6432,88.9);
#6435=IFCSHAPEREPRESENTATION(#11,'Body','SweptSolid',(#6434));
#6436=IFCPRODUCTDEFINITIONSHAPE($,$,(#6435));
#6437=IFCCARTESIANPOINT((0.,-14630.4,0.));
#6438=IFCDIRECTION((0.,0.,1.));
#6439=IFCDIRECTION((1.,0.,0.));
#6440=IFCAXIS2PLACEMENT3D(#6437,#6438,#6439);
#6441=IFCLOCALPLACEMENT(#168,#6440);
#6442=IFCSTYLEDITEM(#6434,(#26),$);
#6443=IFCWALL('2T06qK7ev82uOC2Id24Kux',$,'Garage Zip-R Sheathing 1',$,$,#6458,#6459,$,$);
#6444=IFCCARTESIANPOINTLIST2D(((0.,0.),(0.,38.1),(7315.2,38.1),(7315.2,0.),(0.,0.)));
#6445=IFCINDEXEDPOLYCURVE(#6444,$,.F.);
#6446=IFCDIRECTION((0.,0.,1.));
#6447=IFCARBITRARYCLOSEDPROFILEDEF(.AREA.,$,#6445);
#6448=IFCCARTESIANPOINT((0.,0.,0.));
#6449=IFCDIRECTION((0.,0.,1.));
#6450=IFCDIRECTION((1.,0.,0.));
#6451=IFCAXIS2PLACEMENT3D(#6448,#6449,#6450);
#6452=IFCEXTRUDEDAREASOLID(#6447,#6451,#6446,2438.4);
#6453=IFCSHAPEREPRESENTATION(#11,'Body','SweptSolid',(#6452));
#6454=IFCCARTESIANPOINT((7315.2,0.,558.8));
#6455=IFCDIRECTION((0.,0.,1.));
#6456=IFCDIRECTION((0.,1.,0.));
#6457=IFCAXIS2PLACEMENT3D(#6454,#6455,#6456);
#6458=IFCLOCALPLACEMENT(#168,#6457);
#6459=IFCPRODUCTDEFINITIONSHAPE($,$,(#6453));
#6460=IFCSTYLEDITEM(#6452,(#44),$);
#6461=IFCWALL('2dfxAzPJP16e0i7QTsBoa7',$,'Garage Stud Wall 1',$,$,#6476,#6477,$,$);
#6462=IFCCARTESIANPOINTLIST2D(((0.,0.),(0.,139.7),(7315.2,139.7),(7315.2,0.),(0.,0.)));
#6463=IFCINDEXEDPOLYCURVE(#6462,$,.F.);
#6464=IFCDIRECTION((0.,0.,1.));
#6465=IFCARBITRARYCLOSEDPROFILEDEF(.AREA.,$,#6463);
#6466=IFCCARTESIANPOINT((0.,38.1,0.));
#6467=IFCDIRECTION((0.,0.,1.));
#6468=IFCDIRECTION((1.,0.,0.));
#6469=IFCAXIS2PLACEMENT3D(#6466,#6467,#6468);
#6470=IFCEXTRUDEDAREASOLID(#6465,#6469,#6464,2438.4);
#6471=IFCSHAPEREPRESENTATION(#11,'Body','SweptSolid',(#6470));
#6472=IFCCARTESIANPOINT((7315.2,0.,558.8));
#6473=IFCDIRECTION((0.,0.,1.));
#6474=IFCDIRECTION((0.,1.,0.));
#6475=IFCAXIS2PLACEMENT3D(#6472,#6473,#6474);
#6476=IFCLOCALPLACEMENT(#168,#6475);
#6477=IFCPRODUCTDEFINITIONSHAPE($,$,(#6471));
#6478=IFCSTYLEDITEM(#6470,(#74),$);
#6479=IFCWALL('0o02$ugE526fEtTm5Y030l',$,'Garage Interior Drywall 1',$,$,#6494,#6495,$,$);
#6480=IFCCARTESIANPOINTLIST2D(((0.,0.),(0.,15.875),(7315.2,15.875),(7315.2,0.),(0.,0.)));
#6481=IFCINDEXEDPOLYCURVE(#6480,$,.F.);
#6482=IFCDIRECTION((0.,0.,1.));
#6483=IFCARBITRARYCLOSEDPROFILEDEF(.AREA.,$,#6481);
#6484=IFCCARTESIANPOINT((0.,177.8,0.));
#6485=IFCDIRECTION((0.,0.,1.));
#6486=IFCDIRECTION((1.,0.,0.));
#6487=IFCAXIS2PLACEMENT3D(#6484,#6485,#6486);
#6488=IFCEXTRUDEDAREASOLID(#6483,#6487,#6482,2438.4);
#6489=IFCSHAPEREPRESENTATION(#11,'Body','SweptSolid',(#6488));
#6490=IFCCARTESIANPOINT((7315.2,0.,558.8));
#6491=IFCDIRECTION((0.,0.,1.));
#6492=IFCDIRECTION((0.,1.,0.));
#6493=IFCAXIS2PLACEMENT3D(#6490,#6491,#6492);
#6494=IFCLOCALPLACEMENT(#168,#6493);
#6495=IFCPRODUCTDEFINITIONSHAPE($,$,(#6489));
#6496=IFCSTYLEDITEM(#6488,(#38),$);
#6497=IFCWALL('2NK8u5gd5A2hxjZucgNm1Q',$,'Garage Rainscreen 1',$,$,#6512,#6513,$,$);
#6498=IFCCARTESIANPOINTLIST2D(((0.,0.),(0.,-9.525),(7315.2,-9.525),(7315.2,0.),(0.,0.)));
#6499=IFCINDEXEDPOLYCURVE(#6498,$,.F.);
#6500=IFCDIRECTION((0.,0.,1.));
#6501=IFCARBITRARYCLOSEDPROFILEDEF(.AREA.,$,#6499);
#6502=IFCCARTESIANPOINT((0.,-0.,0.));
#6503=IFCDIRECTION((0.,0.,1.));
#6504=IFCDIRECTION((1.,0.,0.));
#6505=IFCAXIS2PLACEMENT3D(#6502,#6503,#6504);
#6506=IFCEXTRUDEDAREASOLID(#6501,#6505,#6500,2438.4);
#6507=IFCSHAPEREPRESENTATION(#11,'Body','SweptSolid',(#6506));
#6508=IFCCARTESIANPOINT((7315.2,0.,558.8));
#6509=IFCDIRECTION((0.,0.,1.));
#6510=IFCDIRECTION((0.,1.,0.));
#6511=IFCAXIS2PLACEMENT3D(#6508,#6509,#6510);
#6512=IFCLOCALPLACEMENT(#168,#6511);
#6513=IFCPRODUCTDEFINITIONSHAPE($,$,(#6507));
#6514=IFCSTYLEDITEM(#6506,(#68),$);
#6515=IFCWALL('0dPXOAMfjBLvAEtCPNK2eB',$,'Garage Metal Siding 1',$,$,#6530,#6531,$,$);
#6516=IFCCARTESIANPOINTLIST2D(((0.,0.),(0.,-12.7),(7315.2,-12.7),(7315.2,0.),(0.,0.)));
#6517=IFCINDEXEDPOLYCURVE(#6516,$,.F.);
#6518=IFCDIRECTION((0.,0.,1.));
#6519=IFCARBITRARYCLOSEDPROFILEDEF(.AREA.,$,#6517);
#6520=IFCCARTESIANPOINT((0.,-9.525,0.));
#6521=IFCDIRECTION((0.,0.,1.));
#6522=IFCDIRECTION((1.,0.,0.));
#6523=IFCAXIS2PLACEMENT3D(#6520,#6521,#6522);
#6524=IFCEXTRUDEDAREASOLID(#6519,#6523,#6518,2438.4);
#6525=IFCSHAPEREPRESENTATION(#11,'Body','SweptSolid',(#6524));
#6526=IFCCARTESIANPOINT((7315.2,0.,558.8));
#6527=IFCDIRECTION((0.,0.,1.));
#6528=IFCDIRECTION((0.,1.,0.));
#6529=IFCAXIS2PLACEMENT3D(#6526,#6527,#6528);
#6530=IFCLOCALPLACEMENT(#168,#6529);
#6531=IFCPRODUCTDEFINITIONSHAPE($,$,(#6525));
#6532=IFCSTYLEDITEM(#6524,(#80),$);
#6533=IFCWALL('0MTaC5MBL1b8D3bchV$E6s',$,'Garage Zip-R Sheathing 2',$,$,#6548,#6549,$,$);
#6534=IFCCARTESIANPOINTLIST2D(((0.,0.),(0.,38.1),(7315.2,38.1),(7315.2,0.),(0.,0.)));
#6535=IFCINDEXEDPOLYCURVE(#6534,$,.F.);
#6536=IFCDIRECTION((0.,0.,1.));
#6537=IFCARBITRARYCLOSEDPROFILEDEF(.AREA.,$,#6535);
#6538=IFCCARTESIANPOINT((0.,0.,0.));
#6539=IFCDIRECTION((0.,0.,1.));
#6540=IFCDIRECTION((1.,0.,0.));
#6541=IFCAXIS2PLACEMENT3D(#6538,#6539,#6540);
#6542=IFCEXTRUDEDAREASOLID(#6537,#6541,#6536,2438.4);
#6543=IFCSHAPEREPRESENTATION(#11,'Body','SweptSolid',(#6542));
#6544=IFCCARTESIANPOINT((7315.2,7315.2,558.8));
#6545=IFCDIRECTION((0.,0.,1.));
#6546=IFCDIRECTION((-1.,0.,0.));
#6547=IFCAXIS2PLACEMENT3D(#6544,#6545,#6546);
#6548=IFCLOCALPLACEMENT(#168,#6547);
#6549=IFCPRODUCTDEFINITIONSHAPE($,$,(#6543));
#6550=IFCSTYLEDITEM(#6542,(#44),$);
#6551=IFCWALL('30o4U3uU1EwvXYkKAZ1H9i',$,'Garage Stud Wall 2',$,$,#6566,#6567,$,$);
#6552=IFCCARTESIANPOINTLIST2D(((0.,0.),(0.,139.7),(7315.2,139.7),(7315.2,0.),(0.,0.)));
#6553=IFCINDEXEDPOLYCURVE(#6552,$,.F.);
#6554=IFCDIRECTION((0.,0.,1.));
#6555=IFCARBITRARYCLOSEDPROFILEDEF(.AREA.,$,#6553);
#6556=IFCCARTESIANPOINT((0.,38.1,0.));
#6557=IFCDIRECTION((0.,0.,1.));
#6558=IFCDIRECTION((1.,0.,0.));
#6559=IFCAXIS2PLACEMENT3D(#6556,#6557,#6558);
#6560=IFCEXTRUDEDAREASOLID(#6555,#6559,#6554,2438.4);
#6561=IFCSHAPEREPRESENTATION(#11,'Body','SweptSolid',(#6560));
#6562=IFCCARTESIANPOINT((7315.2,7315.2,558.8));
#6563=IFCDIRECTION((0.,0.,1.));
#6564=IFCDIRECTION((-1.,0.,0.));
#6565=IFCAXIS2PLACEMENT3D(#6562,#6563,#6564);
#6566=IFCLOCALPLACEMENT(#168,#6565);
#6567=IFCPRODUCTDEFINITIONSHAPE($,$,(#6561));
#6568=IFCSTYLEDITEM(#6560,(#74),$);
#6569=IFCWALL('3672ep9XTB9OnnPgAO5ftY',$,'Garage Interior Drywall 2',$,$,#6584,#6585,$,$);
#6570=IFCCARTESIANPOINTLIST2D(((0.,0.),(0.,15.875),(7315.2,15.875),(7315.2,0.),(0.,0.)));
#6571=IFCINDEXEDPOLYCURVE(#6570,$,.F.);
#6572=IFCDIRECTION((0.,0.,1.));
#6573=IFCARBITRARYCLOSEDPROFILEDEF(.AREA.,$,#6571);
#6574=IFCCARTESIANPOINT((0.,177.8,0.));
#6575=IFCDIRECTION((0.,0.,1.));
#6576=IFCDIRECTION((1.,0.,0.));
#6577=IFCAXIS2PLACEMENT3D(#6574,#6575,#6576);
#6578=IFCEXTRUDEDAREASOLID(#6573,#6577,#6572,2438.4);
#6579=IFCSHAPEREPRESENTATION(#11,'Body','SweptSolid',(#6578));
#6580=IFCCARTESIANPOINT((7315.2,7315.2,558.8));
#6581=IFCDIRECTION((0.,0.,1.));
#6582=IFCDIRECTION((-1.,0.,0.));
#6583=IFCAXIS2PLACEMENT3D(#6580,#6581,#6582);
#6584=IFCLOCALPLACEMENT(#168,#6583);
#6585=IFCPRODUCTDEFINITIONSHAPE($,$,(#6579));
#6586=IFCSTYLEDITEM(#6578,(#38),$);
#6587=IFCWALL('2jOqTRO3rAwuyzH7MPwPE6',$,'Garage Rainscreen 2',$,$,#6602,#6603,$,$);
#6588=IFCCARTESIANPOINTLIST2D(((0.,0.),(0.,-9.525),(7315.2,-9.525),(7315.2,0.),(0.,0.)));
#6589=IFCINDEXEDPOLYCURVE(#6588,$,.F.);
#6590=IFCDIRECTION((0.,0.,1.));
#6591=IFCARBITRARYCLOSEDPROFILEDEF(.AREA.,$,#6589);
#6592=IFCCARTESIANPOINT((0.,-0.,0.));
#6593=IFCDIRECTION((0.,0.,1.));
#6594=IFCDIRECTION((1.,0.,0.));
#6595=IFCAXIS2PLACEMENT3D(#6592,#6593,#6594);
#6596=IFCEXTRUDEDAREASOLID(#6591,#6595,#6590,2438.4);
#6597=IFCSHAPEREPRESENTATION(#11,'Body','SweptSolid',(#6596));
#6598=IFCCARTESIANPOINT((7315.2,7315.2,558.8));
#6599=IFCDIRECTION((0.,0.,1.));
#6600=IFCDIRECTION((-1.,0.,0.));
#6601=IFCAXIS2PLACEMENT3D(#6598,#6599,#6600);
#6602=IFCLOCALPLACEMENT(#168,#6601);
#6603=IFCPRODUCTDEFINITIONSHAPE($,$,(#6597));
#6604=IFCSTYLEDITEM(#6596,(#68),$);
#6605=IFCWALL('0fbFnTrYL4ABvCsQtbE5k9',$,'Garage Metal Siding 2',$,$,#6620,#6621,$,$);
#6606=IFCCARTESIANPOINTLIST2D(((0.,0.),(0.,-12.7),(7315.2,-12.7),(7315.2,0.),(0.,0.)));
#6607=IFCINDEXEDPOLYCURVE(#6606,$,.F.);
#6608=IFCDIRECTION((0.,0.,1.));
#6609=IFCARBITRARYCLOSEDPROFILEDEF(.AREA.,$,#6607);
#6610=IFCCARTESIANPOINT((0.,-9.525,0.));
#6611=IFCDIRECTION((0.,0.,1.));
#6612=IFCDIRECTION((1.,0.,0.));
#6613=IFCAXIS2PLACEMENT3D(#6610,#6611,#6612);
#6614=IFCEXTRUDEDAREASOLID(#6609,#6613,#6608,2438.4);
#6615=IFCSHAPEREPRESENTATION(#11,'Body','SweptSolid',(#6614));
#6616=IFCCARTESIANPOINT((7315.2,7315.2,558.8));
#6617=IFCDIRECTION((0.,0.,1.));
#6618=IFCDIRECTION((-1.,0.,0.));
#6619=IFCAXIS2PLACEMENT3D(#6616,#6617,#6618);
#6620=IFCLOCALPLACEMENT(#168,#6619);
#6621=IFCPRODUCTDEFINITIONSHAPE($,$,(#6615));
#6622=IFCSTYLEDITEM(#6614,(#80),$);
#6623=IFCWALL('2JbxJ_GOjB6u2BYhngkSqO',$,'Garage Zip-R Sheathing 3',$,$,#6641,#6636,$,$);
#6624=IFCCARTESIANPOINTLIST3D(((0.,-558.8),(7315.2,-558.8),(7315.2,-2997.2),(0.,-2997.2),(0.,-558.8)));
#6625=IFCINDEXEDPOLYCURVE(#6624,$,$);
#6626=IFCCARTESIANPOINTLIST2D(((1217.2,2.),(6098.,2.),(6098.,-2135.6),(1217.2,-2135.6),(1217.2,2.)));
#6627=IFCINDEXEDPOLYCURVE(#6626,$,$);
#6628=IFCARBITRARYPROFILEDEFWITHVOIDS(.AREA.,'Garage Zip-R Sheathing 3',#6625,(#6627));
#6629=IFCCARTESIANPOINT((0.,0.,0.));
#6630=IFCDIRECTION((0.,0.,1.));
#6631=IFCDIRECTION((1.,0.,0.));
#6632=IFCAXIS2PLACEMENT3D(#6629,#6630,#6631);
#6633=IFCDIRECTION((0.,0.,1.));
#6634=IFCEXTRUDEDAREASOLID(#6628,#6632,#6633,38.1);
#6635=IFCSHAPEREPRESENTATION(#11,'Body','SweptSolid',(#6634));
#6636=IFCPRODUCTDEFINITIONSHAPE($,$,(#6635));
#6637=IFCCARTESIANPOINT((0.,7315.2,0.));
#6638=IFCDIRECTION((1.,0.,0.));
#6639=IFCDIRECTION((0.,-1.,0.));
#6640=IFCAXIS2PLACEMENT3D(#6637,#6638,#6639);
#6641=IFCLOCALPLACEMENT(#168,#6640);
#6642=IFCSTYLEDITEM(#6634,(#44),$);
#6643=IFCWALL('0mgljZcvzEJvyysHK_rhxw',$,'Garage Stud Wall 3',$,$,#6661,#6656,$,$);
#6644=IFCCARTESIANPOINTLIST3D(((0.,-558.8),(7315.2,-558.8),(7315.2,-2997.2),(0.,-2997.2),(0.,-558.8)));
#6645=IFCINDEXEDPOLYCURVE(#6644,$,$);
#6646=IFCCARTESIANPOINTLIST2D(((1217.2,2.),(6098.,2.),(6098.,-2135.6),(1217.2,-2135.6),(1217.2,2.)));
#6647=IFCINDEXEDPOLYCURVE(#6646,$,$);
#6648=IFCARBITRARYPROFILEDEFWITHVOIDS(.AREA.,'Garage Stud Wall 3',#6645,(#6647));
#6649=IFCCARTESIANPOINT((0.,0.,0.));
#6650=IFCDIRECTION((0.,0.,1.));
#6651=IFCDIRECTION((1.,0.,0.));
#6652=IFCAXIS2PLACEMENT3D(#6649,#6650,#6651);
#6653=IFCDIRECTION((0.,0.,1.));
#6654=IFCEXTRUDEDAREASOLID(#6648,#6652,#6653,139.7);
#6655=IFCSHAPEREPRESENTATION(#11,'Body','SweptSolid',(#6654));
#6656=IFCPRODUCTDEFINITIONSHAPE($,$,(#6655));
#6657=IFCCARTESIANPOINT((38.1,7315.2,0.));
#6658=IFCDIRECTION((1.,0.,0.));
#6659=IFCDIRECTION((0.,-1.,0.));
#6660=IFCAXIS2PLACEMENT3D(#6657,#6658,#6659);
#6661=IFCLOCALPLACEMENT(#168,#6660);
#6662=IFCSTYLEDITEM(#6654,(#74),$);
#6663=IFCWALL('0LyYixo4bASvtzjD8dRdXN',$,'Garage Interior Drywall 3',$,$,#6681,#6676,$,$);
#6664=IFCCARTESIANPOINTLIST3D(((0.,-558.8),(7315.2,-558.8),(7315.2,-2997.2),(0.,-2997.2),(0.,-558.8)));
#6665=IFCINDEXEDPOLYCURVE(#6664,$,$);
#6666=IFCCARTESIANPOINTLIST2D(((1217.2,2.),(6098.,2.),(6098.,-2135.6),(1217.2,-2135.6),(1217.2,2.)));
#6667=IFCINDEXEDPOLYCURVE(#6666,$,$);
#6668=IFCARBITRARYPROFILEDEFWITHVOIDS(.AREA.,'Garage Interior Drywall 3',#6665,(#6667));
#6669=IFCCARTESIANPOINT((0.,0.,0.));
#6670=IFCDIRECTION((0.,0.,1.));
#6671=IFCDIRECTION((1.,0.,0.));
#6672=IFCAXIS2PLACEMENT3D(#6669,#6670,#6671);
#6673=IFCDIRECTION((0.,0.,1.));
#6674=IFCEXTRUDEDAREASOLID(#6668,#6672,#6673,15.875);
#6675=IFCSHAPEREPRESENTATION(#11,'Body','SweptSolid',(#6674));
#6676=IFCPRODUCTDEFINITIONSHAPE($,$,(#6675));
#6677=IFCCARTESIANPOINT((177.8,7315.2,0.));
#6678=IFCDIRECTION((1.,0.,0.));
#6679=IFCDIRECTION((0.,-1.,0.));
#6680=IFCAXIS2PLACEMENT3D(#6677,#6678,#6679);
#6681=IFCLOCALPLACEMENT(#168,#6680);
#6682=IFCSTYLEDITEM(#6674,(#38),$);
#6683=IFCWALL('2cUjSRAA1CKAwus3CsSdKD',$,'Garage Rainscreen 3',$,$,#6701,#6696,$,$);
#6684=IFCCARTESIANPOINTLIST3D(((0.,-558.8),(7315.2,-558.8),(7315.2,-2997.2),(0.,-2997.2),(0.,-558.8)));
#6685=IFCINDEXEDPOLYCURVE(#6684,$,$);
#6686=IFCCARTESIANPOINTLIST2D(((1217.2,2.),(6098.,2.),(6098.,-2135.6),(1217.2,-2135.6),(1217.2,2.)));
#6687=IFCINDEXEDPOLYCURVE(#6686,$,$);
#6688=IFCARBITRARYPROFILEDEFWITHVOIDS(.AREA.,'Garage Rainscreen 3',#6685,(#6687));
#6689=IFCCARTESIANPOINT((0.,0.,0.));
#6690=IFCDIRECTION((0.,0.,1.));
#6691=IFCDIRECTION((1.,0.,0.));
#6692=IFCAXIS2PLACEMENT3D(#6689,#6690,#6691);
#6693=IFCDIRECTION((0.,0.,1.));
#6694=IFCEXTRUDEDAREASOLID(#6688,#6692,#6693,9.525);
#6695=IFCSHAPEREPRESENTATION(#11,'Body','SweptSolid',(#6694));
#6696=IFCPRODUCTDEFINITIONSHAPE($,$,(#6695));
#6697=IFCCARTESIANPOINT((-9.525,7315.2,0.));
#6698=IFCDIRECTION((1.,0.,0.));
#6699=IFCDIRECTION((0.,-1.,0.));
#6700=IFCAXIS2PLACEMENT3D(#6697,#6698,#6699);
#6701=IFCLOCALPLACEMENT(#168,#6700);
#6702=IFCSTYLEDITEM(#6694,(#68),$);
#6703=IFCWALL('0VrgCD4_n6quwmQJqXHeB9',$,'Garage Metal Siding 3',$,$,#6721,#6716,$,$);
#6704=IFCCARTESIANPOINTLIST3D(((0.,-558.8),(7315.2,-558.8),(7315.2,-2997.2),(0.,-2997.2),(0.,-558.8)));
#6705=IFCINDEXEDPOLYCURVE(#6704,$,$);
#6706=IFCCARTESIANPOINTLIST2D(((1217.2,2.),(6098.,2.),(6098.,-2135.6),(1217.2,-2135.6),(1217.2,2.)));
#6707=IFCINDEXEDPOLYCURVE(#6706,$,$);
#6708=IFCARBITRARYPROFILEDEFWITHVOIDS(.AREA.,'Garage Metal Siding 3',#6705,(#6707));
#6709=IFCCARTESIANPOINT((0.,0.,0.));
#6710=IFCDIRECTION((0.,0.,1.));
#6711=IFCDIRECTION((1.,0.,0.));
#6712=IFCAXIS2PLACEMENT3D(#6709,#6710,#6711);
#6713=IFCDIRECTION((0.,0.,1.));
#6714=IFCEXTRUDEDAREASOLID(#6708,#6712,#6713,12.7);
#6715=IFCSHAPEREPRESENTATION(#11,'Body','SweptSolid',(#6714));
#6716=IFCPRODUCTDEFINITIONSHAPE($,$,(#6715));
#6717=IFCCARTESIANPOINT((-22.225,7315.2,0.));
#6718=IFCDIRECTION((1.,0.,0.));
#6719=IFCDIRECTION((0.,-1.,0.));
#6720=IFCAXIS2PLACEMENT3D(#6717,#6718,#6719);
#6721=IFCLOCALPLACEMENT(#168,#6720);
#6722=IFCSTYLEDITEM(#6714,(#80),$);
#6723=IFCDOOR('1A3KBMqMj6EOjJfeFgyDxs',$,'Garage Door',$,$,#6739,#6734,$,$,$,.DOOR.,$,$);
#6724=IFCCARTESIANPOINTLIST2D(((1219.2,-0.),(6096.,-0.),(6096.,-2133.6),(1219.2,-2133.6),(1219.2,-0.)));
#6725=IFCINDEXEDPOLYCURVE(#6724,$,$);
#6726=IFCARBITRARYCLOSEDPROFILEDEF(.AREA.,'Garage Door',#6725);
#6727=IFCCARTESIANPOINT((0.,0.,0.));
#6728=IFCDIRECTION((0.,0.,1.));
#6729=IFCDIRECTION((1.,0.,0.));
#6730=IFCAXIS2PLACEMENT3D(#6727,#6728,#6729);
#6731=IFCDIRECTION((0.,0.,1.));
#6732=IFCEXTRUDEDAREASOLID(#6726,#6730,#6731,50.8);
#6733=IFCSHAPEREPRESENTATION(#11,'Body','SweptSolid',(#6732));
#6734=IFCPRODUCTDEFINITIONSHAPE($,$,(#6733));
#6735=IFCCARTESIANPOINT((82.55,7315.2,0.));
#6736=IFCDIRECTION((1.,0.,0.));
#6737=IFCDIRECTION((0.,-1.,0.));
#6738=IFCAXIS2PLACEMENT3D(#6735,#6736,#6737);
#6739=IFCLOCALPLACEMENT(#168,#6738);
#6740=IFCSTYLEDITEM(#6732,(#100),$);
#6741=IFCBUILDINGELEMENTPROXY('00IS21NZHEUQWkYhZ4QxA9',$,'Garage Door Opening Fill',$,$,#6757,#6752,$,$);
#6742=IFCCARTESIANPOINTLIST2D(((1217.2,2.),(6098.,2.),(6098.,-2135.6),(1217.2,-2135.6),(1217.2,2.)));
#6743=IFCINDEXEDPOLYCURVE(#6742,$,$);
#6744=IFCARBITRARYCLOSEDPROFILEDEF(.AREA.,'Garage Door Opening Fill',#6743);
#6745=IFCCARTESIANPOINT((0.,0.,0.));
#6746=IFCDIRECTION((0.,0.,1.));
#6747=IFCDIRECTION((1.,0.,0.));
#6748=IFCAXIS2PLACEMENT3D(#6745,#6746,#6747);
#6749=IFCDIRECTION((0.,0.,1.));
#6750=IFCEXTRUDEDAREASOLID(#6744,#6748,#6749,568.325);
#6751=IFCSHAPEREPRESENTATION(#11,'Body','SweptSolid',(#6750));
#6752=IFCPRODUCTDEFINITIONSHAPE($,$,(#6751));
#6753=IFCCARTESIANPOINT((-22.225,7315.2,0.));
#6754=IFCDIRECTION((1.,0.,0.));
#6755=IFCDIRECTION((0.,-1.,0.));
#6756=IFCAXIS2PLACEMENT3D(#6753,#6754,#6755);
#6757=IFCLOCALPLACEMENT(#168,#6756);
#6758=IFCSTYLEDITEM(#6750,(#106),$);
#6759=IFCWALL('04FW8hS0b6VeyWD$ebnoQz',$,'Garage Zip-R Sheathing 4',$,$,#6774,#6775,$,$);
#6760=IFCCARTESIANPOINTLIST2D(((0.,0.),(0.,38.1),(7315.2,38.1),(7315.2,0.),(0.,0.)));
#6761=IFCINDEXEDPOLYCURVE(#6760,$,.F.);
#6762=IFCDIRECTION((0.,0.,1.));
#6763=IFCARBITRARYCLOSEDPROFILEDEF(.AREA.,$,#6761);
#6764=IFCCARTESIANPOINT((0.,0.,0.));
#6765=IFCDIRECTION((0.,0.,1.));
#6766=IFCDIRECTION((1.,0.,0.));
#6767=IFCAXIS2PLACEMENT3D(#6764,#6765,#6766);
#6768=IFCEXTRUDEDAREASOLID(#6763,#6767,#6762,2438.4);
#6769=IFCSHAPEREPRESENTATION(#11,'Body','SweptSolid',(#6768));
#6770=IFCCARTESIANPOINT((0.,0.,558.8));
#6771=IFCDIRECTION((0.,0.,1.));
#6772=IFCDIRECTION((1.,0.,0.));
#6773=IFCAXIS2PLACEMENT3D(#6770,#6771,#6772);
#6774=IFCLOCALPLACEMENT(#168,#6773);
#6775=IFCPRODUCTDEFINITIONSHAPE($,$,(#6769));
#6776=IFCSTYLEDITEM(#6768,(#44),$);
#6777=IFCWALL('3R4smmyIPFmvS9fc4L5Hxk',$,'Garage Stud Wall 4',$,$,#6792,#6793,$,$);
#6778=IFCCARTESIANPOINTLIST2D(((0.,0.),(0.,139.7),(7315.2,139.7),(7315.2,0.),(0.,0.)));
#6779=IFCINDEXEDPOLYCURVE(#6778,$,.F.);
#6780=IFCDIRECTION((0.,0.,1.));
#6781=IFCARBITRARYCLOSEDPROFILEDEF(.AREA.,$,#6779);
#6782=IFCCARTESIANPOINT((0.,38.1,0.));
#6783=IFCDIRECTION((0.,0.,1.));
#6784=IFCDIRECTION((1.,0.,0.));
#6785=IFCAXIS2PLACEMENT3D(#6782,#6783,#6784);
#6786=IFCEXTRUDEDAREASOLID(#6781,#6785,#6780,2438.4);
#6787=IFCSHAPEREPRESENTATION(#11,'Body','SweptSolid',(#6786));
#6788=IFCCARTESIANPOINT((0.,0.,558.8));
#6789=IFCDIRECTION((0.,0.,1.));
#6790=IFCDIRECTION((1.,0.,0.));
#6791=IFCAXIS2PLACEMENT3D(#6788,#6789,#6790);
#6792=IFCLOCALPLACEMENT(#168,#6791);
#6793=IFCPRODUCTDEFINITIONSHAPE($,$,(#6787));
#6794=IFCSTYLEDITEM(#6786,(#74),$);
#6795=IFCWALL('3LxyyCxprArebowGCQixSz',$,'Garage Interior Drywall 4',$,$,#6810,#6811,$,$);
#6796=IFCCARTESIANPOINTLIST2D(((0.,0.),(0.,15.875),(7315.2,15.875),(7315.2,0.),(0.,0.)));
#6797=IFCINDEXEDPOLYCURVE(#6796,$,.F.);
#6798=IFCDIRECTION((0.,0.,1.));
#6799=IFCARBITRARYCLOSEDPROFILEDEF(.AREA.,$,#6797);
#6800=IFCCARTESIANPOINT((0.,177.8,0.));
#6801=IFCDIRECTION((0.,0.,1.));
#6802=IFCDIRECTION((1.,0.,0.));
#6803=IFCAXIS2PLACEMENT3D(#6800,#6801,#6802);
#6804=IFCEXTRUDEDAREASOLID(#6799,#6803,#6798,2438.4);
#6805=IFCSHAPEREPRESENTATION(#11,'Body','SweptSolid',(#6804));
#6806=IFCCARTESIANPOINT((0.,0.,558.8));
#6807=IFCDIRECTION((0.,0.,1.));
#6808=IFCDIRECTION((1.,0.,0.));
#6809=IFCAXIS2PLACEMENT3D(#6806,#6807,#6808);
#6810=IFCLOCALPLACEMENT(#168,#6809);
#6811=IFCPRODUCTDEFINITIONSHAPE($,$,(#6805));
#6812=IFCSTYLEDITEM(#6804,(#38),$);
#6813=IFCWALL('3MYrktiX1FW9o2nGke_Gwr',$,'Garage Rainscreen 4',$,$,#6828,#6829,$,$);
#6814=IFCCARTESIANPOINTLIST2D(((0.,0.),(0.,-9.525),(7315.2,-9.525),(7315.2,0.),(0.,0.)));
#6815=IFCINDEXEDPOLYCURVE(#6814,$,.F.);
#6816=IFCDIRECTION((0.,0.,1.));
#6817=IFCARBITRARYCLOSEDPROFILEDEF(.AREA.,$,#6815);
#6818=IFCCARTESIANPOINT((0.,-0.,0.));
#6819=IFCDIRECTION((0.,0.,1.));
#6820=IFCDIRECTION((1.,0.,0.));
#6821=IFCAXIS2PLACEMENT3D(#6818,#6819,#6820);
#6822=IFCEXTRUDEDAREASOLID(#6817,#6821,#6816,2438.4);
#6823=IFCSHAPEREPRESENTATION(#11,'Body','SweptSolid',(#6822));
#6824=IFCCARTESIANPOINT((0.,0.,558.8));
#6825=IFCDIRECTION((0.,0.,1.));
#6826=IFCDIRECTION((1.,0.,0.));
#6827=IFCAXIS2PLACEMENT3D(#6824,#6825,#6826);
#6828=IFCLOCALPLACEMENT(#168,#6827);
#6829=IFCPRODUCTDEFINITIONSHAPE($,$,(#6823));
#6830=IFCSTYLEDITEM(#6822,(#68),$);
#6831=IFCWALL('2WrN6P4OrFjxMXstuJBd8W',$,'Garage Metal Siding 4',$,$,#6846,#6847,$,$);
#6832=IFCCARTESIANPOINTLIST2D(((0.,0.),(0.,-12.7),(7315.2,-12.7),(7315.2,0.),(0.,0.)));
#6833=IFCINDEXEDPOLYCURVE(#6832,$,.F.);
#6834=IFCDIRECTION((0.,0.,1.));
#6835=IFCARBITRARYCLOSEDPROFILEDEF(.AREA.,$,#6833);
#6836=IFCCARTESIANPOINT((0.,-9.525,0.));
#6837=IFCDIRECTION((0.,0.,1.));
#6838=IFCDIRECTION((1.,0.,0.));
#6839=IFCAXIS2PLACEMENT3D(#6836,#6837,#6838);
#6840=IFCEXTRUDEDAREASOLID(#6835,#6839,#6834,2438.4);
#6841=IFCSHAPEREPRESENTATION(#11,'Body','SweptSolid',(#6840));
#6842=IFCCARTESIANPOINT((0.,0.,558.8));
#6843=IFCDIRECTION((0.,0.,1.));
#6844=IFCDIRECTION((1.,0.,0.));
#6845=IFCAXIS2PLACEMENT3D(#6842,#6843,#6844);
#6846=IFCLOCALPLACEMENT(#168,#6845);
#6847=IFCPRODUCTDEFINITIONSHAPE($,$,(#6841));
#6848=IFCSTYLEDITEM(#6840,(#80),$);
#6849=IFCROOF('0lifx7kffFVPaiHZsRJ3TS',$,'Garage Roof (placeholder prism)',$,$,#6865,#6860,$,.GABLE_ROOF.);
#6850=IFCCARTESIANPOINTLIST2D(((-406.4,0.),(3657.6,1354.66666666667),(7721.6,0.),(-406.4,0.)));
#6851=IFCINDEXEDPOLYCURVE(#6850,$,$);
#6852=IFCARBITRARYCLOSEDPROFILEDEF(.AREA.,'Garage Roof (placeholder prism)',#6851);
#6853=IFCCARTESIANPOINT((0.,0.,0.));
#6854=IFCDIRECTION((0.,0.,1.));
#6855=IFCDIRECTION((1.,0.,0.));
#6856=IFCAXIS2PLACEMENT3D(#6853,#6854,#6855);
#6857=IFCDIRECTION((0.,0.,1.));
#6858=IFCEXTRUDEDAREASOLID(#6852,#6856,#6857,8128.);
#6859=IFCSHAPEREPRESENTATION(#11,'Body','SweptSolid',(#6858));
#6860=IFCPRODUCTDEFINITIONSHAPE($,$,(#6859));
#6861=IFCCARTESIANPOINT((-406.4,0.,2861.73333333333));
#6862=IFCDIRECTION((1.,0.,0.));
#6863=IFCDIRECTION((0.,1.,0.));
#6864=IFCAXIS2PLACEMENT3D(#6861,#6862,#6863);
#6865=IFCLOCALPLACEMENT(#168,#6864);
#6866=IFCPROPERTYSET('1Lbmbv$yX1BRSzGqc1k5ha',$,'Pset_ifcPlot_DetailParams',$,(#6868));
#6867=IFCRELDEFINESBYPROPERTIES('2xBduUot1B5OAu2VA$GAFQ',$,$,$,(#6849),#6866);
#6868=IFCPROPERTYSINGLEVALUE('ParamsJSON',$,IFCLABEL('{"foundation": {"footing_thick_in": 6.0, "footing_width_in": 12.0, "frost_depth_in": 42.0}, "framing": {"raised_heel_in": 6.0, "sill_gasket_in": 0.25, "sill_plate_in": 1.5, "top_plate_in": 1.5, "truss_member_in": 3.5}, "icf": {"above_grade_in": 22.0, "coating_in": 0.5, "core_in": 8.0, "eps_in": 2.5, "frost_depth_in": 42.0, "total_in": 13.0}, "roof": {"overhang_in": 16.0, "pitch_rise_over_run": 0.3333333333333333}, "slab": {"gravel_in": 4.0, "thickness_in": 3.5, "vapor_poly_in": 0.05, "xps_in": 2.0}, "wall": {"cladding_in": 0.5, "drywall_in": 0.625, "eps_in": 0.0, "furring_in": 0.375, "membrane_in": 0.0, "metal_siding_in": 0.5, "polyiso_in": 0.0, "rainscreen_in": 0.375, "sheathing_in": 1.5, "stud_depth_in": 5.5, "wood_wall_height_ft": 8.0, "zip_r_in": 1.5}}'),$);
ENDSEC;
END-ISO-10303-21;
